MachineCode; ColorMixingTime    ; BatchNumber      ; BucketQuantity; BucketNo; BasePaintCode; BasePaintName; ProductCode                    ; ProductName                    ; ColorCardCode                   ; ColorCardName; SeriesCode             ; SeriesName             ; CustomerName; Address; City    ; PhoneNo; Email; Zipcode; RGB     ; BasePaintUsedAmount; FillingVolume; UnitName; OriginalType; PaintType       ; FormulaDiscount; FormulaCreateDate  ; Remark                                               ; Barcode; Result; ResultMessage                                                                                                     ; Band; ColorantsCode1; ColorantsName1; RGB1    ; UsedAmount1; FinalUsedAmount1; ColorantsCode2; ColorantsName2; RGB2    ; UsedAmount2; FinalUsedAmount2; ColorantsCode3; ColorantsName3; RGB3    ; UsedAmount3; FinalUsedAmount3; ColorantsCode4; ColorantsName4; RGB4    ; UsedAmount4; FinalUsedAmount4; ColorantsCode5; ColorantsName5; RGB5; UsedAmount5; FinalUsedAmount5; ColorantsCode6; ColorantsName6; RGB6; UsedAmount6; FinalUsedAmount6; ColorantsCode7; ColorantsName7; RGB7; UsedAmount7; FinalUsedAmount7; ShopNumber; ShopName; ShopPhone; ShopContact; ShopPerson; ShopPersonMobile; ShopMachine
A3-HS      ; 05/04/2026 10:54:12; 20260504105412105;              1;        1; A            ; A            ; Verginia PREMIUM Fosco         ; Verginia PREMIUM Fosco         ; ANDIROBA-SUV                    ; C373         ; SUVINIL                ; SUVINIL                ;             ;        ;         ;        ;      ;        ; 11845320;            16000   ;       16     ; L       ;            1; DefaultPaintType;               0; 08/25/2025 00:00:00;                                                      ;        ; -1    ; Abort : Abort Job                                                                                                 ;     ; JO            ; JO            ;    39372;      65.785;            0    ; RH            ; RH            ;     9366;      18.677;            0    ; NO            ; NO            ;        0;      81.219;            0    ;               ;               ;         ;            ;                 ;               ;               ;     ;            ;                 ;               ;               ;     ;            ;                 ;               ;               ;     ;            ;                 ;           ;         ;          ;            ;           ;                 ; 2507070A3HS008
A3-HS      ; 05/04/2026 10:21:57; 20260504102157085;              1;        1; A            ; A            ; Verginia PREMIUM Fosco         ; Verginia PREMIUM Fosco         ; CROMIO-SUV                      ; B161         ; SUVINIL                ; SUVINIL                ;             ;        ;         ;        ;      ;        ; 13226194;            16000   ;       16     ; L       ;            1; DefaultPaintType;               0; 08/25/2025 00:00:00;                                                      ;        ; 0     ;                                                                                                                   ;     ; JO            ; JO            ;    39372;      29.854;           29.854; RH            ; RH            ;     9366;       2.083;            2.083; NO            ; NO            ;        0;      49.641;           49.641;               ;               ;         ;            ;                 ;               ;               ;     ;            ;                 ;               ;               ;     ;            ;                 ;               ;               ;     ;            ;                 ;           ;         ;          ;            ;           ;                 ; 2507070A3HS008
A3-HS      ; 05/04/2026 10:13:58; 20260504101358204;              1;        1; B            ; B            ; Verginia PREMIUM Fosco         ; Verginia PREMIUM Fosco         ; COLEIRINHO-SUV                  ; D388         ; SUVINIL                ; SUVINIL                ;             ;        ;         ;        ;      ;        ;  8620679;            16000   ;       16     ; L       ;            1; DefaultPaintType;               0; 08/25/2025 00:00:00;                                                      ;        ; 0     ;                                                                                                                   ;     ; BA            ; BA            ; 16777215;     420.032;          420.032; JO            ; JO            ;    39372;     217.326;          217.326; NO            ; NO            ;        0;     562.26 ;          562.26 ; VR            ; VR            ;    26112;       9.354;            9.354;               ;               ;     ;            ;                 ;               ;               ;     ;            ;                 ;               ;               ;     ;            ;                 ;           ;         ;          ;            ;           ;                 ; 2507070A3HS008
A3-HS      ; 05/04/2026 08:36:16; 20260504083616021;              1;        1; A            ; A            ; Verginia PREMIUM Fosco         ; Verginia PREMIUM Fosco         ; CADEIRA DE BAMBU-SUV            ; S100         ; SUVINIL                ; SUVINIL                ;             ;        ;         ;        ;      ;        ;  8890043;            16000   ;       16     ; L       ;            1; DefaultPaintType;               0; 08/25/2025 00:00:00;                                                      ;        ; 0     ;                                                                                                                   ;     ; JO            ; JO            ;    39372;     614.864;          614.864; RH            ; RH            ;     9366;      26.573;           26.573; NO            ; NO            ;        0;     166.162;          166.162;               ;               ;         ;            ;                 ;               ;               ;     ;            ;                 ;               ;               ;     ;            ;                 ;               ;               ;     ;            ;                 ;           ;         ;          ;            ;           ;                 ; 2507070A3HS008
A3-HS      ; 05/04/2026 08:28:34; 20260504082834013;              1;        1; A            ; A            ; Verginia PREMIUM Fosco         ; Verginia PREMIUM Fosco         ; CIMENT VJ 73-0201               ; VJ 73-0201   ; MAESTRIA Phenix        ; MAESTRIA Phenix        ;             ;        ;         ;        ;      ;        ; 11514800;            16000   ;       16     ; L       ;            1; DefaultPaintType;               0; 08/25/2025 00:00:00;                                                      ;        ; 0     ;                                                                                                                   ;     ; JO            ; JO            ;    39372;      67.226;           67.226; NO            ; NO            ;        0;     203.82 ;          203.82 ;               ;               ;         ;            ;                 ;               ;               ;         ;            ;                 ;               ;               ;     ;            ;                 ;               ;               ;     ;            ;                 ;               ;               ;     ;            ;                 ;           ;         ;          ;            ;           ;                 ; 2507070A3HS008
A3-HS      ; 05/04/2026 08:21:01; 20260504082101772;              1;        1; A            ; A            ; Verginia PREMIUM Fosco         ; Verginia PREMIUM Fosco         ; CIMENT VJ 73-0201               ; VJ 73-0201   ; MAESTRIA Phenix        ; MAESTRIA Phenix        ;             ;        ;         ;        ;      ;        ; 11514800;            16000   ;       16     ; L       ;            1; DefaultPaintType;               0; 08/25/2025 00:00:00;                                                      ;        ; 0     ;                                                                                                                   ;     ; JO            ; JO            ;    39372;      67.226;           67.226; NO            ; NO            ;        0;     203.82 ;          203.82 ;               ;               ;         ;            ;                 ;               ;               ;         ;            ;                 ;               ;               ;     ;            ;                 ;               ;               ;     ;            ;                 ;               ;               ;     ;            ;                 ;           ;         ;          ;            ;           ;                 ; 2507070A3HS008
A3-HS      ; 05/04/2026 08:18:32; 20260504081832799;              1;        1; A            ; A            ; Verginia PREMIUM Fosco         ; Verginia PREMIUM Fosco         ; CIMENT VJ 73-0201               ; VJ 73-0201   ; MAESTRIA Phenix        ; MAESTRIA Phenix        ;             ;        ;         ;        ;      ;        ; 11514800;            16000   ;       16     ; L       ;            1; DefaultPaintType;               0; 08/25/2025 00:00:00;                                                      ;        ; 0     ;                                                                                                                   ;     ; JO            ; JO            ;    39372;      67.226;           67.226; NO            ; NO            ;        0;     203.82 ;          203.82 ;               ;               ;         ;            ;                 ;               ;               ;         ;            ;                 ;               ;               ;     ;            ;                 ;               ;               ;     ;            ;                 ;               ;               ;     ;            ;                 ;           ;         ;          ;            ;           ;                 ; 2507070A3HS008
A3-HS      ; 05/02/2026 12:05:18; 20260502120518785;              1;        1; A            ; A            ; Verginia PREMIUM Fosco         ; Verginia PREMIUM Fosco         ; PRIMULA ROSA-SUV                ; D227         ; SUVINIL                ; SUVINIL                ;             ;        ;         ;        ;      ;        ; 12821731;             3200   ;        3.2   ; L       ;            1; DefaultPaintType;               0; 08/25/2025 00:00:00;                                                      ;        ; 0     ;                                                                                                                   ;     ; NO            ; NO            ;        0;       0.623;            0.623; RP            ; RP            ;      255;      11.806;           11.806; MA            ; MA            ;  1513356;      29.151;           29.151;               ;               ;         ;            ;                 ;               ;               ;     ;            ;                 ;               ;               ;     ;            ;                 ;               ;               ;     ;            ;                 ;           ;         ;          ;            ;           ;                 ; 2507070A3HS008
A3-HS      ; 05/02/2026 10:21:08; 20260502102108625;              1;        1; A            ; A            ; Verginia PREMIUM Fosco         ; Verginia PREMIUM Fosco         ; ELEFANTE-SUV                    ; D161 N1066   ; SUVINIL                ; SUVINIL                ;             ;        ;         ;        ;      ;        ;  9542047;             3200   ;        3.2   ; L       ;            1; DefaultPaintType;               0; 08/25/2025 00:00:00;                                                      ;        ; 0     ;                                                                                                                   ;     ; JO            ; JO            ;    39372;      36.103;           36.103; RH            ; RH            ;     9366;       1.041;            1.041; NO            ; NO            ;        0;      82.619;           82.619;               ;               ;         ;            ;                 ;               ;               ;     ;            ;                 ;               ;               ;     ;            ;                 ;               ;               ;     ;            ;                 ;           ;         ;          ;            ;           ;                 ; 2507070A3HS008
A3-HS      ; 05/02/2026 10:16:16; 20260502101616864;              1;        1; A            ; A            ; Verginia PREMIUM Fosco         ; Verginia PREMIUM Fosco         ; LEITE EM PO-SUV                 ; C525         ; SUVINIL                ; SUVINIL                ;             ;        ;         ;        ;      ;        ; 14936814;            16000   ;       16     ; L       ;            1; DefaultPaintType;               0; 08/25/2025 00:00:00;                                                      ;        ; 0     ;                                                                                                                   ;     ; JO            ; JO            ;    39372;       3.886;            3.886; RH            ; RH            ;     9366;       0.887;            0.887; NO            ; NO            ;        0;       2.947;            2.947;               ;               ;         ;            ;                 ;               ;               ;     ;            ;                 ;               ;               ;     ;            ;                 ;               ;               ;     ;            ;                 ;           ;         ;          ;            ;           ;                 ; 2507070A3HS008
A3-HS      ; 05/02/2026 09:27:23; 20260502092723048;              1;        1; A            ; A            ; Verginia PREMIUM Fosco         ; Verginia PREMIUM Fosco         ; CEU DO AMANHECER-SUV            ; B518         ; SUVINIL                ; SUVINIL                ;             ;        ;         ;        ;      ;        ; 15002078;            16000   ;       16     ; L       ;            1; DefaultPaintType;               0; 08/25/2025 00:00:00;                                                      ;        ; 0     ;                                                                                                                   ;     ; JO            ; JO            ;    39372;       1.257;            1.257; NO            ; NO            ;        0;       6.583;            6.583; VR            ; VR            ;    26112;       3.415;            3.415;               ;               ;         ;            ;                 ;               ;               ;     ;            ;                 ;               ;               ;     ;            ;                 ;               ;               ;     ;            ;                 ;           ;         ;          ;            ;           ;                 ; 2507070A3HS008
A3-HS      ; 04/29/2026 09:23:04; 20260429092304523;              1;        1; A            ; A            ; Verginia PREMIUM Fosco         ; Verginia PREMIUM Fosco         ; CROMIO-SUV                      ; B161         ; SUVINIL                ; SUVINIL                ;             ;        ;         ;        ;      ;        ; 13226194;             3200   ;        3.2   ; L       ;            1; DefaultPaintType;               0; 08/25/2025 00:00:00;                                                      ;        ; 0     ;                                                                                                                   ;     ; JO            ; JO            ;    39372;       5.971;            5.971; RH            ; RH            ;     9366;       0.417;            0.417; NO            ; NO            ;        0;       9.928;            9.928;               ;               ;         ;            ;                 ;               ;               ;     ;            ;                 ;               ;               ;     ;            ;                 ;               ;               ;     ;            ;                 ;           ;         ;          ;            ;           ;                 ; 2507070A3HS008
A3-HS      ; 04/27/2026 15:25:09; 20260427152509799;              1;        1; A            ; A            ; Verginia STANDARD Fosco        ; Verginia STANDARD Fosco        ; ACERTO                          ; ACERTO       ;                        ;                        ; VERGINIA    ;        ; CURITIBA;        ;      ;        ;        0;            11000   ;       11     ; L       ;            2; DefaultPaintType;               0; 04/27/2026 15:21:29; ACERTO J                                             ;        ; 0     ;                                                                                                                   ;     ; JO            ; JO            ;    39372;      30.556;           30.556; NO            ; NO            ;        0;       6.111;            6.111;               ;               ;         ;            ;                 ;               ;               ;         ;            ;                 ;               ;               ;     ;            ;                 ;               ;               ;     ;            ;                 ;               ;               ;     ;            ;                 ;           ;         ;          ;            ;           ;                 ; 2507070A3HS008
A3-HS      ; 04/27/2026 15:23:32; 20260427152332993;              1;        1; A            ; A            ; Verginia STANDARD Fosco        ; Verginia STANDARD Fosco        ; ACERTO                          ; ACERTO       ;                        ;                        ; VERGINIA    ;        ; CURITIBA;        ;      ;        ;        0;             3600   ;        3.6   ; L       ;            2; DefaultPaintType;               0; 04/27/2026 15:21:29; ACERTO J                                             ;        ; 0     ;                                                                                                                   ;     ; JO            ; JO            ;    39372;      10    ;           10    ; NO            ; NO            ;        0;       2    ;            2    ;               ;               ;         ;            ;                 ;               ;               ;         ;            ;                 ;               ;               ;     ;            ;                 ;               ;               ;     ;            ;                 ;               ;               ;     ;            ;                 ;           ;         ;          ;            ;           ;                 ; 2507070A3HS008
A3-HS      ; 04/27/2026 14:40:07; 20260427144007777;              1;        1; A            ; A            ; Verginia STANDARD Fosco        ; Verginia STANDARD Fosco        ; PAPEL DE SEDA-SUV               ; A208         ; SUVINIL                ; SUVINIL                ;             ;        ;         ;        ;      ;        ; 14148067;            16000   ;       16     ; L       ;            1; DefaultPaintType;               0; 08/25/2025 00:00:00;                                                      ;        ; 0     ;                                                                                                                   ;     ; JO            ; JO            ;    39372;      19.988;           19.988; RH            ; RH            ;     9366;       0.497;            0.497; NO            ; NO            ;        0;      17.135;           17.135;               ;               ;         ;            ;                 ;               ;               ;     ;            ;                 ;               ;               ;     ;            ;                 ;               ;               ;     ;            ;                 ;           ;         ;          ;            ;           ;                 ; 2507070A3HS008
A3-HS      ; 04/25/2026 13:02:53; 20260425130253493;              1;        1; C            ; C            ; Verginia ESMALTE h2o BRILHANTE ; Verginia ESMALTE h2o BRILHANTE ; PRETO ABSOLUTO-SUV              ; R756         ; SUVINIL                ; SUVINIL                ;             ;        ;         ;        ;      ;        ;  4144700;              800   ;        0.8   ; L       ;            1; DefaultPaintType;               0; 08/25/2025 00:00:00;                                                      ;        ; 0     ;                                                                                                                   ;     ; BE            ; BE            ; 10485760;       5.088;            5.088; BA            ; BA            ; 16777215;       0.753;            0.753; NO            ; NO            ;        0;      87.589;           87.589; VI            ; VI            ;  5189455;       0.064;            0.064;               ;               ;     ;            ;                 ;               ;               ;     ;            ;                 ;               ;               ;     ;            ;                 ;           ;         ;          ;            ;           ;                 ; 2507070A3HS008
A3-HS      ; 04/25/2026 13:02:22; 20260425130222691;              1;        1; C            ; C            ; Verginia ESMALTE h2o BRILHANTE ; Verginia ESMALTE h2o BRILHANTE ; PRETO ABSOLUTO-SUV              ; R756         ; SUVINIL                ; SUVINIL                ;             ;        ;         ;        ;      ;        ;  4144700;              800   ;        0.8   ; L       ;            1; DefaultPaintType;               0; 08/25/2025 00:00:00;                                                      ;        ; -1    ; E18 : Base-paint canister has been moved away Please don't move base-paint canister before dispensing is finished.;     ; BE            ; BE            ; 10485760;       5.088;            0    ; BA            ; BA            ; 16777215;       0.753;            0    ; NO            ; NO            ;        0;      87.589;            0    ; VI            ; VI            ;  5189455;       0.064;            0    ;               ;               ;     ;            ;                 ;               ;               ;     ;            ;                 ;               ;               ;     ;            ;                 ;           ;         ;          ;            ;           ;                 ; 2507070A3HS008
A3-HS      ; 04/25/2026 12:10:05; 20260425121005179;              1;        1; A            ; A            ; Verginia PREMIUM Fosco         ; Verginia PREMIUM Fosco         ; PAPEL PICADO-SUV                ; B148         ; SUVINIL                ; SUVINIL                ;             ;        ;         ;        ;      ;        ; 13095896;             3200   ;        3.2   ; L       ;            1; DefaultPaintType;               0; 08/25/2025 00:00:00;                                                      ;        ; 0     ;                                                                                                                   ;     ; JO            ; JO            ;    39372;       8.505;            8.505; RH            ; RH            ;     9366;       0.521;            0.521; NO            ; NO            ;        0;       7.116;            7.116;               ;               ;         ;            ;                 ;               ;               ;     ;            ;                 ;               ;               ;     ;            ;                 ;               ;               ;     ;            ;                 ;           ;         ;          ;            ;           ;                 ; 2507070A3HS008
A3-HS      ; 04/25/2026 12:09:33; 20260425120933253;              1;        1; A            ; A            ; Verginia PREMIUM Fosco         ; Verginia PREMIUM Fosco         ; PAPEL PICADO-SUV                ; B148         ; SUVINIL                ; SUVINIL                ;             ;        ;         ;        ;      ;        ; 13095896;             3200   ;        3.2   ; L       ;            1; DefaultPaintType;               0; 08/25/2025 00:00:00;                                                      ;        ; -1    ; Abort : Abort Job                                                                                                 ;     ; JO            ; JO            ;    39372;       8.505;            0    ; RH            ; RH            ;     9366;       0.521;            0    ; NO            ; NO            ;        0;       7.116;            0    ;               ;               ;         ;            ;                 ;               ;               ;     ;            ;                 ;               ;               ;     ;            ;                 ;               ;               ;     ;            ;                 ;           ;         ;          ;            ;           ;                 ; 2507070A3HS008
A3-HS      ; 04/25/2026 12:05:04; 20260425120504820;              1;        1; A            ; A            ; Verginia PREMIUM Fosco         ; Verginia PREMIUM Fosco         ; PERGAMINHO-SUV                  ; P208         ; SUVINIL                ; SUVINIL                ;             ;        ;         ;        ;      ;        ; 14212830;             3200   ;        3.2   ; L       ;            1; DefaultPaintType;               0; 08/25/2025 00:00:00;                                                      ;        ; 0     ;                                                                                                                   ;     ; JO            ; JO            ;    39372;       1.988;            1.988; NO            ; NO            ;        0;       4.263;            4.263; OP            ; OP            ;  3373284;       0.398;            0.398;               ;               ;         ;            ;                 ;               ;               ;     ;            ;                 ;               ;               ;     ;            ;                 ;               ;               ;     ;            ;                 ;           ;         ;          ;            ;           ;                 ; 2507070A3HS008
A3-HS      ; 04/24/2026 15:21:38; 20260424152138807;              1;        1; A            ; A            ; Verginia PREMIUM Fosco         ; Verginia PREMIUM Fosco         ; PALHA-RM010-SUV                 ; RM010        ; SUVINIL                ; SUVINIL                ;             ;        ;         ;        ;      ;        ; 13032682;             3200   ;        3.2   ; L       ;            1; DefaultPaintType;               0; 08/25/2025 00:00:00;                                                      ;        ; 0     ;                                                                                                                   ;     ; JO            ; JO            ;    39372;      11.693;           11.693; RH            ; RH            ;     9366;       0.381;            0.381; NO            ; NO            ;        0;       1.66 ;            1.66 ;               ;               ;         ;            ;                 ;               ;               ;     ;            ;                 ;               ;               ;     ;            ;                 ;               ;               ;     ;            ;                 ;           ;         ;          ;            ;           ;                 ; 2507070A3HS008
A3-HS      ; 04/24/2026 09:10:44; 20260424091044500;              1;        1; A            ; A            ; Verginia PREMIUM Fosco         ; Verginia PREMIUM Fosco         ; PEROLA ROSA-SUV                 ; A098         ; SUVINIL                ; SUVINIL                ;             ;        ;         ;        ;      ;        ; 13815784;             3200   ;        3.2   ; L       ;            1; DefaultPaintType;               0; 08/25/2025 00:00:00;                                                      ;        ; 0     ;                                                                                                                   ;     ; RH            ; RH            ;     9366;       1.909;            1.909; NO            ; NO            ;        0;       0.174;            0.174; BP            ; BP            ; 16711807;       6.943;            6.943;               ;               ;         ;            ;                 ;               ;               ;     ;            ;                 ;               ;               ;     ;            ;                 ;               ;               ;     ;            ;                 ;           ;         ;          ;            ;           ;                 ; 2507070A3HS008
A3-HS      ; 04/24/2026 09:08:24; 20260424090824035;              1;        1; A            ; A            ; Verginia PREMIUM Fosco         ; Verginia PREMIUM Fosco         ; PEROLA ROSA-SUV                 ; A098         ; SUVINIL                ; SUVINIL                ;             ;        ;         ;        ;      ;        ; 13815784;             3200   ;        3.2   ; L       ;            1; DefaultPaintType;               0; 08/25/2025 00:00:00;                                                      ;        ; -1    ; E18 : Base-paint canister has been moved away Please don't move base-paint canister before dispensing is finished.;     ; RH            ; RH            ;     9366;       1.909;            0    ; NO            ; NO            ;        0;       0.174;            0    ; BP            ; BP            ; 16711807;       6.943;            0    ;               ;               ;         ;            ;                 ;               ;               ;     ;            ;                 ;               ;               ;     ;            ;                 ;               ;               ;     ;            ;                 ;           ;         ;          ;            ;           ;                 ; 2507070A3HS008
A3-HS      ; 04/24/2026 08:39:39; 20260424083939001;              1;        1; A            ; A            ; Verginia PREMIUM Fosco         ; Verginia PREMIUM Fosco         ; ALGODAO EGIPCIO-RM009-SUV       ; RM009        ; SUVINIL                ; SUVINIL                ;             ;        ;         ;        ;      ;        ; 13754858;             3200   ;        3.2   ; L       ;            1; DefaultPaintType;               0; 08/25/2025 00:00:00;                                                      ;        ; -1    ; Abort : Abort Job                                                                                                 ;     ; JO            ; JO            ;    39372;       6.144;            0    ; RH            ; RH            ;     9366;       0.232;            0    ; NO            ; NO            ;        0;       1.553;            0    ;               ;               ;         ;            ;                 ;               ;               ;     ;            ;                 ;               ;               ;     ;            ;                 ;               ;               ;     ;            ;                 ;           ;         ;          ;            ;           ;                 ; 2507070A3HS008
A3-HS      ; 04/23/2026 15:18:33; 20260423151833169;              1;        1; A            ; A            ; Verginia PREMIUM Fosco         ; Verginia PREMIUM Fosco         ; CINZA GEADA 30GG52/011          ; 30GG52/011   ; CORAL Dulux            ; CORAL Dulux            ;             ;        ;         ;        ;      ;        ; 12303801;            16000   ;       16     ; L       ;            1; DefaultPaintType;               0; 08/25/2025 00:00:00;                                                      ;        ; 0     ;                                                                                                                   ;     ; JO            ; JO            ;    39372;      32.978;           32.978; RH            ; RH            ;     9366;       1.736;            1.736; NO            ; NO            ;        0;     153.609;          153.609;               ;               ;         ;            ;                 ;               ;               ;     ;            ;                 ;               ;               ;     ;            ;                 ;               ;               ;     ;            ;                 ;           ;         ;          ;            ;           ;                 ; 2507070A3HS008
A3-HS      ; 04/20/2026 17:17:21; 20260420171721588;              1;        1; C            ; C            ; Verginia PREMIUM Fosco         ; Verginia PREMIUM Fosco         ; PRETO ABSOLUTO-SUV              ; R756         ; SUVINIL                ; SUVINIL                ;             ;        ;         ;        ;      ;        ;  4144700;             3200   ;        3.2   ; L       ;            1; DefaultPaintType;               0; 08/25/2025 00:00:00;                                                      ;        ; 0     ;                                                                                                                   ;     ; BE            ; BE            ; 10485760;      20.353;           20.353; BA            ; BA            ; 16777215;       3.01 ;            3.01 ; NO            ; NO            ;        0;     350.356;          350.356; VI            ; VI            ;  5189455;       0.256;            0.256;               ;               ;     ;            ;                 ;               ;               ;     ;            ;                 ;               ;               ;     ;            ;                 ;           ;         ;          ;            ;           ;                 ; 2507070A3HS008
A3-HS      ; 04/20/2026 12:35:52; 20260420123552773;              1;        1; C            ; C            ; Verginia PREMIUM Fosco         ; Verginia PREMIUM Fosco         ; BASALTE JV 30-0102              ; JV 30-0102   ; MAESTRIA Phenix        ; MAESTRIA Phenix        ;             ;        ;         ;        ;      ;        ;  4277572;            16000   ;       16     ; L       ;            1; DefaultPaintType;               0; 08/25/2025 00:00:00;                                                      ;        ; 0     ;                                                                                                                   ;     ; JO            ; JO            ;    39372;     473.72 ;          473.72 ; RH            ; RH            ;     9366;      10.799;           10.799; NO            ; NO            ;        0;    1290.281;         1290.281;               ;               ;         ;            ;                 ;               ;               ;     ;            ;                 ;               ;               ;     ;            ;                 ;               ;               ;     ;            ;                 ;           ;         ;          ;            ;           ;                 ; 2507070A3HS008
A3-HS      ; 04/20/2026 12:29:04; 20260420122904391;              1;        1; C            ; C            ; Verginia PREMIUM Fosco         ; Verginia PREMIUM Fosco         ; BASALTE JV 30-0102              ; JV 30-0102   ; MAESTRIA Phenix        ; MAESTRIA Phenix        ;             ;        ;         ;        ;      ;        ;  4277572;            16000   ;       16     ; L       ;            1; DefaultPaintType;               0; 08/25/2025 00:00:00;                                                      ;        ; -1    ; Remove : Job removed                                                                                              ;     ; JO            ; JO            ;    39372;     473.72 ;            0    ; RH            ; RH            ;     9366;      10.799;            0    ; NO            ; NO            ;        0;    1290.281;            0    ;               ;               ;         ;            ;                 ;               ;               ;     ;            ;                 ;               ;               ;     ;            ;                 ;               ;               ;     ;            ;                 ;           ;         ;          ;            ;           ;                 ; 2507070A3HS008
A3-HS      ; 04/20/2026 12:19:13; 20260420121913829;              1;        1; C            ; C            ; Verginia PREMIUM Fosco         ; Verginia PREMIUM Fosco         ; BASALTE JV 30-0102              ; JV 30-0102   ; MAESTRIA Phenix        ; MAESTRIA Phenix        ;             ;        ;         ;        ;      ;        ;  4277572;            16000   ;       16     ; L       ;            1; DefaultPaintType;               0; 08/25/2025 00:00:00;                                                      ;        ; 0     ;                                                                                                                   ;     ; JO            ; JO            ;    39372;     473.72 ;          473.72 ; RH            ; RH            ;     9366;      10.799;           10.799; NO            ; NO            ;        0;    1290.281;         1290.281;               ;               ;         ;            ;                 ;               ;               ;     ;            ;                 ;               ;               ;     ;            ;                 ;               ;               ;     ;            ;                 ;           ;         ;          ;            ;           ;                 ; 2507070A3HS008
A3-HS      ; 04/20/2026 12:14:59; 20260420121459181;              1;        1; C            ; C            ; Verginia PREMIUM Fosco         ; Verginia PREMIUM Fosco         ; BASALTE JV 30-0102              ; JV 30-0102   ; MAESTRIA Phenix        ; MAESTRIA Phenix        ;             ;        ;         ;        ;      ;        ;  4277572;            16000   ;       16     ; L       ;            1; DefaultPaintType;               0; 08/25/2025 00:00:00;                                                      ;        ; -1    ; Remove : Job removed                                                                                              ;     ; JO            ; JO            ;    39372;     473.72 ;            0    ; RH            ; RH            ;     9366;      10.799;            0    ; NO            ; NO            ;        0;    1290.281;            0    ;               ;               ;         ;            ;                 ;               ;               ;     ;            ;                 ;               ;               ;     ;            ;                 ;               ;               ;     ;            ;                 ;           ;         ;          ;            ;           ;                 ; 2507070A3HS008
A3-HS      ; 04/18/2026 08:20:47; 20260418082047275;              1;        1; B            ; B            ; Verginia PREMIUM Fosco         ; Verginia PREMIUM Fosco         ; NANQUIM-SUV                     ; E161         ; SUVINIL                ; SUVINIL                ;             ;        ;         ;        ;      ;        ;  8817031;            16000   ;       16     ; L       ;            1; DefaultPaintType;               0; 08/25/2025 00:00:00;                                                      ;        ; 0     ;                                                                                                                   ;     ; BA            ; BA            ; 16777215;     454.455;          454.455; JO            ; JO            ;    39372;     161.53 ;          161.53 ; RH            ; RH            ;     9366;       8.438;            8.438; NO            ; NO            ;        0;     532.809;          532.809;               ;               ;     ;            ;                 ;               ;               ;     ;            ;                 ;               ;               ;     ;            ;                 ;           ;         ;          ;            ;           ;                 ; 2507070A3HS008
A3-HS      ; 04/18/2026 08:16:21; 20260418081621215;              1;        1; B            ; B            ; Verginia PREMIUM Fosco         ; Verginia PREMIUM Fosco         ; NANQUIM-SUV                     ; E161         ; SUVINIL                ; SUVINIL                ;             ;        ;         ;        ;      ;        ;  8817031;            16000   ;       16     ; L       ;            1; DefaultPaintType;               0; 08/25/2025 00:00:00;                                                      ;        ; -1    ; V0200103 : Colorant NO exceeds canister current capacity for dispensing.                                          ;     ; BA            ; BA            ; 16777215;     454.455;            0    ; JO            ; JO            ;    39372;     161.53 ;            0    ; RH            ; RH            ;     9366;       8.438;            0    ; NO            ; NO            ;        0;     532.809;            0    ;               ;               ;     ;            ;                 ;               ;               ;     ;            ;                 ;               ;               ;     ;            ;                 ;           ;         ;          ;            ;           ;                 ; 2507070A3HS008
A3-HS      ; 04/16/2026 17:55:46; 20260416175546224;              1;        1; B            ; B            ; Verginia PREMIUM Fosco         ; Verginia PREMIUM Fosco         ; TOMILHO-SUV                     ; E303         ; SUVINIL                ; SUVINIL                ;             ;        ;         ;        ;      ;        ;  7511701;             3200   ;        3.2   ; L       ;            1; DefaultPaintType;               0; 08/25/2025 00:00:00;                                                      ;        ; 0     ;                                                                                                                   ;     ; BA            ; BA            ; 16777215;      37.49 ;           37.49 ; JO            ; JO            ;    39372;     168.68 ;          168.68 ; NO            ; NO            ;        0;      19.47 ;           19.47 ; VR            ; VR            ;    26112;      22.546;           22.546;               ;               ;     ;            ;                 ;               ;               ;     ;            ;                 ;               ;               ;     ;            ;                 ;           ;         ;          ;            ;           ;                 ; 2507070A3HS008
A3-HS      ; 04/16/2026 11:25:52; 20260416112552418;              1;        1; A            ; A            ; Verginia PREMIUM Fosco         ; Verginia PREMIUM Fosco         ; PALHA-RM010-SUV                 ; RM010        ; SUVINIL                ; SUVINIL                ;             ;        ;         ;        ;      ;        ; 13032682;             3200   ;        3.2   ; L       ;            1; DefaultPaintType;               0; 08/25/2025 00:00:00;                                                      ;        ; 0     ;                                                                                                                   ;     ; JO            ; JO            ;    39372;      11.693;           11.693; RH            ; RH            ;     9366;       0.381;            0.381; NO            ; NO            ;        0;       1.66 ;            1.66 ;               ;               ;         ;            ;                 ;               ;               ;     ;            ;                 ;               ;               ;     ;            ;                 ;               ;               ;     ;            ;                 ;           ;         ;          ;            ;           ;                 ; 2507070A3HS008
A3-HS      ; 04/16/2026 11:24:05; 20260416112405695;              2;        1; A            ; A            ; Verginia PREMIUM Fosco         ; Verginia PREMIUM Fosco         ; PALHA-RM010-SUV                 ; RM010        ; SUVINIL                ; SUVINIL                ;             ;        ;         ;        ;      ;        ; 13032682;             3200   ;        3.2   ; L       ;            1; DefaultPaintType;               0; 08/25/2025 00:00:00;                                                      ;        ; 0     ;                                                                                                                   ;     ; JO            ; JO            ;    39372;      11.693;           11.693; RH            ; RH            ;     9366;       0.381;            0.381; NO            ; NO            ;        0;       1.66 ;            1.66 ;               ;               ;         ;            ;                 ;               ;               ;     ;            ;                 ;               ;               ;     ;            ;                 ;               ;               ;     ;            ;                 ;           ;         ;          ;            ;           ;                 ; 2507070A3HS008
A3-HS      ; 04/16/2026 11:24:05; 20260416112405695;              2;        2; A            ; A            ; Verginia PREMIUM Fosco         ; Verginia PREMIUM Fosco         ; PALHA-RM010-SUV                 ; RM010        ; SUVINIL                ; SUVINIL                ;             ;        ;         ;        ;      ;        ; 13032682;             3200   ;        3.2   ; L       ;            1; DefaultPaintType;               0; 08/25/2025 00:00:00;                                                      ;        ; -1    ; E18 : Base-paint canister has been moved away Please don't move base-paint canister before dispensing is finished.;     ; JO            ; JO            ;    39372;      11.693;            0    ; RH            ; RH            ;     9366;       0.381;            0    ; NO            ; NO            ;        0;       1.66 ;            0    ;               ;               ;         ;            ;                 ;               ;               ;     ;            ;                 ;               ;               ;     ;            ;                 ;               ;               ;     ;            ;                 ;           ;         ;          ;            ;           ;                 ; 2507070A3HS008
A3-HS      ; 04/13/2026 09:23:57; 20260413092357784;              1;        1; C            ; C            ; Verginia PREMIUM Fosco         ; Verginia PREMIUM Fosco         ; GRAPHITE BV 42-0104             ; BV 42-0104   ; MAESTRIA Phenix        ; MAESTRIA Phenix        ;             ;        ;         ;        ;      ;        ;  6906974;             3200   ;        3.2   ; L       ;            1; DefaultPaintType;               0; 08/25/2025 00:00:00;                                                      ;        ; -1    ; Abort : Abort Job                                                                                                 ;     ; BA            ; BA            ; 16777215;     154.089;            0    ; NO            ; NO            ;        0;     199.709;            0    ; VI            ; VI            ;  5189455;       1.76 ;            0    ;               ;               ;         ;            ;                 ;               ;               ;     ;            ;                 ;               ;               ;     ;            ;                 ;               ;               ;     ;            ;                 ;           ;         ;          ;            ;           ;                 ; 2507070A3HS008
A3-HS      ; 04/13/2026 08:55:05; 20260413085505137;              1;        1; C            ; C            ; Verginia PREMIUM Fosco         ; Verginia PREMIUM Fosco         ; GRAPHITE BV 42-0104             ; BV 42-0104   ; MAESTRIA Phenix        ; MAESTRIA Phenix        ;             ;        ;         ;        ;      ;        ;  6906974;             3200   ;        3.2   ; L       ;            1; DefaultPaintType;               0; 08/25/2025 00:00:00;                                                      ;        ; -1    ; Abort : Abort Job                                                                                                 ;     ; BA            ; BA            ; 16777215;     154.089;            0    ; NO            ; NO            ;        0;     199.709;            0    ; VI            ; VI            ;  5189455;       1.76 ;            0    ;               ;               ;         ;            ;                 ;               ;               ;     ;            ;                 ;               ;               ;     ;            ;                 ;               ;               ;     ;            ;                 ;           ;         ;          ;            ;           ;                 ; 2507070A3HS008
A3-HS      ; 04/11/2026 10:01:36; 20260411100136917;              1;        1; C            ; C            ; Verginia PREMIUM Fosco         ; Verginia PREMIUM Fosco         ; GRAPHITE BV 42-0104             ; BV 42-0104   ; MAESTRIA Phenix        ; MAESTRIA Phenix        ;             ;        ;         ;        ;      ;        ;  6906974;             3200   ;        3.2   ; L       ;            1; DefaultPaintType;               0; 08/25/2025 00:00:00;                                                      ;        ; -1    ; Abort : Abort Job                                                                                                 ;     ; BA            ; BA            ; 16777215;     154.089;            0    ; NO            ; NO            ;        0;     199.709;            0    ; VI            ; VI            ;  5189455;       1.76 ;            0    ;               ;               ;         ;            ;                 ;               ;               ;     ;            ;                 ;               ;               ;     ;            ;                 ;               ;               ;     ;            ;                 ;           ;         ;          ;            ;           ;                 ; 2507070A3HS008
A3-HS      ; 04/09/2026 15:06:04; 20260409150604725;              1;        1; A            ; A            ; Verginia PREMIUM Fosco         ; Verginia PREMIUM Fosco         ; CROMIO-SUV                      ; B161         ; SUVINIL                ; SUVINIL                ;             ;        ;         ;        ;      ;        ; 13226194;              800   ;        0.8   ; L       ;            1; DefaultPaintType;               0; 08/25/2025 00:00:00;                                                      ;        ; 0     ;                                                                                                                   ;     ; JO            ; JO            ;    39372;       1.493;            1.493; RH            ; RH            ;     9366;       0.104;            0.104; NO            ; NO            ;        0;       2.482;            2.482;               ;               ;         ;            ;                 ;               ;               ;     ;            ;                 ;               ;               ;     ;            ;                 ;               ;               ;     ;            ;                 ;           ;         ;          ;            ;           ;                 ; 2507070A3HS008
A3-HS      ; 04/09/2026 11:54:19; 20260409115419351;              1;        1;              ;              ;                                ;                                ;                                 ;              ;                        ;                        ;             ;        ;         ;        ;      ;        ; 16711680;                0   ;        1     ; L       ;            3; DefaultPaintType;               0; 04/09/2026 11:54:19;                                                      ;        ; 0     ;                                                                                                                   ;     ; JP            ; JP            ;    56575;     100    ;          100    ;               ;               ;         ;            ;                 ;               ;               ;         ;            ;                 ;               ;               ;         ;            ;                 ;               ;               ;     ;            ;                 ;               ;               ;     ;            ;                 ;               ;               ;     ;            ;                 ;           ;         ;          ;            ;           ;                 ; 2507070A3HS008
A3-HS      ; 04/02/2026 14:17:30; 20260402141730900;              1;        1; B            ; B            ; Verginia EMBORRACHADO          ; Verginia EMBORRACHADO          ; LAPIS DE COR-SUV                ; D379         ; SUVINIL                ; SUVINIL                ;             ;        ;         ;        ;      ;        ;  8230051;              800   ;        0.8   ; L       ;            1; DefaultPaintType;               0; 08/25/2025 00:00:00;                                                      ;        ; 0     ;                                                                                                                   ;     ; BA            ; BA            ; 16777215;      14.858;           14.858; JO            ; JO            ;    39372;      16.304;           16.304; RH            ; RH            ;     9366;       1.371;            1.371; NO            ; NO            ;        0;       9.888;            9.888;               ;               ;     ;            ;                 ;               ;               ;     ;            ;                 ;               ;               ;     ;            ;                 ;           ;         ;          ;            ;           ;                 ; 2507070A3HS008
A3-HS      ; 04/02/2026 13:34:32; 20260402133432508;              1;        1; B            ; B            ; Verginia EMBORRACHADO          ; Verginia EMBORRACHADO          ; PO DE GRAFITE-SUV               ; E756         ; SUVINIL                ; SUVINIL                ;             ;        ;         ;        ;      ;        ;  8288112;              800   ;        0.8   ; L       ;            1; DefaultPaintType;               0; 08/25/2025 00:00:00;                                                      ;        ; 0     ;                                                                                                                   ;     ; BE            ; BE            ; 10485760;       0.533;            0.533; BA            ; BA            ; 16777215;       5.95 ;            5.95 ; NO            ; NO            ;        0;      34.298;           34.298; VI            ; VI            ;  5189455;       1.254;            1.254;               ;               ;     ;            ;                 ;               ;               ;     ;            ;                 ;               ;               ;     ;            ;                 ;           ;         ;          ;            ;           ;                 ; 2507070A3HS008
A3-HS      ; 04/02/2026 13:32:43; 20260402133243340;              1;        1; B            ; B            ; Verginia EMBORRACHADO          ; Verginia EMBORRACHADO          ; CORTINA DE TEATRO-SUV           ; P237         ; SUVINIL                ; SUVINIL                ;             ;        ;         ;        ;      ;        ;  7564184;              800   ;        0.8   ; L       ;            1; DefaultPaintType;               0; 08/25/2025 00:00:00;                                                      ;        ; 0     ;                                                                                                                   ;     ; BA            ; BA            ; 16777215;      11.032;           11.032; RH            ; RH            ;     9366;       9.697;            9.697; NO            ; NO            ;        0;       9.655;            9.655; MA            ; MA            ;  1513356;      11.839;           11.839;               ;               ;     ;            ;                 ;               ;               ;     ;            ;                 ;               ;               ;     ;            ;                 ;           ;         ;          ;            ;           ;                 ; 2507070A3HS008
A3-HS      ; 04/02/2026 13:29:34; 20260402132934348;              1;        1; B            ; B            ; Verginia EMBORRACHADO          ; Verginia EMBORRACHADO          ; LAPIS DE COR-SUV                ; D379         ; SUVINIL                ; SUVINIL                ;             ;        ;         ;        ;      ;        ;  8230051;              800   ;        0.8   ; L       ;            1; DefaultPaintType;               0; 08/25/2025 00:00:00;                                                      ;        ; 0     ;                                                                                                                   ;     ; BA            ; BA            ; 16777215;      14.858;           14.858; JO            ; JO            ;    39372;      16.304;           16.304; RH            ; RH            ;     9366;       1.371;            1.371; NO            ; NO            ;        0;       9.888;            9.888;               ;               ;     ;            ;                 ;               ;               ;     ;            ;                 ;               ;               ;     ;            ;                 ;           ;         ;          ;            ;           ;                 ; 2507070A3HS008
A3-HS      ; 04/02/2026 11:34:20; 20260402113420476;              1;        1; IM           ; IM           ; LATEXOR Fosco                  ; LATEXOR Fosco                  ; TINTA BASE BM                   ; TINTA BASE BM;                        ;                        ; VERGINIA    ;        ; CURITIBA;        ;      ;        ;        0;              150   ;        0.15  ; L       ;            2; DefaultPaintType;               0; 05/08/2025 08:52:23; FORMULA PARA CONTROLE DE BASES BM TINTAS             ;        ; 0     ;                                                                                                                   ;     ; BE            ; BE            ; 10485760;       6    ;            6    ; BA            ; BA            ; 16777215;       3    ;            3    ;               ;               ;         ;            ;                 ;               ;               ;         ;            ;                 ;               ;               ;     ;            ;                 ;               ;               ;     ;            ;                 ;               ;               ;     ;            ;                 ;           ;         ;          ;            ;           ;                 ; 2507070A3HS008
A3-HS      ; 04/01/2026 15:26:03; 20260401152603583;              1;        1; C            ; C            ; Verginia TEXTURA               ; Verginia TEXTURA               ; CINZA FECHADO-SUV               ; P750         ; SUVINIL                ; SUVINIL                ;             ;        ;         ;        ;      ;        ;  5659486;              726.3 ;        0.7263; L       ;            1; DefaultPaintType;               0; 08/25/2025 00:00:00;                                                      ;        ; 0     ;                                                                                                                   ;     ; BA            ; BA            ; 16777215;      10.536;           10.536; JO            ; JO            ;    39372;       7.293;            7.293; RH            ; RH            ;     9366;       1.435;            1.435; NO            ; NO            ;        0;      23.398;           23.398;               ;               ;     ;            ;                 ;               ;               ;     ;            ;                 ;               ;               ;     ;            ;                 ;           ;         ;          ;            ;           ;                 ; 2507070A3HS008
A3-HS      ; 04/01/2026 08:16:12; 20260401081612167;              1;        1; C            ; C            ; Verginia TINTA TEXTURA/GRAFIATO; Verginia TINTA TEXTURA/GRAFIATO; BLUE JEANS BV 34-0416           ; BV 34-0416   ; MAESTRIA Phenix        ; MAESTRIA Phenix        ;             ;        ;         ;        ;      ;        ;  6771254;              800   ;        0.8   ; L       ;            1; DefaultPaintType;               0; 08/25/2025 00:00:00;                                                      ;        ; 0     ;                                                                                                                   ;     ; BE            ; BE            ; 10485760;      41.336;           41.336; BA            ; BA            ; 16777215;      22.621;           22.621; NO            ; NO            ;        0;      31.797;           31.797; VI            ; VI            ;  5189455;      10.913;           10.913;               ;               ;     ;            ;                 ;               ;               ;     ;            ;                 ;               ;               ;     ;            ;                 ;           ;         ;          ;            ;           ;                 ; 2507070A3HS008
A3-HS      ; 04/01/2026 08:14:17; 20260401081417678;              1;        1; C            ; C            ; Verginia TINTA TEXTURA/GRAFIATO; Verginia TINTA TEXTURA/GRAFIATO; AMARELO OURO-RM053-SUV          ; RM053        ; SUVINIL                ; SUVINIL                ;             ;        ;         ;        ;      ;        ;  3580405;              800   ;        0.8   ; L       ;            1; DefaultPaintType;               0; 08/25/2025 00:00:00;                                                      ;        ; 0     ;                                                                                                                   ;     ; BA            ; BA            ; 16777215;      14.997;           14.997; JO            ; JO            ;    39372;       2.563;            2.563; JV            ; JV            ;    59135;      83.38 ;           83.38 ; OV            ; OV            ;    42495;       5.727;            5.727;               ;               ;     ;            ;                 ;               ;               ;     ;            ;                 ;               ;               ;     ;            ;                 ;           ;         ;          ;            ;           ;                 ; 2507070A3HS008
A3-HS      ; 04/01/2026 08:12:01; 20260401081201130;              1;        1; C            ; C            ; Verginia TINTA TEXTURA/GRAFIATO; Verginia TINTA TEXTURA/GRAFIATO; CAFE COM NATA-SUV               ; Y037         ; SUVINIL                ; SUVINIL                ;             ;        ;         ;        ;      ;        ;  5200234;              800   ;        0.8   ; L       ;            1; DefaultPaintType;               0; 08/25/2025 00:00:00;                                                      ;        ; 0     ;                                                                                                                   ;     ; BA            ; BA            ; 16777215;      21.29 ;           21.29 ; JO            ; JO            ;    39372;      28.306;           28.306; RH            ; RH            ;     9366;      11.724;           11.724; NO            ; NO            ;        0;      41.912;           41.912;               ;               ;     ;            ;                 ;               ;               ;     ;            ;                 ;               ;               ;     ;            ;                 ;           ;         ;          ;            ;           ;                 ; 2507070A3HS008
A3-HS      ; 03/31/2026 17:34:22; 20260331173422214;              1;        1; IM           ; IM           ; LATEXOR Fosco                  ; LATEXOR Fosco                  ; TINTA BASE BM                   ; TINTA BASE BM;                        ;                        ; VERGINIA    ;        ; CURITIBA;        ;      ;        ;        0;              150   ;        0.15  ; L       ;            2; DefaultPaintType;               0; 05/08/2025 08:52:23; FORMULA PARA CONTROLE DE BASES BM TINTAS             ;        ; 0     ;                                                                                                                   ;     ; BE            ; BE            ; 10485760;       6    ;            6    ; BA            ; BA            ; 16777215;       3    ;            3    ;               ;               ;         ;            ;                 ;               ;               ;         ;            ;                 ;               ;               ;     ;            ;                 ;               ;               ;     ;            ;                 ;               ;               ;     ;            ;                 ;           ;         ;          ;            ;           ;                 ; 2507070A3HS008
A3-HS      ; 03/31/2026 12:13:59; 20260331121359982;              1;        1;              ;              ;                                ;                                ;                                 ;              ;                        ;                        ;             ;        ;         ;        ;      ;        ; 16711680;                0   ;        1     ; L       ;            3; DefaultPaintType;               0; 03/31/2026 12:13:59;                                                      ;        ; 0     ;                                                                                                                   ;     ; NO            ; NO            ;        0;       3.5  ;            3.5  ;               ;               ;         ;            ;                 ;               ;               ;         ;            ;                 ;               ;               ;         ;            ;                 ;               ;               ;     ;            ;                 ;               ;               ;     ;            ;                 ;               ;               ;     ;            ;                 ;           ;         ;          ;            ;           ;                 ; 2507070A3HS008
A3-HS      ; 03/31/2026 11:45:23; 20260331114523285;              1;        1; A            ; A            ; Verginia EMBORRACHADO          ; Verginia EMBORRACHADO          ; BROTO DE FEIJAO-SUV             ; B165         ; SUVINIL                ; SUVINIL                ;             ;        ;         ;        ;      ;        ; 12568785;            13000   ;       13     ; L       ;            1; DefaultPaintType;               0; 08/25/2025 00:00:00;                                                      ;        ; 0     ;                                                                                                                   ;     ; JO            ; JO            ;    39372;      29.167;           29.167; RH            ; RH            ;     9366;       5.208;            5.208; NO            ; NO            ;        0;      32.813;           32.813;               ;               ;         ;            ;                 ;               ;               ;     ;            ;                 ;               ;               ;     ;            ;                 ;               ;               ;     ;            ;                 ;           ;         ;          ;            ;           ;                 ; 2507070A3HS008
A3-HS      ; 03/31/2026 11:43:05; 20260331114305314;              1;        1; A            ; A            ; Verginia EMBORRACHADO          ; Verginia EMBORRACHADO          ; BROTO DE FEIJAO-SUV             ; B165         ; SUVINIL                ; SUVINIL                ;             ;        ;         ;        ;      ;        ; 12568785;            16000   ;       16     ; L       ;            1; DefaultPaintType;               0; 08/25/2025 00:00:00;                                                      ;        ; 0     ;                                                                                                                   ;     ; JO            ; JO            ;    39372;      35.897;           35.897; RH            ; RH            ;     9366;       6.41 ;            6.41 ; NO            ; NO            ;        0;      40.385;           40.385;               ;               ;         ;            ;                 ;               ;               ;     ;            ;                 ;               ;               ;     ;            ;                 ;               ;               ;     ;            ;                 ;           ;         ;          ;            ;           ;                 ; 2507070A3HS008
A3-HS      ; 03/31/2026 08:19:30; 20260331081930211;              1;        1; B            ; B            ; Verginia TINTA TEXTURA/GRAFIATO; Verginia TINTA TEXTURA/GRAFIATO; RUA DAS PEDRAS-SUV              ; Y090         ; SUVINIL                ; SUVINIL                ;             ;        ;         ;        ;      ;        ;  7502463;              800   ;        0.8   ; L       ;            1; DefaultPaintType;               0; 08/25/2025 00:00:00;                                                      ;        ; 0     ;                                                                                                                   ;     ; BA            ; BA            ; 16777215;       3.593;            3.593; JO            ; JO            ;    39372;      11.167;           11.167; RH            ; RH            ;     9366;       2.016;            2.016; NO            ; NO            ;        0;      26.232;           26.232;               ;               ;     ;            ;                 ;               ;               ;     ;            ;                 ;               ;               ;     ;            ;                 ;           ;         ;          ;            ;           ;                 ; 2507070A3HS008
A3-HS      ; 03/31/2026 08:16:22; 20260331081622883;              1;        1; B            ; B            ; Verginia TINTA TEXTURA/GRAFIATO; Verginia TINTA TEXTURA/GRAFIATO; RIO NILO-SUV                    ; D142         ; SUVINIL                ; SUVINIL                ;             ;        ;         ;        ;      ;        ;  8034473;              800   ;        0.8   ; L       ;            1; DefaultPaintType;               0; 08/25/2025 00:00:00;                                                      ;        ; 0     ;                                                                                                                   ;     ; BA            ; BA            ; 16777215;      13.839;           13.839; JO            ; JO            ;    39372;      19.984;           19.984; RH            ; RH            ;     9366;       0.559;            0.559; NO            ; NO            ;        0;       6.876;            6.876;               ;               ;     ;            ;                 ;               ;               ;     ;            ;                 ;               ;               ;     ;            ;                 ;           ;         ;          ;            ;           ;                 ; 2507070A3HS008
A3-HS      ; 03/31/2026 08:14:52; 20260331081452562;              1;        1; B            ; B            ; Verginia TINTA TEXTURA/GRAFIATO; Verginia TINTA TEXTURA/GRAFIATO; GOIABA-SUV                      ; D111         ; SUVINIL                ; SUVINIL                ;             ;        ;         ;        ;      ;        ;  8025816;              800   ;        0.8   ; L       ;            1; DefaultPaintType;               0; 08/25/2025 00:00:00;                                                      ;        ; 0     ;                                                                                                                   ;     ; BA            ; BA            ; 16777215;      11.948;           11.948; NO            ; NO            ;        0;       0.645;            0.645; RP            ; RP            ;      255;      27.978;           27.978; BP            ; BP            ; 16711807;       0.645;            0.645;               ;               ;     ;            ;                 ;               ;               ;     ;            ;                 ;               ;               ;     ;            ;                 ;           ;         ;          ;            ;           ;                 ; 2507070A3HS008
A3-HS      ; 03/30/2026 17:46:12; 20260330174612275;              1;        1; IM           ; IM           ; LATEXOR Fosco                  ; LATEXOR Fosco                  ; TINTA BASE BM                   ; TINTA BASE BM;                        ;                        ; VERGINIA    ;        ; CURITIBA;        ;      ;        ;        0;              150   ;        0.15  ; L       ;            2; DefaultPaintType;               0; 05/08/2025 08:52:23; FORMULA PARA CONTROLE DE BASES BM TINTAS             ;        ; 0     ;                                                                                                                   ;     ; BE            ; BE            ; 10485760;       6    ;            6    ; BA            ; BA            ; 16777215;       3    ;            3    ;               ;               ;         ;            ;                 ;               ;               ;         ;            ;                 ;               ;               ;     ;            ;                 ;               ;               ;     ;            ;                 ;               ;               ;     ;            ;                 ;           ;         ;          ;            ;           ;                 ; 2507070A3HS008
A3-HS      ; 03/30/2026 11:26:00; 20260330112600455;              1;        1; A            ; A            ; Verginia EMBORRACHADO          ; Verginia EMBORRACHADO          ; BROTO DE FEIJAO-SUV             ; B165         ; SUVINIL                ; SUVINIL                ;             ;        ;         ;        ;      ;        ; 12568785;              210   ;        0.21  ; L       ;            1; DefaultPaintType;               0; 08/25/2025 00:00:00;                                                      ;        ; 0     ;                                                                                                                   ;     ; JO            ; JO            ;    39372;       0.471;            0.471; RH            ; RH            ;     9366;       0.084;            0.084; NO            ; NO            ;        0;       0.53 ;            0.53 ;               ;               ;         ;            ;                 ;               ;               ;     ;            ;                 ;               ;               ;     ;            ;                 ;               ;               ;     ;            ;                 ;           ;         ;          ;            ;           ;                 ; 2507070A3HS008
A3-HS      ; 03/30/2026 11:18:33; 20260330111833220;              1;        1; A            ; A            ; Verginia EMBORRACHADO          ; Verginia EMBORRACHADO          ; BROTO DE FEIJAO-SUV             ; B165         ; SUVINIL                ; SUVINIL                ;             ;        ;         ;        ;      ;        ; 12568785;              210   ;        0.21  ; L       ;            1; DefaultPaintType;               0; 08/25/2025 00:00:00;                                                      ;        ; 0     ;                                                                                                                   ;     ; JO            ; JO            ;    39372;       0.471;            0.471; RH            ; RH            ;     9366;       0.084;            0.084; NO            ; NO            ;        0;       0.53 ;            0.53 ;               ;               ;         ;            ;                 ;               ;               ;     ;            ;                 ;               ;               ;     ;            ;                 ;               ;               ;     ;            ;                 ;           ;         ;          ;            ;           ;                 ; 2507070A3HS008
A3-HS      ; 03/30/2026 10:49:50; 20260330104950528;              1;        1; A            ; A            ; Verginia EMBORRACHADO          ; Verginia EMBORRACHADO          ; BROTO DE FEIJAO-SUV             ; B165         ; SUVINIL                ; SUVINIL                ;             ;        ;         ;        ;      ;        ; 12568785;              737   ;        0.737 ; L       ;            1; DefaultPaintType;               0; 08/25/2025 00:00:00;                                                      ;        ; 0     ;                                                                                                                   ;     ; JO            ; JO            ;    39372;       1.654;            1.654; RH            ; RH            ;     9366;       0.295;            0.295; NO            ; NO            ;        0;       1.86 ;            1.86 ;               ;               ;         ;            ;                 ;               ;               ;     ;            ;                 ;               ;               ;     ;            ;                 ;               ;               ;     ;            ;                 ;           ;         ;          ;            ;           ;                 ; 2507070A3HS008
A3-HS      ; 03/30/2026 10:07:17; 20260330100717649;              1;        1; C            ; C            ; Verginia EMBORRACHADO          ; Verginia EMBORRACHADO          ; PINHAO-SUV                      ; P167         ; SUVINIL                ; SUVINIL                ;             ;        ;         ;        ;      ;        ;  4476509;              775   ;        0.775 ; L       ;            1; DefaultPaintType;               0; 08/25/2025 00:00:00;                                                      ;        ; 0     ;                                                                                                                   ;     ; BA            ; BA            ; 16777215;       4.036;            4.036; JO            ; JO            ;    39372;      34.097;           34.097; RH            ; RH            ;     9366;      10.25 ;           10.25 ; NO            ; NO            ;        0;      38.24 ;           38.24 ;               ;               ;     ;            ;                 ;               ;               ;     ;            ;                 ;               ;               ;     ;            ;                 ;           ;         ;          ;            ;           ;                 ; 2507070A3HS008
A3-HS      ; 03/30/2026 09:22:52; 20260330092252426;              1;        1; C            ; C            ; Verginia EMBORRACHADO          ; Verginia EMBORRACHADO          ; PATATIVA-SUV                    ; R385         ; SUVINIL                ; SUVINIL                ;             ;        ;         ;        ;      ;        ;  5000782;              800   ;        0.8   ; L       ;            1; DefaultPaintType;               0; 08/25/2025 00:00:00;                                                      ;        ; 0     ;                                                                                                                   ;     ; BA            ; BA            ; 16777215;      11.697;           11.697; JO            ; JO            ;    39372;      15.069;           15.069; RH            ; RH            ;     9366;       1.732;            1.732; NO            ; NO            ;        0;      60.391;           60.391;               ;               ;     ;            ;                 ;               ;               ;     ;            ;                 ;               ;               ;     ;            ;                 ;           ;         ;          ;            ;           ;                 ; 2507070A3HS008
A3-HS      ; 03/30/2026 08:54:49; 20260330085449145;              1;        1; C            ; C            ; Verginia EMBORRACHADO          ; Verginia EMBORRACHADO          ; PATATIVA-SUV                    ; R385         ; SUVINIL                ; SUVINIL                ;             ;        ;         ;        ;      ;        ;  5000782;              800   ;        0.8   ; L       ;            1; DefaultPaintType;               0; 08/25/2025 00:00:00;                                                      ;        ; 0     ;                                                                                                                   ;     ; BA            ; BA            ; 16777215;      11.697;           11.697; JO            ; JO            ;    39372;      15.069;           15.069; RH            ; RH            ;     9366;       1.732;            1.732; NO            ; NO            ;        0;      60.391;           60.391;               ;               ;     ;            ;                 ;               ;               ;     ;            ;                 ;               ;               ;     ;            ;                 ;           ;         ;          ;            ;           ;                 ; 2507070A3HS008
A3-HS      ; 03/30/2026 08:52:42; 20260330085242394;              1;        1; C            ; C            ; Verginia EMBORRACHADO          ; Verginia EMBORRACHADO          ; CALCA JEANS-SUV                 ; R079         ; SUVINIL                ; SUVINIL                ;             ;        ;         ;        ;      ;        ;  7229727;              800   ;        0.8   ; L       ;            1; DefaultPaintType;               0; 08/25/2025 00:00:00;                                                      ;        ; 0     ;                                                                                                                   ;     ; BE            ; BE            ; 10485760;      72.588;           72.588; BA            ; BA            ; 16777215;       6.524;            6.524; NO            ; NO            ;        0;       2.357;            2.357; VR            ; VR            ;    26112;       8.114;            8.114;               ;               ;     ;            ;                 ;               ;               ;     ;            ;                 ;               ;               ;     ;            ;                 ;           ;         ;          ;            ;           ;                 ; 2507070A3HS008
A3-HS      ; 03/30/2026 08:47:22; 20260330084722427;              1;        1; C            ; C            ; Verginia EMBORRACHADO          ; Verginia EMBORRACHADO          ; PINHAO-SUV                      ; P167         ; SUVINIL                ; SUVINIL                ;             ;        ;         ;        ;      ;        ;  4476509;              800   ;        0.8   ; L       ;            1; DefaultPaintType;               0; 08/25/2025 00:00:00;                                                      ;        ; 0     ;                                                                                                                   ;     ; BA            ; BA            ; 16777215;       4.167;            4.167; JO            ; JO            ;    39372;      35.197;           35.197; RH            ; RH            ;     9366;      10.581;           10.581; NO            ; NO            ;        0;      39.474;           39.474;               ;               ;     ;            ;                 ;               ;               ;     ;            ;                 ;               ;               ;     ;            ;                 ;           ;         ;          ;            ;           ;                 ; 2507070A3HS008
A3-HS      ; 03/27/2026 15:52:57; 20260327155257187;              1;        1; A            ; A            ; Verginia TINTA TEXTURA/GRAFIATO; Verginia TINTA TEXTURA/GRAFIATO; ELEFANTE-SUV                    ; D161 N1066   ; SUVINIL                ; SUVINIL                ;             ;        ;         ;        ;      ;        ;  9542047;              800   ;        0.8   ; L       ;            1; DefaultPaintType;               0; 08/25/2025 00:00:00;                                                      ;        ; 0     ;                                                                                                                   ;     ; JO            ; JO            ;    39372;       6.462;            6.462; RH            ; RH            ;     9366;       0.186;            0.186; NO            ; NO            ;        0;      14.787;           14.787;               ;               ;         ;            ;                 ;               ;               ;     ;            ;                 ;               ;               ;     ;            ;                 ;               ;               ;     ;            ;                 ;           ;         ;          ;            ;           ;                 ; 2507070A3HS008
A3-HS      ; 03/27/2026 15:51:25; 20260327155125523;              1;        1; A            ; A            ; Verginia TINTA TEXTURA/GRAFIATO; Verginia TINTA TEXTURA/GRAFIATO; CAMURCA-RM005-SUV               ; RM005        ; SUVINIL                ; SUVINIL                ;             ;        ;         ;        ;      ;        ;  9546435;              800   ;        0.8   ; L       ;            1; DefaultPaintType;               0; 08/25/2025 00:00:00;                                                      ;        ; 0     ;                                                                                                                   ;     ; JO            ; JO            ;    39372;      14.619;           14.619; RH            ; RH            ;     9366;       1.73 ;            1.73 ; NO            ; NO            ;        0;       4.085;            4.085;               ;               ;         ;            ;                 ;               ;               ;     ;            ;                 ;               ;               ;     ;            ;                 ;               ;               ;     ;            ;                 ;           ;         ;          ;            ;           ;                 ; 2507070A3HS008
A3-HS      ; 03/27/2026 15:49:44; 20260327154944868;              1;        1; A            ; A            ; Verginia TINTA TEXTURA/GRAFIATO; Verginia TINTA TEXTURA/GRAFIATO; BOMBOM DE LICOR-SUV             ; D369         ; SUVINIL                ; SUVINIL                ;             ;        ;         ;        ;      ;        ;  9936564;              800   ;        0.8   ; L       ;            1; DefaultPaintType;               0; 08/25/2025 00:00:00;                                                      ;        ; 0     ;                                                                                                                   ;     ; JO            ; JO            ;    39372;       3.774;            3.774; RH            ; RH            ;     9366;       3.805;            3.805; NO            ; NO            ;        0;       6.864;            6.864;               ;               ;         ;            ;                 ;               ;               ;     ;            ;                 ;               ;               ;     ;            ;                 ;               ;               ;     ;            ;                 ;           ;         ;          ;            ;           ;                 ; 2507070A3HS008
A3-HS      ; 03/27/2026 15:13:20; 20260327151320652;              1;        1; AP           ; AP           ; LATEXOR Fosco                  ; LATEXOR Fosco                  ; TINTA BASE AP                   ; TINTA BASE AP;                        ;                        ; VERGINIA    ;        ; CURITIBA;        ;      ;        ;        0;              150   ;        0.15  ; L       ;            2; DefaultPaintType;               0; 05/08/2025 08:48:47; FORMULA PARA CONTROLE DE QUALIDADE DE BASES AP TINTAS;        ; 0     ;                                                                                                                   ;     ; BE            ; BE            ; 10485760;       5    ;            5    ;               ;               ;         ;            ;                 ;               ;               ;         ;            ;                 ;               ;               ;         ;            ;                 ;               ;               ;     ;            ;                 ;               ;               ;     ;            ;                 ;               ;               ;     ;            ;                 ;           ;         ;          ;            ;           ;                 ; 2507070A3HS008
A3-HS      ; 03/27/2026 10:56:54; 20260327105654101;              1;        1; B            ; B            ; Verginia PREMIUM Fosco         ; Verginia PREMIUM Fosco         ; HEMATITA-SUV                    ; D750         ; SUVINIL                ; SUVINIL                ;             ;        ;         ;        ;      ;        ;  7896704;              800   ;        0.8   ; L       ;            1; DefaultPaintType;               0; 08/25/2025 00:00:00;                                                      ;        ; 0     ;                                                                                                                   ;     ; BA            ; BA            ; 16777215;      11.34 ;           11.34 ; JO            ; JO            ;    39372;      11.661;           11.661; RH            ; RH            ;     9366;       1.801;            1.801; NO            ; NO            ;        0;      34.658;           34.658;               ;               ;     ;            ;                 ;               ;               ;     ;            ;                 ;               ;               ;     ;            ;                 ;           ;         ;          ;            ;           ;                 ; 2507070A3HS008
A3-HS      ; 03/27/2026 10:55:16; 20260327105516288;              1;        1; B            ; B            ; Verginia PREMIUM Fosco         ; Verginia PREMIUM Fosco         ; LAPIS DE COR-SUV                ; D379         ; SUVINIL                ; SUVINIL                ;             ;        ;         ;        ;      ;        ;  8230051;              800   ;        0.8   ; L       ;            1; DefaultPaintType;               0; 08/25/2025 00:00:00;                                                      ;        ; 0     ;                                                                                                                   ;     ; BA            ; BA            ; 16777215;      21.094;           21.094; JO            ; JO            ;    39372;      23.147;           23.147; RH            ; RH            ;     9366;       1.947;            1.947; NO            ; NO            ;        0;      14.038;           14.038;               ;               ;     ;            ;                 ;               ;               ;     ;            ;                 ;               ;               ;     ;            ;                 ;           ;         ;          ;            ;           ;                 ; 2507070A3HS008
A3-HS      ; 03/27/2026 10:23:18; 20260327102318687;              1;        1; IM           ; IM           ; LATEXOR Fosco                  ; LATEXOR Fosco                  ; TINTA BASE BM                   ; TINTA BASE BM;                        ;                        ; VERGINIA    ;        ; CURITIBA;        ;      ;        ;        0;              150   ;        0.15  ; L       ;            2; DefaultPaintType;               0; 05/08/2025 08:52:23; FORMULA PARA CONTROLE DE BASES BM TINTAS             ;        ; 0     ;                                                                                                                   ;     ; BE            ; BE            ; 10485760;       6    ;            6    ; BA            ; BA            ; 16777215;       3    ;            3    ;               ;               ;         ;            ;                 ;               ;               ;         ;            ;                 ;               ;               ;     ;            ;                 ;               ;               ;     ;            ;                 ;               ;               ;     ;            ;                 ;           ;         ;          ;            ;           ;                 ; 2507070A3HS008
A3-HS      ; 03/26/2026 16:08:00; 20260326160800801;              1;        1; B            ; B            ; Verginia EMBORRACHADO          ; Verginia EMBORRACHADO          ; ARDOISE GRISE BV 53-0102        ; BV 53-0102   ; MAESTRIA Phenix        ; MAESTRIA Phenix        ;             ;        ;         ;        ;      ;        ;  8486782;             3200   ;        3.2   ; L       ;            1; DefaultPaintType;               0; 08/25/2025 00:00:00;                                                      ;        ; 0     ;                                                                                                                   ;     ; BA            ; BA            ; 16777215;      67.075;           67.075; JO            ; JO            ;    39372;       7.642;            7.642; RH            ; RH            ;     9366;       2.547;            2.547; NO            ; NO            ;        0;      85.755;           85.755;               ;               ;     ;            ;                 ;               ;               ;     ;            ;                 ;               ;               ;     ;            ;                 ;           ;         ;          ;            ;           ;                 ; 2507070A3HS008
A3-HS      ; 03/26/2026 13:56:08; 20260326135608400;              1;        1; A            ; A            ; Verginia PREMIUM Fosco         ; Verginia PREMIUM Fosco         ; ROSA COMPORTADO-SUV             ; D238         ; SUVINIL                ; SUVINIL                ;             ;        ;         ;        ;      ;        ;  8750263;              783.8 ;        0.7838; L       ;            1; DefaultPaintType;               0; 08/25/2025 00:00:00;                                                      ;        ; 0     ;                                                                                                                   ;     ; RH            ; RH            ;     9366;      14.406;           14.406; NO            ; NO            ;        0;       5.893;            5.893; MA            ; MA            ;  1513356;       6.63 ;            6.63 ;               ;               ;         ;            ;                 ;               ;               ;     ;            ;                 ;               ;               ;     ;            ;                 ;               ;               ;     ;            ;                 ;           ;         ;          ;            ;           ;                 ; 2507070A3HS008
A3-HS      ; 03/25/2026 09:30:45; 20260325093045111;              1;        1; C            ; C            ; Verginia TEXTURA               ; Verginia TEXTURA               ; CINZA FECHADO-SUV               ; P750         ; SUVINIL                ; SUVINIL                ;             ;        ;         ;        ;      ;        ;  5659486;              800   ;        0.8   ; L       ;            1; DefaultPaintType;               0; 08/25/2025 00:00:00;                                                      ;        ; 0     ;                                                                                                                   ;     ; BA            ; BA            ; 16777215;      11.605;           11.605; JO            ; JO            ;    39372;       8.033;            8.033; RH            ; RH            ;     9366;       1.581;            1.581; NO            ; NO            ;        0;      25.772;           25.772;               ;               ;     ;            ;                 ;               ;               ;     ;            ;                 ;               ;               ;     ;            ;                 ;           ;         ;          ;            ;           ;                 ; 2507070A3HS008
A3-HS      ; 03/25/2026 09:23:10; 20260325092310273;              1;        1; C            ; C            ; Verginia TEXTURA               ; Verginia TEXTURA               ; GOIABADA-SUV                    ; R243         ; SUVINIL                ; SUVINIL                ;             ;        ;         ;        ;      ;        ;  3817340;              800   ;        0.8   ; L       ;            1; DefaultPaintType;               0; 08/25/2025 00:00:00;                                                      ;        ; 0     ;                                                                                                                   ;     ; NO            ; NO            ;        0;       3.538;            3.538; MA            ; MA            ;  1513356;       7.882;            7.882; RV            ; RV            ;      255;      36.581;           36.581;               ;               ;         ;            ;                 ;               ;               ;     ;            ;                 ;               ;               ;     ;            ;                 ;               ;               ;     ;            ;                 ;           ;         ;          ;            ;           ;                 ; 2507070A3HS008
A3-HS      ; 03/24/2026 09:03:59; 20260324090359707;              1;        1; C            ; C            ; Verginia SELADOR Arenoso       ; Verginia SELADOR Arenoso       ; TERRACOTA-SUV                   ; R118         ; SUVINIL                ; SUVINIL                ;             ;        ;         ;        ;      ;        ;  3558299;              723   ;        0.723 ; L       ;            1; DefaultPaintType;               0; 08/25/2025 00:00:00;                                                      ;        ; 0     ;                                                                                                                   ;     ; BA            ; BA            ; 16777215;       0.285;            0.285; RH            ; RH            ;     9366;       0.376;            0.376; NO            ; NO            ;        0;       0.65 ;            0.65 ; OV            ; OV            ;    42495;      17.288;           17.288;               ;               ;     ;            ;                 ;               ;               ;     ;            ;                 ;               ;               ;     ;            ;                 ;           ;         ;          ;            ;           ;                 ; 2507070A3HS008
A3-HS      ; 03/24/2026 08:53:29; 20260324085329974;              1;        1;              ;              ;                                ;                                ;                                 ;              ;                        ;                        ;             ;        ;         ;        ;      ;        ; 16711680;                0   ;        1     ; L       ;            3; DefaultPaintType;               0; 03/24/2026 08:53:29;                                                      ;        ; 0     ;                                                                                                                   ;     ; NO            ; NO            ;        0;       5    ;            5    ;               ;               ;         ;            ;                 ;               ;               ;         ;            ;                 ;               ;               ;         ;            ;                 ;               ;               ;     ;            ;                 ;               ;               ;     ;            ;                 ;               ;               ;     ;            ;                 ;           ;         ;          ;            ;           ;                 ; 2507070A3HS008
A3-HS      ; 03/24/2026 08:39:26; 20260324083926952;              1;        1; B            ; B            ; Verginia EMBORRACHADO          ; Verginia EMBORRACHADO          ; LAPIS DE COR-SUV                ; D379         ; SUVINIL                ; SUVINIL                ;             ;        ;         ;        ;      ;        ;  8230051;              400   ;        0.4   ; L       ;            1; DefaultPaintType;               0; 08/25/2025 00:00:00;                                                      ;        ; 0     ;                                                                                                                   ;     ; BA            ; BA            ; 16777215;       7.429;            7.429; JO            ; JO            ;    39372;       8.152;            8.152; RH            ; RH            ;     9366;       0.686;            0.686; NO            ; NO            ;        0;       4.944;            4.944;               ;               ;     ;            ;                 ;               ;               ;     ;            ;                 ;               ;               ;     ;            ;                 ;           ;         ;          ;            ;           ;                 ; 2507070A3HS008
A3-HS      ; 03/24/2026 08:37:08; 20260324083708449;              1;        1; B            ; B            ; Verginia EMBORRACHADO          ; Verginia EMBORRACHADO          ; LAPIS DE COR-SUV                ; D379         ; SUVINIL                ; SUVINIL                ;             ;        ;         ;        ;      ;        ;  8230051;              800   ;        0.8   ; L       ;            1; DefaultPaintType;               0; 08/25/2025 00:00:00;                                                      ;        ; 0     ;                                                                                                                   ;     ; BA            ; BA            ; 16777215;      14.858;           14.858; JO            ; JO            ;    39372;      16.304;           16.304; RH            ; RH            ;     9366;       1.371;            1.371; NO            ; NO            ;        0;       9.888;            9.888;               ;               ;     ;            ;                 ;               ;               ;     ;            ;                 ;               ;               ;     ;            ;                 ;           ;         ;          ;            ;           ;                 ; 2507070A3HS008
A3-HS      ; 03/23/2026 17:57:41; 20260323175741610;              1;        1;              ;              ;                                ;                                ;                                 ;              ;                        ;                        ;             ;        ;         ;        ;      ;        ; 16711680;                0   ;        1     ; L       ;            3; DefaultPaintType;               0; 03/23/2026 17:57:41;                                                      ;        ; 0     ;                                                                                                                   ;     ; RH            ; RH            ;     9366;      27.43 ;           27.43 ;               ;               ;         ;            ;                 ;               ;               ;         ;            ;                 ;               ;               ;         ;            ;                 ;               ;               ;     ;            ;                 ;               ;               ;     ;            ;                 ;               ;               ;     ;            ;                 ;           ;         ;          ;            ;           ;                 ; 2507070A3HS008
A3-HS      ; 03/23/2026 17:55:26; 20260323175526219;              1;        1;              ;              ;                                ;                                ;                                 ;              ;                        ;                        ;             ;        ;         ;        ;      ;        ; 16711680;                0   ;        1     ; L       ;            3; DefaultPaintType;               0; 03/23/2026 17:55:26;                                                      ;        ; 0     ;                                                                                                                   ;     ; RH            ; RH            ;     9366;      20.664;           20.664;               ;               ;         ;            ;                 ;               ;               ;         ;            ;                 ;               ;               ;         ;            ;                 ;               ;               ;     ;            ;                 ;               ;               ;     ;            ;                 ;               ;               ;     ;            ;                 ;           ;         ;          ;            ;           ;                 ; 2507070A3HS008
A3-HS      ; 03/23/2026 17:39:48; 20260323173948929;              1;        1;              ;              ;                                ;                                ;                                 ;              ;                        ;                        ;             ;        ;         ;        ;      ;        ; 16711680;                0   ;        1     ; L       ;            3; DefaultPaintType;               0; 03/23/2026 17:39:48;                                                      ;        ; 0     ;                                                                                                                   ;     ; RH            ; RH            ;     9366;       1.37 ;            1.37 ;               ;               ;         ;            ;                 ;               ;               ;         ;            ;                 ;               ;               ;         ;            ;                 ;               ;               ;     ;            ;                 ;               ;               ;     ;            ;                 ;               ;               ;     ;            ;                 ;           ;         ;          ;            ;           ;                 ; 2507070A3HS008
A3-HS      ; 03/23/2026 17:20:37; 20260323172037583;              1;        1;              ;              ;                                ;                                ;                                 ;              ;                        ;                        ;             ;        ;         ;        ;      ;        ; 16711680;                0   ;        1     ; L       ;            3; DefaultPaintType;               0; 03/23/2026 17:20:37;                                                      ;        ; 0     ;                                                                                                                   ;     ; NO            ; NO            ;        0;       4    ;            4    ;               ;               ;         ;            ;                 ;               ;               ;         ;            ;                 ;               ;               ;         ;            ;                 ;               ;               ;     ;            ;                 ;               ;               ;     ;            ;                 ;               ;               ;     ;            ;                 ;           ;         ;          ;            ;           ;                 ; 2507070A3HS008
A3-HS      ; 03/23/2026 17:06:40; 20260323170640550;              1;        1;              ;              ;                                ;                                ;                                 ;              ;                        ;                        ;             ;        ;         ;        ;      ;        ; 16711680;                0   ;        1     ; L       ;            3; DefaultPaintType;               0; 03/23/2026 17:06:40;                                                      ;        ; 0     ;                                                                                                                   ;     ; RH            ; RH            ;     9366;       8    ;            8    ; NO            ; NO            ;        0;       6    ;            6    ;               ;               ;         ;            ;                 ;               ;               ;         ;            ;                 ;               ;               ;     ;            ;                 ;               ;               ;     ;            ;                 ;               ;               ;     ;            ;                 ;           ;         ;          ;            ;           ;                 ; 2507070A3HS008
A3-HS      ; 03/23/2026 16:37:34; 20260323163734883;              1;        1;              ;              ;                                ;                                ;                                 ;              ;                        ;                        ;             ;        ;         ;        ;      ;        ; 16711680;                0   ;        1     ; L       ;            3; DefaultPaintType;               0; 03/23/2026 16:37:34;                                                      ;        ; 0     ;                                                                                                                   ;     ; RH            ; RH            ;     9366;       1.087;            1.087;               ;               ;         ;            ;                 ;               ;               ;         ;            ;                 ;               ;               ;         ;            ;                 ;               ;               ;     ;            ;                 ;               ;               ;     ;            ;                 ;               ;               ;     ;            ;                 ;           ;         ;          ;            ;           ;                 ; 2507070A3HS008
A3-HS      ; 03/23/2026 16:05:14; 20260323160514980;              1;        1; A            ; A            ; Verginia SELADOR Arenoso       ; Verginia SELADOR Arenoso       ; LAGUNE VB 59-4006               ; VB 59-4006   ; MAESTRIA Phenix        ; MAESTRIA Phenix        ;             ;        ;         ;        ;      ;        ;  9871104;              800   ;        0.8   ; L       ;            1; DefaultPaintType;               0; 08/25/2025 00:00:00;                                                      ;        ; 0     ;                                                                                                                   ;     ; BE            ; BE            ; 10485760;       4.616;            4.616; BA            ; BA            ; 16777215;       4.335;            4.335; NO            ; NO            ;        0;       0.204;            0.204; VR            ; VR            ;    26112;      12.292;           12.292;               ;               ;     ;            ;                 ;               ;               ;     ;            ;                 ;               ;               ;     ;            ;                 ;           ;         ;          ;            ;           ;                 ; 2507070A3HS008
A3-HS      ; 03/23/2026 15:50:46; 20260323155046519;              1;        1; A            ; A            ; Verginia SELADOR Arenoso       ; Verginia SELADOR Arenoso       ; PASTA DE AMENDOIM-SUV           ; B172         ; SUVINIL                ; SUVINIL                ;             ;        ;         ;        ;      ;        ; 12308707;              800   ;        0.8   ; L       ;            1; DefaultPaintType;               0; 08/25/2025 00:00:00;                                                      ;        ; 0     ;                                                                                                                   ;     ; JO            ; JO            ;    39372;       1.124;            1.124; RH            ; RH            ;     9366;       0.079;            0.079; NO            ; NO            ;        0;       0.187;            0.187;               ;               ;         ;            ;                 ;               ;               ;     ;            ;                 ;               ;               ;     ;            ;                 ;               ;               ;     ;            ;                 ;           ;         ;          ;            ;           ;                 ; 2507070A3HS008
A3-HS      ; 03/23/2026 14:59:29; 20260323145929866;              1;        1; A            ; A            ; Verginia SELADOR Arenoso       ; Verginia SELADOR Arenoso       ; ABACAXI-SUV                     ; B293         ; SUVINIL                ; SUVINIL                ;             ;        ;         ;        ;      ;        ; 11397368;              800   ;        0.8   ; L       ;            1; DefaultPaintType;               0; 08/25/2025 00:00:00;                                                      ;        ; 0     ;                                                                                                                   ;     ; JO            ; JO            ;    39372;       0.51 ;            0.51 ; JP            ; JP            ;    56575;       2.579;            2.579;               ;               ;         ;            ;                 ;               ;               ;         ;            ;                 ;               ;               ;     ;            ;                 ;               ;               ;     ;            ;                 ;               ;               ;     ;            ;                 ;           ;         ;          ;            ;           ;                 ; 2507070A3HS008
A3-HS      ; 03/23/2026 14:08:45; 20260323140845238;              1;        1; AP           ; AP           ; LATEXOR Fosco                  ; LATEXOR Fosco                  ; TINTA BASE AP                   ; TINTA BASE AP;                        ;                        ; VERGINIA    ;        ; CURITIBA;        ;      ;        ;        0;              150   ;        0.15  ; L       ;            2; DefaultPaintType;               0; 05/08/2025 08:48:47; FORMULA PARA CONTROLE DE QUALIDADE DE BASES AP TINTAS;        ; 0     ;                                                                                                                   ;     ; BE            ; BE            ; 10485760;       5    ;            5    ;               ;               ;         ;            ;                 ;               ;               ;         ;            ;                 ;               ;               ;         ;            ;                 ;               ;               ;     ;            ;                 ;               ;               ;     ;            ;                 ;               ;               ;     ;            ;                 ;           ;         ;          ;            ;           ;                 ; 2507070A3HS008
A3-HS      ; 03/23/2026 09:04:44; 20260323090444752;              1;        1; C            ; C            ; Verginia SELADOR Arenoso       ; Verginia SELADOR Arenoso       ; CAIS DO PORTO-SUV               ; E167         ; SUVINIL                ; SUVINIL                ;             ;        ;         ;        ;      ;        ;  5661298;              800   ;        0.8   ; L       ;            1; DefaultPaintType;               0; 08/25/2025 00:00:00;                                                      ;        ; 0     ;                                                                                                                   ;     ; BA            ; BA            ; 16777215;       5.624;            5.624; JO            ; JO            ;    39372;       6.935;            6.935; RH            ; RH            ;     9366;       1.501;            1.501; NO            ; NO            ;        0;       6.519;            6.519;               ;               ;     ;            ;                 ;               ;               ;     ;            ;                 ;               ;               ;     ;            ;                 ;           ;         ;          ;            ;           ;                 ; 2507070A3HS008
A3-HS      ; 03/23/2026 08:57:35; 20260323085735049;              1;        1; C            ; C            ; Verginia SELADOR Arenoso       ; Verginia SELADOR Arenoso       ; ROCK N ROLL-SUV                 ; R750         ; SUVINIL                ; SUVINIL                ;             ;        ;         ;        ;      ;        ;  4343112;              800   ;        0.8   ; L       ;            1; DefaultPaintType;               0; 08/25/2025 00:00:00;                                                      ;        ; 0     ;                                                                                                                   ;     ; BA            ; BA            ; 16777215;       0.269;            0.269; JO            ; JO            ;    39372;       4.664;            4.664; RH            ; RH            ;     9366;       0.816;            0.816; NO            ; NO            ;        0;      14.695;           14.695;               ;               ;     ;            ;                 ;               ;               ;     ;            ;                 ;               ;               ;     ;            ;                 ;           ;         ;          ;            ;           ;                 ; 2507070A3HS008
A3-HS      ; 03/23/2026 08:48:18; 20260323084818639;              1;        1; C            ; C            ; Verginia SELADOR Arenoso       ; Verginia SELADOR Arenoso       ; CAIS DO PORTO-SUV               ; E167         ; SUVINIL                ; SUVINIL                ;             ;        ;         ;        ;      ;        ;  5661298;              800   ;        0.8   ; L       ;            1; DefaultPaintType;               0; 08/25/2025 00:00:00;                                                      ;        ; 0     ;                                                                                                                   ;     ; BA            ; BA            ; 16777215;       5.624;            5.624; JO            ; JO            ;    39372;       6.935;            6.935; RH            ; RH            ;     9366;       1.501;            1.501; NO            ; NO            ;        0;       6.519;            6.519;               ;               ;     ;            ;                 ;               ;               ;     ;            ;                 ;               ;               ;     ;            ;                 ;           ;         ;          ;            ;           ;                 ; 2507070A3HS008
A3-HS      ; 03/23/2026 08:37:52; 20260323083752967;              1;        1; IM           ; IM           ; LATEXOR Fosco                  ; LATEXOR Fosco                  ; TINTA BASE BM                   ; TINTA BASE BM;                        ;                        ; VERGINIA    ;        ; CURITIBA;        ;      ;        ;        0;              150   ;        0.15  ; L       ;            2; DefaultPaintType;               0; 05/08/2025 08:52:23; FORMULA PARA CONTROLE DE BASES BM TINTAS             ;        ; 0     ;                                                                                                                   ;     ; BE            ; BE            ; 10485760;       6    ;            6    ; BA            ; BA            ; 16777215;       3    ;            3    ;               ;               ;         ;            ;                 ;               ;               ;         ;            ;                 ;               ;               ;     ;            ;                 ;               ;               ;     ;            ;                 ;               ;               ;     ;            ;                 ;           ;         ;          ;            ;           ;                 ; 2507070A3HS008
A3-HS      ; 03/20/2026 17:02:41; 20260320170241970;              1;        1; B            ; B            ; Verginia EMBORRACHADO          ; Verginia EMBORRACHADO          ; LAPIS DE COR-SUV                ; D379         ; SUVINIL                ; SUVINIL                ;             ;        ;         ;        ;      ;        ;  8230051;              800   ;        0.8   ; L       ;            1; DefaultPaintType;               0; 08/25/2025 00:00:00;                                                      ;        ; 0     ;                                                                                                                   ;     ; BA            ; BA            ; 16777215;      14.858;           14.858; JO            ; JO            ;    39372;      16.304;           16.304; RH            ; RH            ;     9366;       1.371;            1.371; NO            ; NO            ;        0;       9.888;            9.888;               ;               ;     ;            ;                 ;               ;               ;     ;            ;                 ;               ;               ;     ;            ;                 ;           ;         ;          ;            ;           ;                 ; 2507070A3HS008
A3-HS      ; 03/20/2026 16:42:24; 20260320164224238;              1;        1;              ;              ;                                ;                                ;                                 ;              ;                        ;                        ;             ;        ;         ;        ;      ;        ; 16711680;                0   ;        1     ; L       ;            3; DefaultPaintType;               0; 03/20/2026 16:42:24;                                                      ;        ; 0     ;                                                                                                                   ;     ; JO            ; JO            ;    39372;       7.07 ;            7.07 ; RH            ; RH            ;     9366;       0.578;            0.578; NO            ; NO            ;        0;       6.835;            6.835;               ;               ;         ;            ;                 ;               ;               ;     ;            ;                 ;               ;               ;     ;            ;                 ;               ;               ;     ;            ;                 ;           ;         ;          ;            ;           ;                 ; 2507070A3HS008
A3-HS      ; 03/19/2026 09:14:11; 20260319091411268;              1;        1; B            ; B            ; Verginia PREMIUM Fosco         ; Verginia PREMIUM Fosco         ; FLOR DE ANIS-SUV                ; D263         ; SUVINIL                ; SUVINIL                ;             ;        ;         ;        ;      ;        ;  8230078;             3200   ;        3.2   ; L       ;            1; DefaultPaintType;               0; 08/25/2025 00:00:00;                                                      ;        ; 0     ;                                                                                                                   ;     ; BA            ; BA            ; 16777215;     117.473;          117.473; JO            ; JO            ;    39372;      80.213;           80.213; RH            ; RH            ;     9366;      24.264;           24.264; NO            ; NO            ;        0;      17.694;           17.694;               ;               ;     ;            ;                 ;               ;               ;     ;            ;                 ;               ;               ;     ;            ;                 ;           ;         ;          ;            ;           ;                 ; 2507070A3HS008
A3-HS      ; 03/18/2026 16:26:00; 20260318162600137;              1;        1; A            ; A            ; Verginia PREMIUM Fosco         ; Verginia PREMIUM Fosco         ; MARROM SUSSURO-SUV              ; B364         ; SUVINIL                ; SUVINIL                ;             ;        ;         ;        ;      ;        ; 12238022;              800   ;        0.8   ; L       ;            1; DefaultPaintType;               0; 08/25/2025 00:00:00;                                                      ;        ; 0     ;                                                                                                                   ;     ; JO            ; JO            ;    39372;       0.142;            0.142; RH            ; RH            ;     9366;       1.248;            1.248; NO            ; NO            ;        0;       4.5  ;            4.5  ;               ;               ;         ;            ;                 ;               ;               ;     ;            ;                 ;               ;               ;     ;            ;                 ;               ;               ;     ;            ;                 ;           ;         ;          ;            ;           ;                 ; 2507070A3HS008
A3-HS      ; 03/18/2026 16:22:39; 20260318162239931;              1;        1; A            ; A            ; Verginia PREMIUM Fosco         ; Verginia PREMIUM Fosco         ; RECHEIO DE AVELA-SUV            ; X085         ; SUVINIL                ; SUVINIL                ;             ;        ;         ;        ;      ;        ; 10270675;              800   ;        0.8   ; L       ;            1; DefaultPaintType;               0; 08/25/2025 00:00:00;                                                      ;        ; 0     ;                                                                                                                   ;     ; JO            ; JO            ;    39372;      14.758;           14.758; RH            ; RH            ;     9366;       1.51 ;            1.51 ; NO            ; NO            ;        0;       2.573;            2.573;               ;               ;         ;            ;                 ;               ;               ;     ;            ;                 ;               ;               ;     ;            ;                 ;               ;               ;     ;            ;                 ;           ;         ;          ;            ;           ;                 ; 2507070A3HS008
A3-HS      ; 03/18/2026 16:20:39; 20260318162039818;              1;        1; A            ; A            ; Verginia PREMIUM Fosco         ; Verginia PREMIUM Fosco         ; VERDE AGUA-RM029-SUV            ; RM029        ; SUVINIL                ; SUVINIL                ;             ;        ;         ;        ;      ;        ; 14215644;              800   ;        0.8   ; L       ;            1; DefaultPaintType;               0; 08/25/2025 00:00:00;                                                      ;        ; 0     ;                                                                                                                   ;     ; JO            ; JO            ;    39372;       0.963;            0.963; NO            ; NO            ;        0;       0.035;            0.035; VR            ; VR            ;    26112;       0.343;            0.343;               ;               ;         ;            ;                 ;               ;               ;     ;            ;                 ;               ;               ;     ;            ;                 ;               ;               ;     ;            ;                 ;           ;         ;          ;            ;           ;                 ; 2507070A3HS008
A3-HS      ; 03/18/2026 15:33:34; 20260318153334516;              1;        1; AP           ; AP           ; LATEXOR Fosco                  ; LATEXOR Fosco                  ; TINTA BASE AP                   ; TINTA BASE AP;                        ;                        ; VERGINIA    ;        ; CURITIBA;        ;      ;        ;        0;              150   ;        0.15  ; L       ;            2; DefaultPaintType;               0; 05/08/2025 08:48:47; FORMULA PARA CONTROLE DE QUALIDADE DE BASES AP TINTAS;        ; 0     ;                                                                                                                   ;     ; BE            ; BE            ; 10485760;       5    ;            5    ;               ;               ;         ;            ;                 ;               ;               ;         ;            ;                 ;               ;               ;         ;            ;                 ;               ;               ;     ;            ;                 ;               ;               ;     ;            ;                 ;               ;               ;     ;            ;                 ;           ;         ;          ;            ;           ;                 ; 2507070A3HS008
A3-HS      ; 03/18/2026 13:48:34; 20260318134834425;              1;        1; B            ; B            ; Verginia PREMIUM Fosco         ; Verginia PREMIUM Fosco         ; FLOR DE ANIS-SUV                ; D263         ; SUVINIL                ; SUVINIL                ;             ;        ;         ;        ;      ;        ;  8230078;              643   ;        0.643 ; L       ;            1; DefaultPaintType;               0; 08/25/2025 00:00:00;                                                      ;        ; 0     ;                                                                                                                   ;     ; BA            ; BA            ; 16777215;      23.605;           23.605; JO            ; JO            ;    39372;      16.118;           16.118; RH            ; RH            ;     9366;       4.876;            4.876; NO            ; NO            ;        0;       3.555;            3.555;               ;               ;     ;            ;                 ;               ;               ;     ;            ;                 ;               ;               ;     ;            ;                 ;           ;         ;          ;            ;           ;                 ; 2507070A3HS008
A3-HS      ; 03/11/2026 17:54:02; 20260311175402538;              1;        1; A            ; A            ; Verginia EMBORRACHADO          ; Verginia EMBORRACHADO          ; AREIA-RM003-SUV                 ; RM003        ; SUVINIL                ; SUVINIL                ;             ;        ;         ;        ;      ;        ; 11848416;              800   ;        0.8   ; L       ;            1; DefaultPaintType;               0; 08/25/2025 00:00:00;                                                      ;        ; 0     ;                                                                                                                   ;     ; JO            ; JO            ;    39372;       4.051;            4.051; RH            ; RH            ;     9366;       0.509;            0.509; NO            ; NO            ;        0;       0.744;            0.744;               ;               ;         ;            ;                 ;               ;               ;     ;            ;                 ;               ;               ;     ;            ;                 ;               ;               ;     ;            ;                 ;           ;         ;          ;            ;           ;                 ; 2507070A3HS008
A3-HS      ; 03/11/2026 17:52:25; 20260311175225290;              1;        1; A            ; A            ; Verginia EMBORRACHADO          ; Verginia EMBORRACHADO          ; CROMIO-SUV                      ; B161         ; SUVINIL                ; SUVINIL                ;             ;        ;         ;        ;      ;        ; 13226194;              800   ;        0.8   ; L       ;            1; DefaultPaintType;               0; 08/25/2025 00:00:00;                                                      ;        ; 0     ;                                                                                                                   ;     ; JO            ; JO            ;    39372;       1.103;            1.103; RH            ; RH            ;     9366;       0.077;            0.077; NO            ; NO            ;        0;       1.833;            1.833;               ;               ;         ;            ;                 ;               ;               ;     ;            ;                 ;               ;               ;     ;            ;                 ;               ;               ;     ;            ;                 ;           ;         ;          ;            ;           ;                 ; 2507070A3HS008
A3-HS      ; 03/11/2026 17:48:54; 20260311174854355;              1;        1; A            ; A            ; Verginia EMBORRACHADO          ; Verginia EMBORRACHADO          ; PRATA-SUV                       ; C161         ; SUVINIL                ; SUVINIL                ;             ;        ;         ;        ;      ;        ; 12107455;              800   ;        0.8   ; L       ;            1; DefaultPaintType;               0; 08/25/2025 00:00:00;                                                      ;        ; 0     ;                                                                                                                   ;     ; JO            ; JO            ;    39372;       2.179;            2.179; RH            ; RH            ;     9366;       0.192;            0.192; NO            ; NO            ;        0;       4.519;            4.519;               ;               ;         ;            ;                 ;               ;               ;     ;            ;                 ;               ;               ;     ;            ;                 ;               ;               ;     ;            ;                 ;           ;         ;          ;            ;           ;                 ; 2507070A3HS008
A3-HS      ; 03/11/2026 17:13:00; 20260311171300649;              1;        1; C            ; C            ; Verginia PREMIUM Fosco         ; Verginia PREMIUM Fosco         ; CAFE COM NATA-SUV               ; Y037         ; SUVINIL                ; SUVINIL                ;             ;        ;         ;        ;      ;        ;  5200234;              800   ;        0.8   ; L       ;            1; DefaultPaintType;               0; 08/25/2025 00:00:00;                                                      ;        ; 0     ;                                                                                                                   ;     ; BA            ; BA            ; 16777215;      17.742;           17.742; JO            ; JO            ;    39372;      23.589;           23.589; RH            ; RH            ;     9366;       9.77 ;            9.77 ; NO            ; NO            ;        0;      34.927;           34.927;               ;               ;     ;            ;                 ;               ;               ;     ;            ;                 ;               ;               ;     ;            ;                 ;           ;         ;          ;            ;           ;                 ; 2507070A3HS008
A3-HS      ; 03/11/2026 16:47:24; 20260311164724703;              1;        1; AP           ; AP           ; LATEXOR Fosco                  ; LATEXOR Fosco                  ; TINTA BASE AP                   ; TINTA BASE AP;                        ;                        ; VERGINIA    ;        ; CURITIBA;        ;      ;        ;        0;              150   ;        0.15  ; L       ;            2; DefaultPaintType;               0; 05/08/2025 08:48:47; FORMULA PARA CONTROLE DE QUALIDADE DE BASES AP TINTAS;        ; 0     ;                                                                                                                   ;     ; BE            ; BE            ; 10485760;       5    ;            5    ;               ;               ;         ;            ;                 ;               ;               ;         ;            ;                 ;               ;               ;         ;            ;                 ;               ;               ;     ;            ;                 ;               ;               ;     ;            ;                 ;               ;               ;     ;            ;                 ;           ;         ;          ;            ;           ;                 ; 2507070A3HS008
A3-HS      ; 03/11/2026 14:50:27; 20260311145027593;              1;        1; C            ; C            ; Verginia PREMIUM Fosco         ; Verginia PREMIUM Fosco         ; TERRACOTA-SUV                   ; R118         ; SUVINIL                ; SUVINIL                ;             ;        ;         ;        ;      ;        ;  3558299;             3200   ;        3.2   ; L       ;            1; DefaultPaintType;               0; 08/25/2025 00:00:00;                                                      ;        ; 0     ;                                                                                                                   ;     ; BA            ; BA            ; 16777215;       5.482;            5.482; RH            ; RH            ;     9366;       7.237;            7.237; NO            ; NO            ;        0;      12.5  ;           12.5  ; OV            ; OV            ;    42495;     332.675;          332.675;               ;               ;     ;            ;                 ;               ;               ;     ;            ;                 ;               ;               ;     ;            ;                 ;           ;         ;          ;            ;           ;                 ; 2507070A3HS008
A3-HS      ; 03/04/2026 15:01:31; 20260304150131346;              1;        1; A            ; A            ; Verginia GRAFIATO              ; Verginia GRAFIATO              ; ALUMINIUM BV 70-0006            ; BV 70-0006   ; MAESTRIA Phenix        ; MAESTRIA Phenix        ;             ;        ;         ;        ;      ;        ; 11840678;             1916.6 ;        1.9166; L       ;            1; DefaultPaintType;               0; 08/25/2025 00:00:00;                                                      ;        ; 0     ;                                                                                                                   ;     ; BA            ; BA            ; 16777215;      19.166;           19.166; NO            ; NO            ;        0;       5.65 ;            5.65 ; VI            ; VI            ;  5189455;       0.582;            0.582;               ;               ;         ;            ;                 ;               ;               ;     ;            ;                 ;               ;               ;     ;            ;                 ;               ;               ;     ;            ;                 ;           ;         ;          ;            ;           ;                 ; 2507070A3HS008
A3-HS      ; 03/04/2026 14:56:21; 20260304145621851;              1;        1; A            ; A            ; Verginia GRAFIATO              ; Verginia GRAFIATO              ; EPIDERME RJ 76-2611             ; RJ 76-2611   ; MAESTRIA Phenix        ; MAESTRIA Phenix        ;             ;        ;         ;        ;      ;        ; 10988275;             1916.6 ;        1.9166; L       ;            1; DefaultPaintType;               0; 08/25/2025 00:00:00;                                                      ;        ; 0     ;                                                                                                                   ;     ; BA            ; BA            ; 16777215;      19.166;           19.166; RH            ; RH            ;     9366;       0.532;            0.532; OP            ; OP            ;  3373284;       1.806;            1.806; RP            ; RP            ;      255;       4.596;            4.596;               ;               ;     ;            ;                 ;               ;               ;     ;            ;                 ;               ;               ;     ;            ;                 ;           ;         ;          ;            ;           ;                 ; 2507070A3HS008
A3-HS      ; 03/04/2026 14:03:13; 20260304140313031;              1;        1;              ;              ;                                ;                                ;                                 ;              ;                        ;                        ;             ;        ;         ;        ;      ;        ; 16711680;                0   ;        1     ; L       ;            3; DefaultPaintType;               0; 03/04/2026 14:03:13;                                                      ;        ; 0     ;                                                                                                                   ;     ; BE            ; BE            ; 10485760;       5    ;            5    ;               ;               ;         ;            ;                 ;               ;               ;         ;            ;                 ;               ;               ;         ;            ;                 ;               ;               ;     ;            ;                 ;               ;               ;     ;            ;                 ;               ;               ;     ;            ;                 ;           ;         ;          ;            ;           ;                 ; 2507070A3HS008
A3-HS      ; 03/04/2026 13:41:24; 20260304134124117;              1;        1; C            ; C            ; Verginia PREMIUM Fosco         ; Verginia PREMIUM Fosco         ; MARMOTTE JR 39-1414             ; JR 39-1414   ; MAESTRIA Phenix        ; MAESTRIA Phenix        ;             ;        ;         ;        ;      ;        ;  4609402;              800   ;        0.8   ; L       ;            1; DefaultPaintType;               0; 08/25/2025 00:00:00;                                                      ;        ; 0     ;                                                                                                                   ;     ; BA            ; BA            ; 16777215;      11.299;           11.299; JO            ; JO            ;    39372;      37.652;           37.652; RH            ; RH            ;     9366;      21.141;           21.141; NO            ; NO            ;        0;      18.796;           18.796;               ;               ;     ;            ;                 ;               ;               ;     ;            ;                 ;               ;               ;     ;            ;                 ;           ;         ;          ;            ;           ;                 ; 2507070A3HS008
A3-HS      ; 03/04/2026 13:38:13; 20260304133813278;              1;        1; C            ; C            ; Verginia PREMIUM Fosco         ; Verginia PREMIUM Fosco         ; BITUME RJ 27-0101               ; RJ 27-0101   ; MAESTRIA Phenix        ; MAESTRIA Phenix        ;             ;        ;         ;        ;      ;        ;  4013634;              800   ;        0.8   ; L       ;            1; DefaultPaintType;               0; 08/25/2025 00:00:00;                                                      ;        ; 0     ;                                                                                                                   ;     ; RH            ; RH            ;     9366;       5.744;            5.744; NO            ; NO            ;        0;      82.686;           82.686; MA            ; MA            ;  1513356;       0.459;            0.459;               ;               ;         ;            ;                 ;               ;               ;     ;            ;                 ;               ;               ;     ;            ;                 ;               ;               ;     ;            ;                 ;           ;         ;          ;            ;           ;                 ; 2507070A3HS008
A3-HS      ; 03/04/2026 11:11:29; 20260304111129773;              1;        1; IM           ; IM           ; LATEXOR Fosco                  ; LATEXOR Fosco                  ; TINTA BASE BM                   ; TINTA BASE BM;                        ;                        ; VERGINIA    ;        ; CURITIBA;        ;      ;        ;        0;              150   ;        0.15  ; L       ;            2; DefaultPaintType;               0; 05/08/2025 08:52:23; FORMULA PARA CONTROLE DE BASES BM TINTAS             ;        ; 0     ;                                                                                                                   ;     ; BE            ; BE            ; 10485760;       6    ;            6    ; BA            ; BA            ; 16777215;       3    ;            3    ;               ;               ;         ;            ;                 ;               ;               ;         ;            ;                 ;               ;               ;     ;            ;                 ;               ;               ;     ;            ;                 ;               ;               ;     ;            ;                 ;           ;         ;          ;            ;           ;                 ; 2507070A3HS008
A3-HS      ; 03/02/2026 16:48:08; 20260302164808011;              1;        1; A            ; A            ; Verginia EMBORRACHADO          ; Verginia EMBORRACHADO          ; CHOU CHINOIS JV 82-1418         ; JV 82-1418   ; MAESTRIA Phenix        ; MAESTRIA Phenix        ;             ;        ;         ;        ;      ;        ; 11195582;              800   ;        0.8   ; L       ;            1; DefaultPaintType;               0; 08/25/2025 00:00:00;                                                      ;        ; 0     ;                                                                                                                   ;     ; JO            ; JO            ;    39372;       6.823;            6.823; JP            ; JP            ;    56575;       4.004;            4.004; VR            ; VR            ;    26112;       1.73 ;            1.73 ;               ;               ;         ;            ;                 ;               ;               ;     ;            ;                 ;               ;               ;     ;            ;                 ;               ;               ;     ;            ;                 ;           ;         ;          ;            ;           ;                 ; 2507070A3HS008
A3-HS      ; 03/02/2026 16:46:18; 20260302164618836;              1;        1; A            ; A            ; Verginia EMBORRACHADO          ; Verginia EMBORRACHADO          ; GALET BLEU BV 66-0618           ; BV 66-0618   ; MAESTRIA Phenix        ; MAESTRIA Phenix        ;             ;        ;         ;        ;      ;        ; 12494211;              800   ;        0.8   ; L       ;            1; DefaultPaintType;               0; 08/25/2025 00:00:00;                                                      ;        ; 0     ;                                                                                                                   ;     ; BE            ; BE            ; 10485760;       4.006;            4.006; NO            ; NO            ;        0;       5.449;            5.449; VI            ; VI            ;  5189455;       3.045;            3.045;               ;               ;         ;            ;                 ;               ;               ;     ;            ;                 ;               ;               ;     ;            ;                 ;               ;               ;     ;            ;                 ;           ;         ;          ;            ;           ;                 ; 2507070A3HS008
A3-HS      ; 03/02/2026 16:44:46; 20260302164446150;              1;        1; A            ; A            ; Verginia EMBORRACHADO          ; Verginia EMBORRACHADO          ; ZEN BV 89-0206                  ; BV 89-0206   ; MAESTRIA Phenix        ; MAESTRIA Phenix        ;             ;        ;         ;        ;      ;        ; 15327702;              800   ;        0.8   ; L       ;            1; DefaultPaintType;               0; 08/25/2025 00:00:00;                                                      ;        ; 0     ;                                                                                                                   ;     ; BE            ; BE            ; 10485760;       0.145;            0.145; NO            ; NO            ;        0;       0.115;            0.115; VI            ; VI            ;  5189455;       0.252;            0.252;               ;               ;         ;            ;                 ;               ;               ;     ;            ;                 ;               ;               ;     ;            ;                 ;               ;               ;     ;            ;                 ;           ;         ;          ;            ;           ;                 ; 2507070A3HS008
A3-HS      ; 03/02/2026 16:01:57; 20260302160157489;              1;        1; AP           ; AP           ; LATEXOR Fosco                  ; LATEXOR Fosco                  ; TINTA BASE AP                   ; TINTA BASE AP;                        ;                        ; VERGINIA    ;        ; CURITIBA;        ;      ;        ;        0;              150   ;        0.15  ; L       ;            2; DefaultPaintType;               0; 05/08/2025 08:48:47; FORMULA PARA CONTROLE DE QUALIDADE DE BASES AP TINTAS;        ; 0     ;                                                                                                                   ;     ; BE            ; BE            ; 10485760;       5    ;            5    ;               ;               ;         ;            ;                 ;               ;               ;         ;            ;                 ;               ;               ;         ;            ;                 ;               ;               ;     ;            ;                 ;               ;               ;     ;            ;                 ;               ;               ;     ;            ;                 ;           ;         ;          ;            ;           ;                 ; 2507070A3HS008
A3-HS      ; 02/24/2026 10:06:33; 20260224100633499;              1;        1; B            ; B            ; Verginia TINTA TEXTURA/GRAFIATO; Verginia TINTA TEXTURA/GRAFIATO; ACIER TREMPE BV 58-0105         ; BV 58-0105   ; MAESTRIA Phenix Facades; MAESTRIA Phenix Facades;             ;        ;         ;        ;      ;        ;  9670022;            32000   ;       32     ; L       ;            1; DefaultPaintType;               0; 08/25/2025 00:00:00;                                                      ;        ; 0     ;                                                                                                                   ;     ; BA            ; BA            ; 16777215;      68.491;           68.491; NO            ; NO            ;        0;     239.718;          239.718; VI            ; VI            ;  5189455;       4.794;            4.794;               ;               ;         ;            ;                 ;               ;               ;     ;            ;                 ;               ;               ;     ;            ;                 ;               ;               ;     ;            ;                 ;           ;         ;          ;            ;           ;                 ; 2507070A3HS008
A3-HS      ; 02/24/2026 10:04:05; 20260224100405276;              1;        1; B            ; B            ; Verginia TINTA TEXTURA/GRAFIATO; Verginia TINTA TEXTURA/GRAFIATO; ACIER TREMPE BV 58-0105         ; BV 58-0105   ; MAESTRIA Phenix Facades; MAESTRIA Phenix Facades;             ;        ;         ;        ;      ;        ;  9670022;            32000   ;       32     ; L       ;            1; DefaultPaintType;               0; 08/25/2025 00:00:00;                                                      ;        ; 0     ;                                                                                                                   ;     ; BA            ; BA            ; 16777215;      68.491;           68.491; NO            ; NO            ;        0;     239.718;          239.718; VI            ; VI            ;  5189455;       4.794;            4.794;               ;               ;         ;            ;                 ;               ;               ;     ;            ;                 ;               ;               ;     ;            ;                 ;               ;               ;     ;            ;                 ;           ;         ;          ;            ;           ;                 ; 2507070A3HS008
A3-HS      ; 02/24/2026 09:51:09; 20260224095109015;              1;        1; B            ; B            ; Verginia TINTA TEXTURA/GRAFIATO; Verginia TINTA TEXTURA/GRAFIATO; ACIER TREMPE BV 58-0105         ; BV 58-0105   ; MAESTRIA Phenix Facades; MAESTRIA Phenix Facades;             ;        ;         ;        ;      ;        ;  9670022;            32000   ;       32     ; L       ;            1; DefaultPaintType;               0; 08/25/2025 00:00:00;                                                      ;        ; 0     ;                                                                                                                   ;     ; BA            ; BA            ; 16777215;      68.491;           68.491; NO            ; NO            ;        0;     239.718;          239.718; VI            ; VI            ;  5189455;       4.794;            4.794;               ;               ;         ;            ;                 ;               ;               ;     ;            ;                 ;               ;               ;     ;            ;                 ;               ;               ;     ;            ;                 ;           ;         ;          ;            ;           ;                 ; 2507070A3HS008
A3-HS      ; 02/24/2026 09:42:02; 20260224094202904;              1;        1; B            ; B            ; Verginia TINTA TEXTURA/GRAFIATO; Verginia TINTA TEXTURA/GRAFIATO; ACIER TREMPE BV 58-0105         ; BV 58-0105   ; MAESTRIA Phenix Facades; MAESTRIA Phenix Facades;             ;        ;         ;        ;      ;        ;  9670022;            32000   ;       32     ; L       ;            1; DefaultPaintType;               0; 08/25/2025 00:00:00;                                                      ;        ; 0     ;                                                                                                                   ;     ; BA            ; BA            ; 16777215;      68.491;           68.491; NO            ; NO            ;        0;     239.718;          239.718; VI            ; VI            ;  5189455;       4.794;            4.794;               ;               ;         ;            ;                 ;               ;               ;     ;            ;                 ;               ;               ;     ;            ;                 ;               ;               ;     ;            ;                 ;           ;         ;          ;            ;           ;                 ; 2507070A3HS008
A3-HS      ; 02/24/2026 09:38:08; 20260224093808970;              1;        1; B            ; B            ; Verginia TINTA TEXTURA/GRAFIATO; Verginia TINTA TEXTURA/GRAFIATO; ACIER TREMPE BV 58-0105         ; BV 58-0105   ; MAESTRIA Phenix Facades; MAESTRIA Phenix Facades;             ;        ;         ;        ;      ;        ;  9670022;            32000   ;       32     ; L       ;            1; DefaultPaintType;               0; 08/25/2025 00:00:00;                                                      ;        ; 0     ;                                                                                                                   ;     ; BA            ; BA            ; 16777215;      68.491;           68.491; NO            ; NO            ;        0;     239.718;          239.718; VI            ; VI            ;  5189455;       4.794;            4.794;               ;               ;         ;            ;                 ;               ;               ;     ;            ;                 ;               ;               ;     ;            ;                 ;               ;               ;     ;            ;                 ;           ;         ;          ;            ;           ;                 ; 2507070A3HS008
A3-HS      ; 02/24/2026 09:17:30; 20260224091730165;              1;        1; B            ; B            ; Verginia TINTA TEXTURA/GRAFIATO; Verginia TINTA TEXTURA/GRAFIATO; ACIER TREMPE BV 58-0105         ; BV 58-0105   ; MAESTRIA Phenix Facades; MAESTRIA Phenix Facades;             ;        ;         ;        ;      ;        ;  9670022;            32000   ;       32     ; L       ;            1; DefaultPaintType;               0; 08/25/2025 00:00:00;                                                      ;        ; 0     ;                                                                                                                   ;     ; BA            ; BA            ; 16777215;      68.491;           68.491; NO            ; NO            ;        0;     239.718;          239.718; VI            ; VI            ;  5189455;       4.794;            4.794;               ;               ;         ;            ;                 ;               ;               ;     ;            ;                 ;               ;               ;     ;            ;                 ;               ;               ;     ;            ;                 ;           ;         ;          ;            ;           ;                 ; 2507070A3HS008
A3-HS      ; 02/23/2026 18:01:32; 20260223180132162;              1;        1; B            ; B            ; Verginia TINTA TEXTURA/GRAFIATO; Verginia TINTA TEXTURA/GRAFIATO; ACIER TREMPE BV 58-0105         ; BV 58-0105   ; MAESTRIA Phenix Facades; MAESTRIA Phenix Facades;             ;        ;         ;        ;      ;        ;  9670022;             3200   ;        3.2   ; L       ;            1; DefaultPaintType;               0; 08/25/2025 00:00:00;                                                      ;        ; 0     ;                                                                                                                   ;     ; BA            ; BA            ; 16777215;       6.849;            6.849; NO            ; NO            ;        0;      23.972;           23.972; VI            ; VI            ;  5189455;       0.479;            0.479;               ;               ;         ;            ;                 ;               ;               ;     ;            ;                 ;               ;               ;     ;            ;                 ;               ;               ;     ;            ;                 ;           ;         ;          ;            ;           ;                 ; 2507070A3HS008
A3-HS      ; 02/23/2026 17:40:52; 20260223174052081;              1;        1; B            ; B            ; Verginia TINTA TEXTURA/GRAFIATO; Verginia TINTA TEXTURA/GRAFIATO; ACIER TREMPE BV 58-0105         ; BV 58-0105   ; MAESTRIA Phenix Facades; MAESTRIA Phenix Facades;             ;        ;         ;        ;      ;        ;  9670022;             3200   ;        3.2   ; L       ;            1; DefaultPaintType;               0; 08/25/2025 00:00:00;                                                      ;        ; 0     ;                                                                                                                   ;     ; BA            ; BA            ; 16777215;       6.849;            6.849; NO            ; NO            ;        0;      23.972;           23.972; VI            ; VI            ;  5189455;       0.479;            0.479;               ;               ;         ;            ;                 ;               ;               ;     ;            ;                 ;               ;               ;     ;            ;                 ;               ;               ;     ;            ;                 ;           ;         ;          ;            ;           ;                 ; 2507070A3HS008
A3-HS      ; 02/23/2026 17:39:23; 20260223173923504;              1;        1; B            ; B            ; Verginia TINTA TEXTURA/GRAFIATO; Verginia TINTA TEXTURA/GRAFIATO; ACIER TREMPE BV 58-0105         ; BV 58-0105   ; MAESTRIA Phenix Facades; MAESTRIA Phenix Facades;             ;        ;         ;        ;      ;        ;  9670022;             3200   ;        3.2   ; L       ;            1; DefaultPaintType;               0; 08/25/2025 00:00:00;                                                      ;        ; 0     ;                                                                                                                   ;     ; BA            ; BA            ; 16777215;       6.849;            6.849; NO            ; NO            ;        0;      23.972;           23.972; VI            ; VI            ;  5189455;       0.479;            0.479;               ;               ;         ;            ;                 ;               ;               ;     ;            ;                 ;               ;               ;     ;            ;                 ;               ;               ;     ;            ;                 ;           ;         ;          ;            ;           ;                 ; 2507070A3HS008
A3-HS      ; 02/23/2026 16:36:43; 20260223163643420;              1;        1; B            ; B            ; Verginia TINTA TEXTURA/GRAFIATO; Verginia TINTA TEXTURA/GRAFIATO; ACIER TREMPE BV 58-0105         ; BV 58-0105   ; MAESTRIA Phenix Facades; MAESTRIA Phenix Facades;             ;        ;         ;        ;      ;        ;  9670022;              712   ;        0.712 ; L       ;            1; DefaultPaintType;               0; 08/25/2025 00:00:00;                                                      ;        ; 0     ;                                                                                                                   ;     ; BA            ; BA            ; 16777215;       1.524;            1.524; NO            ; NO            ;        0;       5.334;            5.334; VI            ; VI            ;  5189455;       0.107;            0.107;               ;               ;         ;            ;                 ;               ;               ;     ;            ;                 ;               ;               ;     ;            ;                 ;               ;               ;     ;            ;                 ;           ;         ;          ;            ;           ;                 ; 2507070A3HS008
A3-HS      ; 02/23/2026 14:59:50; 20260223145950609;              1;        1;              ;              ;                                ;                                ;                                 ;              ;                        ;                        ;             ;        ;         ;        ;      ;        ; 16711680;                0   ;        1     ; L       ;            3; DefaultPaintType;               0; 02/23/2026 14:59:50;                                                      ;        ; 0     ;                                                                                                                   ;     ; BA            ; BA            ; 16777215;       6.88 ;            6.88 ; NO            ; NO            ;        0;      26.25 ;           26.25 ; VI            ; VI            ;  5189455;       0.52 ;            0.52 ;               ;               ;         ;            ;                 ;               ;               ;     ;            ;                 ;               ;               ;     ;            ;                 ;               ;               ;     ;            ;                 ;           ;         ;          ;            ;           ;                 ; 2507070A3HS008
A3-HS      ; 02/23/2026 14:18:15; 20260223141815257;              1;        1; B            ; B            ; Verginia TINTA TEXTURA/GRAFIATO; Verginia TINTA TEXTURA/GRAFIATO; ACIER TREMPE BV 58-0105         ; BV 58-0105   ; MAESTRIA Phenix Facades; MAESTRIA Phenix Facades;             ;        ;         ;        ;      ;        ;  9670022;              800   ;        0.8   ; L       ;            1; DefaultPaintType;               0; 08/25/2025 00:00:00;                                                      ;        ; 0     ;                                                                                                                   ;     ; BA            ; BA            ; 16777215;       1.712;            1.712; NO            ; NO            ;        0;       5.993;            5.993; VI            ; VI            ;  5189455;       0.12 ;            0.12 ;               ;               ;         ;            ;                 ;               ;               ;     ;            ;                 ;               ;               ;     ;            ;                 ;               ;               ;     ;            ;                 ;           ;         ;          ;            ;           ;                 ; 2507070A3HS008
A3-HS      ; 02/12/2026 11:36:27; 20260212113627073;              1;        1; A            ; A            ; Verginia SELADOR Arenoso       ; Verginia SELADOR Arenoso       ; SILEX CLAIR JR 83-1022          ; JR 83-1022   ; MAESTRIA Phenix        ; MAESTRIA Phenix        ;             ;        ;         ;        ;      ;        ; 10930414;              800   ;        0.8   ; L       ;            1; DefaultPaintType;               0; 08/25/2025 00:00:00;                                                      ;        ; 0     ;                                                                                                                   ;     ; JO            ; JO            ;    39372;       2.416;            2.416; RH            ; RH            ;     9366;       0.197;            0.197;               ;               ;         ;            ;                 ;               ;               ;         ;            ;                 ;               ;               ;     ;            ;                 ;               ;               ;     ;            ;                 ;               ;               ;     ;            ;                 ;           ;         ;          ;            ;           ;                 ; 2507070A3HS008
A3-HS      ; 02/12/2026 11:35:05; 20260212113505095;              1;        1; A            ; A            ; Verginia SELADOR Arenoso       ; Verginia SELADOR Arenoso       ; IVOIRE JV 91-0015               ; JV 91-0015   ; MAESTRIA Phenix        ; MAESTRIA Phenix        ;             ;        ;         ;        ;      ;        ; 13100529;              800   ;        0.8   ; L       ;            1; DefaultPaintType;               0; 08/25/2025 00:00:00;                                                      ;        ; 0     ;                                                                                                                   ;     ; JO            ; JO            ;    39372;       0.404;            0.404; NO            ; NO            ;        0;       0.025;            0.025; JP            ; JP            ;    56575;       0.345;            0.345;               ;               ;         ;            ;                 ;               ;               ;     ;            ;                 ;               ;               ;     ;            ;                 ;               ;               ;     ;            ;                 ;           ;         ;          ;            ;           ;                 ; 2507070A3HS008
A3-HS      ; 02/12/2026 11:31:39; 20260212113139339;              1;        1; A            ; A            ; Verginia SELADOR Arenoso       ; Verginia SELADOR Arenoso       ; BLEU TENDRE BV 78-0921          ; BV 78-0921   ; MAESTRIA Phenix        ; MAESTRIA Phenix        ;             ;        ;         ;        ;      ;        ; 15058836;              800   ;        0.8   ; L       ;            1; DefaultPaintType;               0; 08/25/2025 00:00:00;                                                      ;        ; 0     ;                                                                                                                   ;     ; BE            ; BE            ; 10485760;       0.843;            0.843; NO            ; NO            ;        0;       0.03 ;            0.03 ; VI            ; VI            ;  5189455;       0.296;            0.296;               ;               ;         ;            ;                 ;               ;               ;     ;            ;                 ;               ;               ;     ;            ;                 ;               ;               ;     ;            ;                 ;           ;         ;          ;            ;           ;                 ; 2507070A3HS008
A3-HS      ; 02/12/2026 11:11:52; 20260212111152180;              1;        1; AP           ; AP           ; LATEXOR Fosco                  ; LATEXOR Fosco                  ; TINTA BASE AP                   ; TINTA BASE AP;                        ;                        ; VERGINIA    ;        ; CURITIBA;        ;      ;        ;        0;              150   ;        0.15  ; L       ;            2; DefaultPaintType;               0; 05/08/2025 08:48:47; FORMULA PARA CONTROLE DE QUALIDADE DE BASES AP TINTAS;        ; 0     ;                                                                                                                   ;     ; BE            ; BE            ; 10485760;       5    ;            5    ;               ;               ;         ;            ;                 ;               ;               ;         ;            ;                 ;               ;               ;         ;            ;                 ;               ;               ;     ;            ;                 ;               ;               ;     ;            ;                 ;               ;               ;     ;            ;                 ;           ;         ;          ;            ;           ;                 ; 2507070A3HS008
A3-HS      ; 02/12/2026 10:41:38; 20260212104138435;              1;        1; AP           ; AP           ; LATEXOR Fosco                  ; LATEXOR Fosco                  ; TINTA BASE AP                   ; TINTA BASE AP;                        ;                        ; VERGINIA    ;        ; CURITIBA;        ;      ;        ;        0;              150   ;        0.15  ; L       ;            2; DefaultPaintType;               0; 05/08/2025 08:48:47; FORMULA PARA CONTROLE DE QUALIDADE DE BASES AP TINTAS;        ; 0     ;                                                                                                                   ;     ; BE            ; BE            ; 10485760;       5    ;            5    ;               ;               ;         ;            ;                 ;               ;               ;         ;            ;                 ;               ;               ;         ;            ;                 ;               ;               ;     ;            ;                 ;               ;               ;     ;            ;                 ;               ;               ;     ;            ;                 ;           ;         ;          ;            ;           ;                 ; 2507070A3HS008
A3-HS      ; 02/12/2026 09:56:44; 20260212095644950;              1;        1; AP           ; AP           ; LATEXOR Fosco                  ; LATEXOR Fosco                  ; TINTA BASE AP                   ; TINTA BASE AP;                        ;                        ; VERGINIA    ;        ; CURITIBA;        ;      ;        ;        0;              150   ;        0.15  ; L       ;            2; DefaultPaintType;               0; 05/08/2025 08:48:47; FORMULA PARA CONTROLE DE QUALIDADE DE BASES AP TINTAS;        ; 0     ;                                                                                                                   ;     ; BE            ; BE            ; 10485760;       5    ;            5    ;               ;               ;         ;            ;                 ;               ;               ;         ;            ;                 ;               ;               ;         ;            ;                 ;               ;               ;     ;            ;                 ;               ;               ;     ;            ;                 ;               ;               ;     ;            ;                 ;           ;         ;          ;            ;           ;                 ; 2507070A3HS008
A3-HS      ; 02/06/2026 13:51:04; 20260206135104975;              1;        1; C            ; C            ; Verginia EMBORRACHADO          ; Verginia EMBORRACHADO          ; CHAMOIS JR 37-1213              ; JR 37-1213   ; MAESTRIA Phenix        ; MAESTRIA Phenix        ;             ;        ;         ;        ;      ;        ;  4280175;              800   ;        0.8   ; L       ;            1; DefaultPaintType;               0; 08/25/2025 00:00:00;                                                      ;        ; 0     ;                                                                                                                   ;     ; BA            ; BA            ; 16777215;       2.782;            2.782; JO            ; JO            ;    39372;      41.439;           41.439; RH            ; RH            ;     9366;      20.716;           20.716; NO            ; NO            ;        0;      23.952;           23.952;               ;               ;     ;            ;                 ;               ;               ;     ;            ;                 ;               ;               ;     ;            ;                 ;           ;         ;          ;            ;           ;                 ; 2507070A3HS008
A3-HS      ; 02/06/2026 13:48:48; 20260206134848817;              1;        1; C            ; C            ; Verginia EMBORRACHADO          ; Verginia EMBORRACHADO          ; LIMBE VJ 47-3715                ; VJ 47-3715   ; MAESTRIA Phenix        ; MAESTRIA Phenix        ;             ;        ;         ;        ;      ;        ;  5668385;              800   ;        0.8   ; L       ;            1; DefaultPaintType;               0; 08/25/2025 00:00:00;                                                      ;        ; 0     ;                                                                                                                   ;     ; BA            ; BA            ; 16777215;      14.455;           14.455; NO            ; NO            ;        0;       5.311;            5.311; VR            ; VR            ;    26112;      32.251;           32.251; PV            ; PV            ;    65535;      37.261;           37.261;               ;               ;     ;            ;                 ;               ;               ;     ;            ;                 ;               ;               ;     ;            ;                 ;           ;         ;          ;            ;           ;                 ; 2507070A3HS008
A3-HS      ; 02/06/2026 13:46:50; 20260206134650240;              1;        1; C            ; C            ; Verginia EMBORRACHADO          ; Verginia EMBORRACHADO          ; GITANE BV 41-0834               ; BV 41-0834   ; MAESTRIA Phenix        ; MAESTRIA Phenix        ;             ;        ;         ;        ;      ;        ;  9922304;              800   ;        0.8   ; L       ;            1; DefaultPaintType;               0; 08/25/2025 00:00:00;                                                      ;        ; 0     ;                                                                                                                   ;     ; BE            ; BE            ; 10485760;      53.962;           53.962; BA            ; BA            ; 16777215;      28.23 ;           28.23 ; NO            ; NO            ;        0;       3.449;            3.449; VI            ; VI            ;  5189455;       3.248;            3.248;               ;               ;     ;            ;                 ;               ;               ;     ;            ;                 ;               ;               ;     ;            ;                 ;           ;         ;          ;            ;           ;                 ; 2507070A3HS008
A3-HS      ; 02/06/2026 10:51:00; 20260206105100744;              1;        1; C            ; C            ; Verginia EMBORRACHADO          ; Verginia EMBORRACHADO          ; CHAMOIS JR 37-1213              ; JR 37-1213   ; MAESTRIA Phenix        ; MAESTRIA Phenix        ;             ;        ;         ;        ;      ;        ;  4280175;              630   ;        0.63  ; L       ;            1; DefaultPaintType;               0; 08/25/2025 00:00:00;                                                      ;        ; 0     ;                                                                                                                   ;     ; BA            ; BA            ; 16777215;       2.191;            2.191; JO            ; JO            ;    39372;      32.633;           32.633; RH            ; RH            ;     9366;      16.314;           16.314; NO            ; NO            ;        0;      18.863;           18.863;               ;               ;     ;            ;                 ;               ;               ;     ;            ;                 ;               ;               ;     ;            ;                 ;           ;         ;          ;            ;           ;                 ; 2507070A3HS008
A3-HS      ; 02/06/2026 10:31:22; 20260206103122786;              1;        1; IM           ; IM           ; LATEXOR Fosco                  ; LATEXOR Fosco                  ; TINTA BASE BM                   ; TINTA BASE BM;                        ;                        ; VERGINIA    ;        ; CURITIBA;        ;      ;        ;        0;              150   ;        0.15  ; L       ;            2; DefaultPaintType;               0; 05/08/2025 08:52:23; FORMULA PARA CONTROLE DE BASES BM TINTAS             ;        ; 0     ;                                                                                                                   ;     ; BE            ; BE            ; 10485760;       6    ;            6    ; BA            ; BA            ; 16777215;       3    ;            3    ;               ;               ;         ;            ;                 ;               ;               ;         ;            ;                 ;               ;               ;     ;            ;                 ;               ;               ;     ;            ;                 ;               ;               ;     ;            ;                 ;           ;         ;          ;            ;           ;                 ; 2507070A3HS008
A3-HS      ; 02/05/2026 17:05:57; 20260205170557605;              1;        1; C            ; C            ; Verginia EMBORRACHADO          ; Verginia EMBORRACHADO          ; NAVAL-SW 6244                   ; SW 6244      ; SHERWIN Williams       ; SHERWIN Williams       ;             ;        ;         ;        ;      ;        ;  5720639;              800   ;        0.8   ; L       ;            1; DefaultPaintType;               0; 08/25/2025 00:00:00;                                                      ;        ; 0     ;                                                                                                                   ;     ; BE            ; BE            ; 10485760;      18.695;           18.695; BA            ; BA            ; 16777215;      12.281;           12.281; NO            ; NO            ;        0;      46.711;           46.711; VI            ; VI            ;  5189455;      11.842;           11.842;               ;               ;     ;            ;                 ;               ;               ;     ;            ;                 ;               ;               ;     ;            ;                 ;           ;         ;          ;            ;           ;                 ; 2507070A3HS008
A3-HS      ; 02/05/2026 16:45:57; 20260205164557593;              1;        1; C            ; C            ; Verginia EMBORRACHADO          ; Verginia EMBORRACHADO          ; NAVAL-SW 6244                   ; SW 6244      ; SHERWIN Williams       ; SHERWIN Williams       ;             ;        ;         ;        ;      ;        ;  5720639;              800   ;        0.8   ; L       ;            1; DefaultPaintType;               0; 08/25/2025 00:00:00;                                                      ;        ; 0     ;                                                                                                                   ;     ; BE            ; BE            ; 10485760;      18.695;           18.695; BA            ; BA            ; 16777215;      12.281;           12.281; NO            ; NO            ;        0;      46.711;           46.711; VI            ; VI            ;  5189455;      11.842;           11.842;               ;               ;     ;            ;                 ;               ;               ;     ;            ;                 ;               ;               ;     ;            ;                 ;           ;         ;          ;            ;           ;                 ; 2507070A3HS008
A3-HS      ; 02/05/2026 16:06:06; 20260205160606123;              1;        1; C            ; C            ; Verginia EMBORRACHADO          ; Verginia EMBORRACHADO          ; NAVAL-SW 6244                   ; SW 6244      ; SHERWIN Williams       ; SHERWIN Williams       ;             ;        ;         ;        ;      ;        ;  5720639;              800   ;        0.8   ; L       ;            1; DefaultPaintType;               0; 08/25/2025 00:00:00;                                                      ;        ; 0     ;                                                                                                                   ;     ; BE            ; BE            ; 10485760;      18.695;           18.695; BA            ; BA            ; 16777215;      12.281;           12.281; NO            ; NO            ;        0;      46.711;           46.711; VI            ; VI            ;  5189455;      11.842;           11.842;               ;               ;     ;            ;                 ;               ;               ;     ;            ;                 ;               ;               ;     ;            ;                 ;           ;         ;          ;            ;           ;                 ; 2507070A3HS008
A3-HS      ; 02/05/2026 15:36:07; 20260205153607400;              1;        1; C            ; C            ; Verginia EMBORRACHADO          ; Verginia EMBORRACHADO          ; NAVAL-SW 6244                   ; SW 6244      ; SHERWIN Williams       ; SHERWIN Williams       ;             ;        ;         ;        ;      ;        ;  5720639;              800   ;        0.8   ; L       ;            1; DefaultPaintType;               0; 08/25/2025 00:00:00;                                                      ;        ; 0     ;                                                                                                                   ;     ; BE            ; BE            ; 10485760;      18.695;           18.695; BA            ; BA            ; 16777215;      12.281;           12.281; NO            ; NO            ;        0;      46.711;           46.711; VI            ; VI            ;  5189455;      11.842;           11.842;               ;               ;     ;            ;                 ;               ;               ;     ;            ;                 ;               ;               ;     ;            ;                 ;           ;         ;          ;            ;           ;                 ; 2507070A3HS008
A3-HS      ; 02/05/2026 14:42:30; 20260205144230075;              1;        1; B            ; B            ; Verginia EMBORRACHADO          ; Verginia EMBORRACHADO          ; ORANGE SAUMONE JR 77-2544       ; JR 77-2544   ; MAESTRIA Phenix        ; MAESTRIA Phenix        ;             ;        ;         ;        ;      ;        ;  6990589;              800   ;        0.8   ; L       ;            1; DefaultPaintType;               0; 08/25/2025 00:00:00;                                                      ;        ; 0     ;                                                                                                                   ;     ; BA            ; BA            ; 16777215;       1.911;            1.911; JO            ; JO            ;    39372;       3.737;            3.737; OP            ; OP            ;  3373284;      25.309;           25.309; JP            ; JP            ;    56575;       4.671;            4.671;               ;               ;     ;            ;                 ;               ;               ;     ;            ;                 ;               ;               ;     ;            ;                 ;           ;         ;          ;            ;           ;                 ; 2507070A3HS008
A3-HS      ; 02/05/2026 11:48:02; 20260205114802040;              1;        1; B            ; B            ; Verginia EMBORRACHADO          ; Verginia EMBORRACHADO          ; ORANGE SAUMONE JR 77-2544       ; JR 77-2544   ; MAESTRIA Phenix        ; MAESTRIA Phenix        ;             ;        ;         ;        ;      ;        ;  6990589;              800   ;        0.8   ; L       ;            1; DefaultPaintType;               0; 08/25/2025 00:00:00;                                                      ;        ; 0     ;                                                                                                                   ;     ; BA            ; BA            ; 16777215;       1.911;            1.911; JO            ; JO            ;    39372;       3.737;            3.737; OP            ; OP            ;  3373284;      25.309;           25.309; JP            ; JP            ;    56575;       4.671;            4.671;               ;               ;     ;            ;                 ;               ;               ;     ;            ;                 ;               ;               ;     ;            ;                 ;           ;         ;          ;            ;           ;                 ; 2507070A3HS008
A3-HS      ; 02/05/2026 11:42:50; 20260205114250929;              1;        1; B            ; B            ; Verginia EMBORRACHADO          ; Verginia EMBORRACHADO          ; BOIS DE HETRE JR 78-0242        ; JR 78-0242   ; MAESTRIA Phenix        ; MAESTRIA Phenix        ;             ;        ;         ;        ;      ;        ;  7585502;              800   ;        0.8   ; L       ;            1; DefaultPaintType;               0; 08/25/2025 00:00:00;                                                      ;        ; 0     ;                                                                                                                   ;     ; BA            ; BA            ; 16777215;       8.005;            8.005; JO            ; JO            ;    39372;      10.34 ;           10.34 ; NO            ; NO            ;        0;       0.573;            0.573; JP            ; JP            ;    56575;      18.302;           18.302;               ;               ;     ;            ;                 ;               ;               ;     ;            ;                 ;               ;               ;     ;            ;                 ;           ;         ;          ;            ;           ;                 ; 2507070A3HS008
A3-HS      ; 02/05/2026 11:40:47; 20260205114047258;              1;        1; B            ; B            ; Verginia EMBORRACHADO          ; Verginia EMBORRACHADO          ; BLEU BLEUET BR 52-0137          ; BR 52-0137   ; MAESTRIA Phenix        ; MAESTRIA Phenix        ;             ;        ;         ;        ;      ;        ; 12287563;              800   ;        0.8   ; L       ;            1; DefaultPaintType;               0; 08/25/2025 00:00:00;                                                      ;        ; 0     ;                                                                                                                   ;     ; BE            ; BE            ; 10485760;      13.058;           13.058; BA            ; BA            ; 16777215;      10.998;           10.998; VI            ; VI            ;  5189455;      13.206;           13.206;               ;               ;         ;            ;                 ;               ;               ;     ;            ;                 ;               ;               ;     ;            ;                 ;               ;               ;     ;            ;                 ;           ;         ;          ;            ;           ;                 ; 2507070A3HS008
A3-HS      ; 02/05/2026 10:42:28; 20260205104228477;              1;        1; B            ; B            ; Verginia EMBORRACHADO          ; Verginia EMBORRACHADO          ; EMERAUDE VB 59-4106             ; VB 59-4106   ; MAESTRIA Phenix        ; MAESTRIA Phenix        ;             ;        ;         ;        ;      ;        ; 10002432;              432   ;        0.432 ; L       ;            1; DefaultPaintType;               0; 08/25/2025 00:00:00;                                                      ;        ; 0     ;                                                                                                                   ;     ; BE            ; BE            ; 10485760;       4.357;            4.357; BA            ; BA            ; 16777215;       4.919;            4.919; NO            ; NO            ;        0;       0.401;            0.401; VR            ; VR            ;    26112;      12.715;           12.715;               ;               ;     ;            ;                 ;               ;               ;     ;            ;                 ;               ;               ;     ;            ;                 ;           ;         ;          ;            ;           ;                 ; 2507070A3HS008
A3-HS      ; 02/05/2026 10:26:11; 20260205102611681;              1;        1; A            ; A            ; Verginia TEXTURA               ; Verginia TEXTURA               ; EMERAUDE VB 59-4106             ; VB 59-4106   ; MAESTRIA Phenix        ; MAESTRIA Phenix        ;             ;        ;         ;        ;      ;        ; 10002432;              395.5 ;        0.3955; L       ;            1; DefaultPaintType;               0; 08/25/2025 00:00:00;                                                      ;        ; 0     ;                                                                                                                   ;     ; BE            ; BE            ; 10485760;       3.053;            3.053; BA            ; BA            ; 16777215;       3.447;            3.447; NO            ; NO            ;        0;       0.281;            0.281; VR            ; VR            ;    26112;       8.91 ;            8.91 ;               ;               ;     ;            ;                 ;               ;               ;     ;            ;                 ;               ;               ;     ;            ;                 ;           ;         ;          ;            ;           ;                 ; 2507070A3HS008
A3-HS      ; 02/05/2026 09:55:19; 20260205095519544;              1;        1;              ;              ;                                ;                                ;                                 ;              ;                        ;                        ;             ;        ;         ;        ;      ;        ; 16711680;                0   ;        1     ; L       ;            3; DefaultPaintType;               0; 02/05/2026 09:55:19;                                                      ;        ; 0     ;                                                                                                                   ;     ; BE            ; BE            ; 10485760;       5    ;            5    ;               ;               ;         ;            ;                 ;               ;               ;         ;            ;                 ;               ;               ;         ;            ;                 ;               ;               ;     ;            ;                 ;               ;               ;     ;            ;                 ;               ;               ;     ;            ;                 ;           ;         ;          ;            ;           ;                 ; 2507070A3HS008
A3-HS      ; 02/05/2026 09:43:57; 20260205094357049;              1;        1; IM           ; IM           ; LATEXOR Fosco                  ; LATEXOR Fosco                  ; TINTA BASE BM                   ; TINTA BASE BM;                        ;                        ; VERGINIA    ;        ; CURITIBA;        ;      ;        ;        0;              150   ;        0.15  ; L       ;            2; DefaultPaintType;               0; 05/08/2025 08:52:23; FORMULA PARA CONTROLE DE BASES BM TINTAS             ;        ; 0     ;                                                                                                                   ;     ; BE            ; BE            ; 10485760;       6    ;            6    ; BA            ; BA            ; 16777215;       3    ;            3    ;               ;               ;         ;            ;                 ;               ;               ;         ;            ;                 ;               ;               ;     ;            ;                 ;               ;               ;     ;            ;                 ;               ;               ;     ;            ;                 ;           ;         ;          ;            ;           ;                 ; 2507070A3HS008
A3-HS      ; 02/04/2026 18:06:19; 20260204180619624;              1;        1; B            ; B            ; Verginia PREMIUM Fosco         ; Verginia PREMIUM Fosco         ; THE VERT JV 82-2333             ; JV 82-2333   ; MAESTRIA Phenix        ; MAESTRIA Phenix        ;             ;        ;         ;        ;      ;        ;  9295542;              800   ;        0.8   ; L       ;            1; DefaultPaintType;               0; 08/25/2025 00:00:00;                                                      ;        ; 0     ;                                                                                                                   ;     ; BA            ; BA            ; 16777215;      26.467;           26.467; JO            ; JO            ;    39372;       2.774;            2.774; JP            ; JP            ;    56575;      22.578;           22.578; VR            ; VR            ;    26112;       1.96 ;            1.96 ;               ;               ;     ;            ;                 ;               ;               ;     ;            ;                 ;               ;               ;     ;            ;                 ;           ;         ;          ;            ;           ;                 ; 2507070A3HS008
A3-HS      ; 02/04/2026 18:04:42; 20260204180442464;              1;        1; B            ; B            ; Verginia PREMIUM Fosco         ; Verginia PREMIUM Fosco         ; TOUAREG BV 56-0136              ; BV 56-0136   ; MAESTRIA Phenix        ; MAESTRIA Phenix        ;             ;        ;         ;        ;      ;        ; 12946002;              800   ;        0.8   ; L       ;            1; DefaultPaintType;               0; 08/25/2025 00:00:00;                                                      ;        ; 0     ;                                                                                                                   ;     ; BE            ; BE            ; 10485760;      15.224;           15.224; BA            ; BA            ; 16777215;      23.995;           23.995; VI            ; VI            ;  5189455;      13.626;           13.626;               ;               ;         ;            ;                 ;               ;               ;     ;            ;                 ;               ;               ;     ;            ;                 ;               ;               ;     ;            ;                 ;           ;         ;          ;            ;           ;                 ; 2507070A3HS008
A3-HS      ; 02/04/2026 18:02:50; 20260204180250297;              1;        1; B            ; B            ; Verginia PREMIUM Fosco         ; Verginia PREMIUM Fosco         ; ORANGE SAUMONE JR 77-2544       ; JR 77-2544   ; MAESTRIA Phenix        ; MAESTRIA Phenix        ;             ;        ;         ;        ;      ;        ;  6990589;              800   ;        0.8   ; L       ;            1; DefaultPaintType;               0; 08/25/2025 00:00:00;                                                      ;        ; 0     ;                                                                                                                   ;     ; BA            ; BA            ; 16777215;       2.713;            2.713; JO            ; JO            ;    39372;       5.306;            5.306; OP            ; OP            ;  3373284;      35.933;           35.933; JP            ; JP            ;    56575;       6.632;            6.632;               ;               ;     ;            ;                 ;               ;               ;     ;            ;                 ;               ;               ;     ;            ;                 ;           ;         ;          ;            ;           ;                 ; 2507070A3HS008
A3-HS      ; 02/04/2026 17:56:10; 20260204175610349;              1;        1; A            ; A            ; Verginia TEXTURA               ; Verginia TEXTURA               ; EMERAUDE VB 59-4106             ; VB 59-4106   ; MAESTRIA Phenix        ; MAESTRIA Phenix        ;             ;        ;         ;        ;      ;        ; 10002432;             2569   ;        2.569 ; L       ;            1; DefaultPaintType;               0; 08/25/2025 00:00:00;                                                      ;        ; 0     ;                                                                                                                   ;     ; BE            ; BE            ; 10485760;      19.832;           19.832; BA            ; BA            ; 16777215;      22.389;           22.389; NO            ; NO            ;        0;       1.826;            1.826; VR            ; VR            ;    26112;      57.877;           57.877;               ;               ;     ;            ;                 ;               ;               ;     ;            ;                 ;               ;               ;     ;            ;                 ;           ;         ;          ;            ;           ;                 ; 2507070A3HS008
A3-HS      ; 02/04/2026 17:54:13; 20260204175413478;              1;        1; A            ; A            ; Verginia TEXTURA               ; Verginia TEXTURA               ; CHINCHILLA VB 72-0101           ; VB 72-0101   ; MAESTRIA Phenix        ; MAESTRIA Phenix        ;             ;        ;         ;        ;      ;        ; 11645356;             2569   ;        2.569 ; L       ;            1; DefaultPaintType;               0; 08/25/2025 00:00:00;                                                      ;        ; 0     ;                                                                                                                   ;     ; BA            ; BA            ; 16777215;      25.69 ;           25.69 ; JO            ; JO            ;    39372;       1.393;            1.393; NO            ; NO            ;        0;       8.688;            8.688;               ;               ;         ;            ;                 ;               ;               ;     ;            ;                 ;               ;               ;     ;            ;                 ;               ;               ;     ;            ;                 ;           ;         ;          ;            ;           ;                 ; 2507070A3HS008
A3-HS      ; 02/04/2026 17:25:40; 20260204172540103;              1;        1;              ;              ;                                ;                                ;                                 ;              ;                        ;                        ;             ;        ;         ;        ;      ;        ; 16711680;                0   ;        1     ; L       ;            3; DefaultPaintType;               0; 02/04/2026 17:25:40;                                                      ;        ; 0     ;                                                                                                                   ;     ; BE            ; BE            ; 10485760;       1    ;            1    ; BA            ; BA            ; 16777215;       3    ;            3    ;               ;               ;         ;            ;                 ;               ;               ;         ;            ;                 ;               ;               ;     ;            ;                 ;               ;               ;     ;            ;                 ;               ;               ;     ;            ;                 ;           ;         ;          ;            ;           ;                 ; 2507070A3HS008
A3-HS      ; 02/04/2026 17:23:25; 20260204172325218;              1;        1; AP           ; AP           ; LATEXOR Fosco                  ; LATEXOR Fosco                  ; TINTA BASE AP                   ; TINTA BASE AP;                        ;                        ; VERGINIA    ;        ; CURITIBA;        ;      ;        ;        0;              150   ;        0.15  ; L       ;            2; DefaultPaintType;               0; 05/08/2025 08:48:47; FORMULA PARA CONTROLE DE QUALIDADE DE BASES AP TINTAS;        ; 0     ;                                                                                                                   ;     ; BE            ; BE            ; 10485760;       5    ;            5    ;               ;               ;         ;            ;                 ;               ;               ;         ;            ;                 ;               ;               ;         ;            ;                 ;               ;               ;     ;            ;                 ;               ;               ;     ;            ;                 ;               ;               ;     ;            ;                 ;           ;         ;          ;            ;           ;                 ; 2507070A3HS008
A3-HS      ; 02/04/2026 17:18:56; 20260204171856976;              1;        1; AP           ; AP           ; LATEXOR Fosco                  ; LATEXOR Fosco                  ; TINTA BASE AP                   ; TINTA BASE AP;                        ;                        ; VERGINIA    ;        ; CURITIBA;        ;      ;        ;        0;              150   ;        0.15  ; L       ;            2; DefaultPaintType;               0; 05/08/2025 08:48:47; FORMULA PARA CONTROLE DE QUALIDADE DE BASES AP TINTAS;        ; 0     ;                                                                                                                   ;     ; BE            ; BE            ; 10485760;       5    ;            5    ;               ;               ;         ;            ;                 ;               ;               ;         ;            ;                 ;               ;               ;         ;            ;                 ;               ;               ;     ;            ;                 ;               ;               ;     ;            ;                 ;               ;               ;     ;            ;                 ;           ;         ;          ;            ;           ;                 ; 2507070A3HS008
A3-HS      ; 02/03/2026 17:56:31; 20260203175631623;              1;        1; A            ; A            ; Verginia TINTA TEXTURA/GRAFIATO; Verginia TINTA TEXTURA/GRAFIATO; RAVINE VJ 88-1501               ; VJ 88-1501   ; MAESTRIA Phenix        ; MAESTRIA Phenix        ;             ;        ;         ;        ;      ;        ; 14345918;              800   ;        0.8   ; L       ;            1; DefaultPaintType;               0; 08/25/2025 00:00:00;                                                      ;        ; 0     ;                                                                                                                   ;     ; JO            ; JO            ;    39372;       0.319;            0.319; NO            ; NO            ;        0;       0.062;            0.062; VR            ; VR            ;    26112;       1.161;            1.161;               ;               ;         ;            ;                 ;               ;               ;     ;            ;                 ;               ;               ;     ;            ;                 ;               ;               ;     ;            ;                 ;           ;         ;          ;            ;           ;                 ; 2507070A3HS008
A3-HS      ; 02/03/2026 17:53:43; 20260203175343640;              1;        1; A            ; A            ; Verginia TINTA TEXTURA/GRAFIATO; Verginia TINTA TEXTURA/GRAFIATO; FLEUR DE VANILLE JV 93-0230     ; JV 93-0230   ; MAESTRIA Phenix        ; MAESTRIA Phenix        ;             ;        ;         ;        ;      ;        ; 11594492;              800   ;        0.8   ; L       ;            1; DefaultPaintType;               0; 08/25/2025 00:00:00;                                                      ;        ; 0     ;                                                                                                                   ;     ; OP            ; OP            ;  3373284;       0.792;            0.792; JP            ; JP            ;    56575;       8.46 ;            8.46 ;               ;               ;         ;            ;                 ;               ;               ;         ;            ;                 ;               ;               ;     ;            ;                 ;               ;               ;     ;            ;                 ;               ;               ;     ;            ;                 ;           ;         ;          ;            ;           ;                 ; 2507070A3HS008
A3-HS      ; 02/03/2026 17:51:32; 20260203175132255;              1;        1; A            ; A            ; Verginia TINTA TEXTURA/GRAFIATO; Verginia TINTA TEXTURA/GRAFIATO; NIGELLE BV 84-0013              ; BV 84-0013   ; MAESTRIA Phenix        ; MAESTRIA Phenix        ;             ;        ;         ;        ;      ;        ; 15126979;              800   ;        0.8   ; L       ;            1; DefaultPaintType;               0; 08/25/2025 00:00:00;                                                      ;        ; 0     ;                                                                                                                   ;     ; BE            ; BE            ; 10485760;       0.362;            0.362; NO            ; NO            ;        0;       0.137;            0.137; VI            ; VI            ;  5189455;       1.055;            1.055;               ;               ;         ;            ;                 ;               ;               ;     ;            ;                 ;               ;               ;     ;            ;                 ;               ;               ;     ;            ;                 ;           ;         ;          ;            ;           ;                 ; 2507070A3HS008
A3-HS      ; 02/03/2026 17:19:04; 20260203171904790;              1;        1; AP           ; AP           ; LATEXOR Fosco                  ; LATEXOR Fosco                  ; TINTA BASE AP                   ; TINTA BASE AP;                        ;                        ; VERGINIA    ;        ; CURITIBA;        ;      ;        ;        0;              150   ;        0.15  ; L       ;            2; DefaultPaintType;               0; 05/08/2025 08:48:47; FORMULA PARA CONTROLE DE QUALIDADE DE BASES AP TINTAS;        ; 0     ;                                                                                                                   ;     ; BE            ; BE            ; 10485760;       5    ;            5    ;               ;               ;         ;            ;                 ;               ;               ;         ;            ;                 ;               ;               ;         ;            ;                 ;               ;               ;     ;            ;                 ;               ;               ;     ;            ;                 ;               ;               ;     ;            ;                 ;           ;         ;          ;            ;           ;                 ; 2507070A3HS008
A3-HS      ; 01/31/2026 11:13:03; 20260131111303584;              1;        1; C            ; C            ; Verginia TINTA TEXTURA/GRAFIATO; Verginia TINTA TEXTURA/GRAFIATO; EPINARD VJ 45-3516              ; VJ 45-3516   ; MAESTRIA Phenix        ; MAESTRIA Phenix        ;             ;        ;         ;        ;      ;        ;  5208104;              800   ;        0.8   ; L       ;            1; DefaultPaintType;               0; 08/25/2025 00:00:00;                                                      ;        ; 0     ;                                                                                                                   ;     ; BA            ; BA            ; 16777215;      10.94 ;           10.94 ; NO            ; NO            ;        0;       6.407;            6.407; VR            ; VR            ;    26112;      35.712;           35.712; PV            ; PV            ;    65535;      54.044;           54.044;               ;               ;     ;            ;                 ;               ;               ;     ;            ;                 ;               ;               ;     ;            ;                 ;           ;         ;          ;            ;           ;                 ; 2507070A3HS008
A3-HS      ; 01/31/2026 10:53:06; 20260131105306324;              1;        1; C            ; C            ; Verginia TINTA TEXTURA/GRAFIATO; Verginia TINTA TEXTURA/GRAFIATO; ECARLATE RJ 46-5334             ; RJ 46-5334   ; MAESTRIA Phenix        ; MAESTRIA Phenix        ;             ;        ;         ;        ;      ;        ;  3555012;             2500   ;        2.5   ; L       ;            1; DefaultPaintType;               0; 08/25/2025 00:00:00;                                                      ;        ; 0     ;                                                                                                                   ;     ; OP            ; OP            ;  3373284;     111.101;          111.101; RV            ; RV            ;      255;     222.191;          222.191;               ;               ;         ;            ;                 ;               ;               ;         ;            ;                 ;               ;               ;     ;            ;                 ;               ;               ;     ;            ;                 ;               ;               ;     ;            ;                 ;           ;         ;          ;            ;           ;                 ; 2507070A3HS008
A3-HS      ; 01/31/2026 10:36:08; 20260131103608336;              1;        1; C            ; C            ; Verginia TINTA TEXTURA/GRAFIATO; Verginia TINTA TEXTURA/GRAFIATO; MILLEPERTUIS JR 83-0785         ; JR 83-0785   ; MAESTRIA Phenix        ; MAESTRIA Phenix        ;             ;        ;         ;        ;      ;        ;    50943;             2500   ;        2.5   ; L       ;            1; DefaultPaintType;               0; 08/25/2025 00:00:00;                                                      ;        ; 0     ;                                                                                                                   ;     ; JV            ; JV            ;    59135;     332.662;          332.662; OV            ; OV            ;    42495;       0.673;            0.673;               ;               ;         ;            ;                 ;               ;               ;         ;            ;                 ;               ;               ;     ;            ;                 ;               ;               ;     ;            ;                 ;               ;               ;     ;            ;                 ;           ;         ;          ;            ;           ;                 ; 2507070A3HS008
A3-HS      ; 01/31/2026 08:14:48; 20260131081448863;              1;        1; A            ; A            ; Verginia PREMIUM Fosco         ; Verginia PREMIUM Fosco         ; CASSONADE JR 76-1423            ; JR 76-1423   ; MAESTRIA Phenix        ; MAESTRIA Phenix        ;             ;        ;         ;        ;      ;        ;  9548514;              800   ;        0.8   ; L       ;            1; DefaultPaintType;               0; 08/25/2025 00:00:00;                                                      ;        ; 0     ;                                                                                                                   ;     ; JO            ; JO            ;    39372;      20.23 ;           20.23 ; RH            ; RH            ;     9366;       2.97 ;            2.97 ; NO            ; NO            ;        0;       0.13 ;            0.13 ;               ;               ;         ;            ;                 ;               ;               ;     ;            ;                 ;               ;               ;     ;            ;                 ;               ;               ;     ;            ;                 ;           ;         ;          ;            ;           ;                 ; 2507070A3HS008
A3-HS      ; 01/31/2026 08:13:18; 20260131081318546;              1;        1; A            ; A            ; Verginia PREMIUM Fosco         ; Verginia PREMIUM Fosco         ; TAMARIS RJ 86-1412              ; RJ 86-1412   ; MAESTRIA Phenix        ; MAESTRIA Phenix        ;             ;        ;         ;        ;      ;        ; 12701690;              800   ;        0.8   ; L       ;            1; DefaultPaintType;               0; 08/25/2025 00:00:00;                                                      ;        ; 0     ;                                                                                                                   ;     ; RH            ; RH            ;     9366;       0.087;            0.087; OP            ; OP            ;  3373284;       3.426;            3.426; RP            ; RP            ;      255;       1.214;            1.214;               ;               ;         ;            ;                 ;               ;               ;     ;            ;                 ;               ;               ;     ;            ;                 ;               ;               ;     ;            ;                 ;           ;         ;          ;            ;           ;                 ; 2507070A3HS008
A3-HS      ; 01/31/2026 07:19:45; 20260131071945932;              1;        1; AP           ; AP           ; LATEXOR Fosco                  ; LATEXOR Fosco                  ; TINTA BASE AP                   ; TINTA BASE AP;                        ;                        ; VERGINIA    ;        ; CURITIBA;        ;      ;        ;        0;              150   ;        0.15  ; L       ;            2; DefaultPaintType;               0; 05/08/2025 08:48:47; FORMULA PARA CONTROLE DE QUALIDADE DE BASES AP TINTAS;        ; 0     ;                                                                                                                   ;     ; BE            ; BE            ; 10485760;       5    ;            5    ;               ;               ;         ;            ;                 ;               ;               ;         ;            ;                 ;               ;               ;         ;            ;                 ;               ;               ;     ;            ;                 ;               ;               ;     ;            ;                 ;               ;               ;     ;            ;                 ;           ;         ;          ;            ;           ;                 ; 2507070A3HS008
A3-HS      ; 01/21/2026 10:55:50; 20260121105550842;              1;        1; C            ; C            ; Verginia ESMALTE h2o BRILHANTE ; Verginia ESMALTE h2o BRILHANTE ; FUSAIN BV 31-0003               ; BV 31-0003   ; MAESTRIA Phenix        ; MAESTRIA Phenix        ;             ;        ;         ;        ;      ;        ;  5065287;              800   ;        0.8   ; L       ;            1; DefaultPaintType;               0; 08/25/2025 00:00:00;                                                      ;        ; 0     ;                                                                                                                   ;     ; BA            ; BA            ; 16777215;      13.537;           13.537; JO            ; JO            ;    39372;       0.182;            0.182; RH            ; RH            ;     9366;       0.32 ;            0.32 ; NO            ; NO            ;        0;      74.85 ;           74.85 ;               ;               ;     ;            ;                 ;               ;               ;     ;            ;                 ;               ;               ;     ;            ;                 ;           ;         ;          ;            ;           ;                 ; 2507070A3HS008
A3-HS      ; 01/20/2026 16:50:05; 20260120165005130;              1;        1; C            ; C            ; Verginia ESMALTE h2o BRILHANTE ; Verginia ESMALTE h2o BRILHANTE ; SARCELLE BV 36-1616             ; BV 36-1616   ; MAESTRIA Phenix        ; MAESTRIA Phenix        ;             ;        ;         ;        ;      ;        ;  7167245;              800   ;        0.8   ; L       ;            1; DefaultPaintType;               0; 08/25/2025 00:00:00;                                                      ;        ; 0     ;                                                                                                                   ;     ; BE            ; BE            ; 10485760;      48.775;           48.775; BA            ; BA            ; 16777215;      13.378;           13.378; NO            ; NO            ;        0;       4.464;            4.464; VR            ; VR            ;    26112;      22.273;           22.273;               ;               ;     ;            ;                 ;               ;               ;     ;            ;                 ;               ;               ;     ;            ;                 ;           ;         ;          ;            ;           ;                 ; 2507070A3HS008
A3-HS      ; 01/20/2026 16:47:16; 20260120164716858;              1;        1; C            ; C            ; Verginia ESMALTE h2o BRILHANTE ; Verginia ESMALTE h2o BRILHANTE ; FUSAIN BV 31-0003               ; BV 31-0003   ; MAESTRIA Phenix        ; MAESTRIA Phenix        ;             ;        ;         ;        ;      ;        ;  5065287;              800   ;        0.8   ; L       ;            1; DefaultPaintType;               0; 08/25/2025 00:00:00;                                                      ;        ; 0     ;                                                                                                                   ;     ; BA            ; BA            ; 16777215;      13.537;           13.537; JO            ; JO            ;    39372;       0.182;            0.182; RH            ; RH            ;     9366;       0.32 ;            0.32 ; NO            ; NO            ;        0;      74.85 ;           74.85 ;               ;               ;     ;            ;                 ;               ;               ;     ;            ;                 ;               ;               ;     ;            ;                 ;           ;         ;          ;            ;           ;                 ; 2507070A3HS008
A3-HS      ; 01/20/2026 16:44:29; 20260120164429010;              1;        1; C            ; C            ; Verginia ESMALTE h2o BRILHANTE ; Verginia ESMALTE h2o BRILHANTE ; OCRE BRUN RJ 47-1816            ; RJ 47-1816   ; MAESTRIA Phenix        ; MAESTRIA Phenix        ;             ;        ;         ;        ;      ;        ;  5267343;              800   ;        0.8   ; L       ;            1; DefaultPaintType;               0; 08/25/2025 00:00:00;                                                      ;        ; 0     ;                                                                                                                   ;     ; BA            ; BA            ; 16777215;      31.524;           31.524; JO            ; JO            ;    39372;      24.945;           24.945; RH            ; RH            ;     9366;      21.927;           21.927; NO            ; NO            ;        0;      10.965;           10.965;               ;               ;     ;            ;                 ;               ;               ;     ;            ;                 ;               ;               ;     ;            ;                 ;           ;         ;          ;            ;           ;                 ; 2507070A3HS008
A3-HS      ; 01/20/2026 14:57:56; 20260120145756071;              1;        1; IM           ; IM           ; LATEXOR Fosco                  ; LATEXOR Fosco                  ; TINTA BASE BM                   ; TINTA BASE BM;                        ;                        ; VERGINIA    ;        ; CURITIBA;        ;      ;        ;        0;              150   ;        0.15  ; L       ;            2; DefaultPaintType;               0; 05/08/2025 08:52:23; FORMULA PARA CONTROLE DE BASES BM TINTAS             ;        ; 0     ;                                                                                                                   ;     ; BE            ; BE            ; 10485760;       6    ;            6    ; BA            ; BA            ; 16777215;       3    ;            3    ;               ;               ;         ;            ;                 ;               ;               ;         ;            ;                 ;               ;               ;     ;            ;                 ;               ;               ;     ;            ;                 ;               ;               ;     ;            ;                 ;           ;         ;          ;            ;           ;                 ; 2507070A3HS008
A3-HS      ; 01/20/2026 14:47:12; 20260120144712472;              1;        1; IM           ; IM           ; LATEXOR Fosco                  ; LATEXOR Fosco                  ; TINTA BASE BM                   ; TINTA BASE BM;                        ;                        ; VERGINIA    ;        ; CURITIBA;        ;      ;        ;        0;              150   ;        0.15  ; L       ;            2; DefaultPaintType;               0; 05/08/2025 08:52:23; FORMULA PARA CONTROLE DE BASES BM TINTAS             ;        ; 0     ;                                                                                                                   ;     ; BE            ; BE            ; 10485760;       6    ;            6    ; BA            ; BA            ; 16777215;       3    ;            3    ;               ;               ;         ;            ;                 ;               ;               ;         ;            ;                 ;               ;               ;     ;            ;                 ;               ;               ;     ;            ;                 ;               ;               ;     ;            ;                 ;           ;         ;          ;            ;           ;                 ; 2507070A3HS008
A3-HS      ; 01/20/2026 10:27:06; 20260120102706733;              1;        1; C            ; C            ; Verginia PREMIUM Fosco         ; Verginia PREMIUM Fosco         ; BUFFALO JR 38-1112              ; JR 38-1112   ; MAESTRIA Phenix        ; MAESTRIA Phenix        ;             ;        ;         ;        ;      ;        ;  4609137;              800   ;        0.8   ; L       ;            1; DefaultPaintType;               0; 08/25/2025 00:00:00;                                                      ;        ; 0     ;                                                                                                                   ;     ; BA            ; BA            ; 16777215;      10.322;           10.322; JO            ; JO            ;    39372;      34.911;           34.911; RH            ; RH            ;     9366;      18.364;           18.364; NO            ; NO            ;        0;      25.291;           25.291;               ;               ;     ;            ;                 ;               ;               ;     ;            ;                 ;               ;               ;     ;            ;                 ;           ;         ;          ;            ;           ;                 ; 2507070A3HS008
A3-HS      ; 01/20/2026 08:45:16; 20260120084516941;              1;        1; IM           ; IM           ; LATEXOR Fosco                  ; LATEXOR Fosco                  ; TINTA BASE BM                   ; TINTA BASE BM;                        ;                        ; VERGINIA    ;        ; CURITIBA;        ;      ;        ;        0;              150   ;        0.15  ; L       ;            2; DefaultPaintType;               0; 05/08/2025 08:52:23; FORMULA PARA CONTROLE DE BASES BM TINTAS             ;        ; 0     ;                                                                                                                   ;     ; BE            ; BE            ; 10485760;       6    ;            6    ; BA            ; BA            ; 16777215;       3    ;            3    ;               ;               ;         ;            ;                 ;               ;               ;         ;            ;                 ;               ;               ;     ;            ;                 ;               ;               ;     ;            ;                 ;               ;               ;     ;            ;                 ;           ;         ;          ;            ;           ;                 ; 2507070A3HS008
A3-HS      ; 01/15/2026 13:45:03; 20260115134503936;              1;        1; C            ; C            ; Verginia ESMALTE h2o ACETINADO ; Verginia ESMALTE h2o ACETINADO ; MOKA JR 38-0913                 ; JR 38-0913   ; MAESTRIA Phenix        ; MAESTRIA Phenix        ;             ;        ;         ;        ;      ;        ;  4478062;              800   ;        0.8   ; L       ;            1; DefaultPaintType;               0; 08/25/2025 00:00:00;                                                      ;        ; 0     ;                                                                                                                   ;     ; BA            ; BA            ; 16777215;       5.48 ;            5.48 ; JO            ; JO            ;    39372;      44.669;           44.669; RH            ; RH            ;     9366;      14.385;           14.385; NO            ; NO            ;        0;      24.355;           24.355;               ;               ;     ;            ;                 ;               ;               ;     ;            ;                 ;               ;               ;     ;            ;                 ;           ;         ;          ;            ;           ;                 ; 2507070A3HS008
A3-HS      ; 01/15/2026 13:39:04; 20260115133904322;              1;        1; C            ; C            ; Verginia ESMALTE h2o ACETINADO ; Verginia ESMALTE h2o ACETINADO ; TOURBIERE VJ 35-1605            ; VJ 35-1605   ; MAESTRIA Phenix        ; MAESTRIA Phenix        ;             ;        ;         ;        ;      ;        ;  4806969;              800   ;        0.8   ; L       ;            1; DefaultPaintType;               0; 08/25/2025 00:00:00;                                                      ;        ; 0     ;                                                                                                                   ;     ; BA            ; BA            ; 16777215;       4.244;            4.244; NO            ; NO            ;        0;      21.081;           21.081; VR            ; VR            ;    26112;      26.666;           26.666; PV            ; PV            ;    65535;      37.261;           37.261;               ;               ;     ;            ;                 ;               ;               ;     ;            ;                 ;               ;               ;     ;            ;                 ;           ;         ;          ;            ;           ;                 ; 2507070A3HS008
A3-HS      ; 01/15/2026 11:35:16; 20260115113516537;              1;        1; C            ; C            ; Verginia ESMALTE h2o ACETINADO ; Verginia ESMALTE h2o ACETINADO ; ONYX BV 29-0002                 ; BV 29-0002   ; MAESTRIA Phenix        ; MAESTRIA Phenix        ;             ;        ;         ;        ;      ;        ;  4670529;              800   ;        0.8   ; L       ;            1; DefaultPaintType;               0; 08/25/2025 00:00:00;                                                      ;        ; 0     ;                                                                                                                   ;     ; BE            ; BE            ; 10485760;       1.628;            1.628; BA            ; BA            ; 16777215;       7.283;            7.283; NO            ; NO            ;        0;      77.581;           77.581; VI            ; VI            ;  5189455;       2.397;            2.397;               ;               ;     ;            ;                 ;               ;               ;     ;            ;                 ;               ;               ;     ;            ;                 ;           ;         ;          ;            ;           ;                 ; 2507070A3HS008
A3-HS      ; 01/15/2026 10:06:03; 20260115100603188;              1;        1; C            ; C            ; Verginia ESMALTE h2o ACETINADO ; Verginia ESMALTE h2o ACETINADO ; ONYX BV 29-0002                 ; BV 29-0002   ; MAESTRIA Phenix        ; MAESTRIA Phenix        ;             ;        ;         ;        ;      ;        ;  4670529;              800   ;        0.8   ; L       ;            1; DefaultPaintType;               0; 08/25/2025 00:00:00;                                                      ;        ; 0     ;                                                                                                                   ;     ; BE            ; BE            ; 10485760;       1.628;            1.628; BA            ; BA            ; 16777215;       7.283;            7.283; NO            ; NO            ;        0;      77.581;           77.581; VI            ; VI            ;  5189455;       2.397;            2.397;               ;               ;     ;            ;                 ;               ;               ;     ;            ;                 ;               ;               ;     ;            ;                 ;           ;         ;          ;            ;           ;                 ; 2507070A3HS008
A3-HS      ; 01/15/2026 09:03:12; 20260115090312286;              1;        1; IM           ; IM           ; LATEXOR Fosco                  ; LATEXOR Fosco                  ; TINTA BASE BM                   ; TINTA BASE BM;                        ;                        ; VERGINIA    ;        ; CURITIBA;        ;      ;        ;        0;              150   ;        0.15  ; L       ;            2; DefaultPaintType;               0; 05/08/2025 08:52:23; FORMULA PARA CONTROLE DE BASES BM TINTAS             ;        ; 0     ;                                                                                                                   ;     ; BE            ; BE            ; 10485760;       6    ;            6    ; BA            ; BA            ; 16777215;       3    ;            3    ;               ;               ;         ;            ;                 ;               ;               ;         ;            ;                 ;               ;               ;     ;            ;                 ;               ;               ;     ;            ;                 ;               ;               ;     ;            ;                 ;           ;         ;          ;            ;           ;                 ; 2507070A3HS008
A3-HS      ; 01/14/2026 17:36:14; 20260114173614909;              1;        1; IM           ; IM           ; LATEXOR Fosco                  ; LATEXOR Fosco                  ; TINTA BASE BM                   ; TINTA BASE BM;                        ;                        ; VERGINIA    ;        ; CURITIBA;        ;      ;        ;        0;              150   ;        0.15  ; L       ;            2; DefaultPaintType;               0; 05/08/2025 08:52:23; FORMULA PARA CONTROLE DE BASES BM TINTAS             ;        ; 0     ;                                                                                                                   ;     ; BE            ; BE            ; 10485760;       6    ;            6    ; BA            ; BA            ; 16777215;       3    ;            3    ;               ;               ;         ;            ;                 ;               ;               ;         ;            ;                 ;               ;               ;     ;            ;                 ;               ;               ;     ;            ;                 ;               ;               ;     ;            ;                 ;           ;         ;          ;            ;           ;                 ; 2507070A3HS008
A3-HS      ; 01/14/2026 17:35:31; 20260114173531229;              1;        1; IM           ; IM           ; LATEXOR Fosco                  ; LATEXOR Fosco                  ; TINTA BASE BM                   ; TINTA BASE BM;                        ;                        ; VERGINIA    ;        ; CURITIBA;        ;      ;        ;        0;              150   ;        0.15  ; L       ;            2; DefaultPaintType;               0; 05/08/2025 08:52:23; FORMULA PARA CONTROLE DE BASES BM TINTAS             ;        ; -1    ; Abort : Abort Job                                                                                                 ;     ; BE            ; BE            ; 10485760;       6    ;            0    ; BA            ; BA            ; 16777215;       3    ;            0    ;               ;               ;         ;            ;                 ;               ;               ;         ;            ;                 ;               ;               ;     ;            ;                 ;               ;               ;     ;            ;                 ;               ;               ;     ;            ;                 ;           ;         ;          ;            ;           ;                 ; 2507070A3HS008
A3-HS      ; 01/14/2026 17:35:12; 20260114173512974;              1;        1; IM           ; IM           ; LATEXOR Fosco                  ; LATEXOR Fosco                  ; TINTA BASE BM                   ; TINTA BASE BM;                        ;                        ; VERGINIA    ;        ; CURITIBA;        ;      ;        ;        0;              150   ;        0.15  ; L       ;            2; DefaultPaintType;               0; 05/08/2025 08:52:23; FORMULA PARA CONTROLE DE BASES BM TINTAS             ;        ; -1    ; Abort : Abort Job                                                                                                 ;     ; BE            ; BE            ; 10485760;       6    ;            0    ; BA            ; BA            ; 16777215;       3    ;            0    ;               ;               ;         ;            ;                 ;               ;               ;         ;            ;                 ;               ;               ;     ;            ;                 ;               ;               ;     ;            ;                 ;               ;               ;     ;            ;                 ;           ;         ;          ;            ;           ;                 ; 2507070A3HS008
A3-HS      ; 01/14/2026 17:35:00; 20260114173500990;              1;        1; IM           ; IM           ; LATEXOR Fosco                  ; LATEXOR Fosco                  ; TINTA BASE BM                   ; TINTA BASE BM;                        ;                        ; VERGINIA    ;        ; CURITIBA;        ;      ;        ;        0;              150   ;        0.15  ; L       ;            2; DefaultPaintType;               0; 05/08/2025 08:52:23; FORMULA PARA CONTROLE DE BASES BM TINTAS             ;        ; -1    ; Abort : Abort Job                                                                                                 ;     ; BE            ; BE            ; 10485760;       6    ;            0    ; BA            ; BA            ; 16777215;       3    ;            0    ;               ;               ;         ;            ;                 ;               ;               ;         ;            ;                 ;               ;               ;     ;            ;                 ;               ;               ;     ;            ;                 ;               ;               ;     ;            ;                 ;           ;         ;          ;            ;           ;                 ; 2507070A3HS008
A3-HS      ; 01/12/2026 17:28:07; 20260112172807725;              1;        1; AP           ; AP           ; LATEXOR Fosco                  ; LATEXOR Fosco                  ; TINTA BASE AP                   ; TINTA BASE AP;                        ;                        ; VERGINIA    ;        ; CURITIBA;        ;      ;        ;        0;              150   ;        0.15  ; L       ;            2; DefaultPaintType;               0; 05/08/2025 08:48:47; FORMULA PARA CONTROLE DE QUALIDADE DE BASES AP TINTAS;        ; 0     ;                                                                                                                   ;     ; BE            ; BE            ; 10485760;       5    ;            5    ;               ;               ;         ;            ;                 ;               ;               ;         ;            ;                 ;               ;               ;         ;            ;                 ;               ;               ;     ;            ;                 ;               ;               ;     ;            ;                 ;               ;               ;     ;            ;                 ;           ;         ;          ;            ;           ;                 ; 2507070A3HS008
A3-HS      ; 01/06/2026 16:29:57; 20260106162957215;              1;        1; A            ; A            ; Verginia GRAFIATO              ; Verginia GRAFIATO              ; AFFLUENT VB 76-3106             ; VB 76-3106   ; MAESTRIA Phenix        ; MAESTRIA Phenix        ;             ;        ;         ;        ;      ;        ; 12897125;             1916.6 ;        1.9166; L       ;            1; DefaultPaintType;               0; 08/25/2025 00:00:00;                                                      ;        ; 0     ;                                                                                                                   ;     ; BE            ; BE            ; 10485760;       1.285;            1.285; BA            ; BA            ; 16777215;      19.166;           19.166; NO            ; NO            ;        0;       0.09 ;            0.09 ; VR            ; VR            ;    26112;       4.913;            4.913;               ;               ;     ;            ;                 ;               ;               ;     ;            ;                 ;               ;               ;     ;            ;                 ;           ;         ;          ;            ;           ;                 ; 2507070A3HS008
A3-HS      ; 01/06/2026 15:55:01; 20260106155501543;              1;        1;              ;              ;                                ;                                ;                                 ;              ;                        ;                        ;             ;        ;         ;        ;      ;        ; 16711680;                0   ;        1     ; L       ;            3; DefaultPaintType;               0; 01/06/2026 15:55:01;                                                      ;        ; 0     ;                                                                                                                   ;     ; BE            ; BE            ; 10485760;       5    ;            5    ;               ;               ;         ;            ;                 ;               ;               ;         ;            ;                 ;               ;               ;         ;            ;                 ;               ;               ;     ;            ;                 ;               ;               ;     ;            ;                 ;               ;               ;     ;            ;                 ;           ;         ;          ;            ;           ;                 ; 2507070A3HS008
A3-HS      ; 01/06/2026 14:37:22; 20260106143722972;              1;        1;              ;              ;                                ;                                ;                                 ;              ;                        ;                        ;             ;        ;         ;        ;      ;        ; 16711680;                0   ;        1     ; L       ;            3; DefaultPaintType;               0; 01/06/2026 14:37:22;                                                      ;        ; 0     ;                                                                                                                   ;     ; BE            ; BE            ; 10485760;       5    ;            5    ;               ;               ;         ;            ;                 ;               ;               ;         ;            ;                 ;               ;               ;         ;            ;                 ;               ;               ;     ;            ;                 ;               ;               ;     ;            ;                 ;               ;               ;     ;            ;                 ;           ;         ;          ;            ;           ;                 ; 2507070A3HS008
A3-HS      ; 01/06/2026 14:35:24; 20260106143524621;              1;        1;              ;              ;                                ;                                ;                                 ;              ;                        ;                        ;             ;        ;         ;        ;      ;        ; 16711680;                0   ;        1     ; L       ;            3; DefaultPaintType;               0; 01/06/2026 14:35:24;                                                      ;        ; -1    ; E11 : Emergency stop switch unreleased.                                                                           ;     ; BE            ; BE            ; 10485760;       5    ;            0    ;               ;               ;         ;            ;                 ;               ;               ;         ;            ;                 ;               ;               ;         ;            ;                 ;               ;               ;     ;            ;                 ;               ;               ;     ;            ;                 ;               ;               ;     ;            ;                 ;           ;         ;          ;            ;           ;                 ; 2507070A3HS008
A3-HS      ; 01/06/2026 14:35:15; 20260106143515062;              1;        1;              ;              ;                                ;                                ;                                 ;              ;                        ;                        ;             ;        ;         ;        ;      ;        ; 16711680;                0   ;        1     ; L       ;            3; DefaultPaintType;               0; 01/06/2026 14:35:15;                                                      ;        ; -1    ; E11 : Emergency stop switch unreleased.                                                                           ;     ; BE            ; BE            ; 10485760;       5    ;            0    ;               ;               ;         ;            ;                 ;               ;               ;         ;            ;                 ;               ;               ;         ;            ;                 ;               ;               ;     ;            ;                 ;               ;               ;     ;            ;                 ;               ;               ;     ;            ;                 ;           ;         ;          ;            ;           ;                 ; 2507070A3HS008
A3-HS      ; 12/18/2025 13:39:01; 20251218133901567;              1;        1;              ;              ;                                ;                                ;                                 ;              ;                        ;                        ;             ;        ;         ;        ;      ;        ; 16711680;                0   ;        1     ; L       ;            3; DefaultPaintType;               0; 12/18/2025 13:39:01;                                                      ;        ; 0     ;                                                                                                                   ;     ; BP            ; BP            ; 16711807;      60    ;           60    ;               ;               ;         ;            ;                 ;               ;               ;         ;            ;                 ;               ;               ;         ;            ;                 ;               ;               ;     ;            ;                 ;               ;               ;     ;            ;                 ;               ;               ;     ;            ;                 ;           ;         ;          ;            ;           ;                 ; 2507070A3HS008
A3-HS      ; 12/18/2025 13:20:13; 20251218132013659;              1;        1;              ;              ;                                ;                                ;                                 ;              ;                        ;                        ;             ;        ;         ;        ;      ;        ; 16711680;                0   ;        1     ; L       ;            3; DefaultPaintType;               0; 12/18/2025 13:20:13;                                                      ;        ; -1    ; E18 : Base-paint canister has been moved away Please don't move base-paint canister before dispensing is finished.;     ; BP            ; BP            ; 16711807;      30    ;           30    ;               ;               ;         ;            ;                 ;               ;               ;         ;            ;                 ;               ;               ;         ;            ;                 ;               ;               ;     ;            ;                 ;               ;               ;     ;            ;                 ;               ;               ;     ;            ;                 ;           ;         ;          ;            ;           ;                 ; 2507070A3HS008
A3-HS      ; 12/18/2025 12:21:08; 20251218122108989;              1;        1; B            ; B            ; Verginia EMBORRACHADO          ; Verginia EMBORRACHADO          ; BLEU BLEUET BR 52-0137          ; BR 52-0137   ; MAESTRIA Phenix        ; MAESTRIA Phenix        ;             ;        ;         ;        ;      ;        ; 12287563;              800   ;        0.8   ; L       ;            1; DefaultPaintType;               0; 08/25/2025 00:00:00;                                                      ;        ; 0     ;                                                                                                                   ;     ; BE            ; BE            ; 10485760;      13.058;           13.058; BA            ; BA            ; 16777215;      10.998;           10.998; VI            ; VI            ;  5189455;      13.206;           13.206;               ;               ;         ;            ;                 ;               ;               ;     ;            ;                 ;               ;               ;     ;            ;                 ;               ;               ;     ;            ;                 ;           ;         ;          ;            ;           ;                 ; 2507070A3HS008
A3-HS      ; 12/18/2025 10:24:45; 20251218102445767;              1;        1; IM           ; IM           ; LATEXOR Fosco                  ; LATEXOR Fosco                  ; TINTA BASE BM                   ; TINTA BASE BM;                        ;                        ; VERGINIA    ;        ; CURITIBA;        ;      ;        ;        0;              150   ;        0.15  ; L       ;            2; DefaultPaintType;               0; 05/08/2025 08:52:23; FORMULA PARA CONTROLE DE BASES BM TINTAS             ;        ; 0     ;                                                                                                                   ;     ; BE            ; BE            ; 10485760;       6    ;            6    ; BA            ; BA            ; 16777215;       3    ;            3    ;               ;               ;         ;            ;                 ;               ;               ;         ;            ;                 ;               ;               ;     ;            ;                 ;               ;               ;     ;            ;                 ;               ;               ;     ;            ;                 ;           ;         ;          ;            ;           ;                 ; 2507070A3HS008
A3-HS      ; 12/12/2025 15:03:56; 20251212150356966;              1;        1; AP           ; AP           ; LATEXOR Fosco                  ; LATEXOR Fosco                  ; TINTA BASE AP                   ; TINTA BASE AP;                        ;                        ; VERGINIA    ;        ; CURITIBA;        ;      ;        ;        0;              150   ;        0.15  ; L       ;            2; DefaultPaintType;               0; 05/08/2025 08:48:47; FORMULA PARA CONTROLE DE QUALIDADE DE BASES AP TINTAS;        ; 0     ;                                                                                                                   ;     ; BE            ; BE            ; 10485760;       5    ;            5    ;               ;               ;         ;            ;                 ;               ;               ;         ;            ;                 ;               ;               ;         ;            ;                 ;               ;               ;     ;            ;                 ;               ;               ;     ;            ;                 ;               ;               ;     ;            ;                 ;           ;         ;          ;            ;           ;                 ; 2507070A3HS008
A3-HS      ; 12/12/2025 15:03:33; 20251212150333475;              1;        1; AP           ; AP           ; LATEXOR Fosco                  ; LATEXOR Fosco                  ; TINTA BASE AP                   ; TINTA BASE AP;                        ;                        ; VERGINIA    ;        ; CURITIBA;        ;      ;        ;        0;              150   ;        0.15  ; L       ;            2; DefaultPaintType;               0; 05/08/2025 08:48:47; FORMULA PARA CONTROLE DE QUALIDADE DE BASES AP TINTAS;        ; -1    ; Abort : Abort Job                                                                                                 ;     ; BE            ; BE            ; 10485760;       5    ;            0    ;               ;               ;         ;            ;                 ;               ;               ;         ;            ;                 ;               ;               ;         ;            ;                 ;               ;               ;     ;            ;                 ;               ;               ;     ;            ;                 ;               ;               ;     ;            ;                 ;           ;         ;          ;            ;           ;                 ; 2507070A3HS008
A3-HS      ; 12/10/2025 15:12:35; 20251210151235399;              1;        1;              ;              ;                                ;                                ;                                 ;              ;                        ;                        ;             ;        ;         ;        ;      ;        ; 16711680;                0   ;        1     ; L       ;            3; DefaultPaintType;               0; 12/10/2025 15:12:35;                                                      ;        ; 0     ;                                                                                                                   ;     ; BE            ; BE            ; 10485760;       5    ;            5    ;               ;               ;         ;            ;                 ;               ;               ;         ;            ;                 ;               ;               ;         ;            ;                 ;               ;               ;     ;            ;                 ;               ;               ;     ;            ;                 ;               ;               ;     ;            ;                 ;           ;         ;          ;            ;           ;                 ; 2507070A3HS008
A3-HS      ; 12/10/2025 14:36:06; 20251210143606360;              1;        1;              ;              ;                                ;                                ;                                 ;              ;                        ;                        ;             ;        ;         ;        ;      ;        ; 16711680;                0   ;        1     ; L       ;            3; DefaultPaintType;               0; 12/10/2025 14:36:06;                                                      ;        ; 0     ;                                                                                                                   ;     ; BE            ; BE            ; 10485760;       5    ;            5    ;               ;               ;         ;            ;                 ;               ;               ;         ;            ;                 ;               ;               ;         ;            ;                 ;               ;               ;     ;            ;                 ;               ;               ;     ;            ;                 ;               ;               ;     ;            ;                 ;           ;         ;          ;            ;           ;                 ; 2507070A3HS008
A3-HS      ; 12/10/2025 14:05:56; 20251210140556343;              1;        1;              ;              ;                                ;                                ;                                 ;              ;                        ;                        ;             ;        ;         ;        ;      ;        ; 16711680;                0   ;        1     ; L       ;            3; DefaultPaintType;               0; 12/10/2025 14:05:56;                                                      ;        ; 0     ;                                                                                                                   ;     ; BE            ; BE            ; 10485760;       5    ;            5    ;               ;               ;         ;            ;                 ;               ;               ;         ;            ;                 ;               ;               ;         ;            ;                 ;               ;               ;     ;            ;                 ;               ;               ;     ;            ;                 ;               ;               ;     ;            ;                 ;           ;         ;          ;            ;           ;                 ; 2507070A3HS008
A3-HS      ; 12/10/2025 13:45:10; 20251210134510890;              1;        1;              ;              ;                                ;                                ;                                 ;              ;                        ;                        ;             ;        ;         ;        ;      ;        ; 16711680;                0   ;        1     ; L       ;            3; DefaultPaintType;               0; 12/10/2025 13:45:10;                                                      ;        ; 0     ;                                                                                                                   ;     ; BE            ; BE            ; 10485760;       5    ;            5    ;               ;               ;         ;            ;                 ;               ;               ;         ;            ;                 ;               ;               ;         ;            ;                 ;               ;               ;     ;            ;                 ;               ;               ;     ;            ;                 ;               ;               ;     ;            ;                 ;           ;         ;          ;            ;           ;                 ; 2507070A3HS008
A3-HS      ; 12/10/2025 11:35:06; 20251210113506405;              1;        1;              ;              ;                                ;                                ;                                 ;              ;                        ;                        ;             ;        ;         ;        ;      ;        ; 16711680;                0   ;        1     ; L       ;            3; DefaultPaintType;               0; 12/10/2025 11:35:06;                                                      ;        ; 0     ;                                                                                                                   ;     ; BE            ; BE            ; 10485760;       5    ;            5    ;               ;               ;         ;            ;                 ;               ;               ;         ;            ;                 ;               ;               ;         ;            ;                 ;               ;               ;     ;            ;                 ;               ;               ;     ;            ;                 ;               ;               ;     ;            ;                 ;           ;         ;          ;            ;           ;                 ; 2507070A3HS008
A3-HS      ; 12/09/2025 15:11:12; 20251209151112056;              1;        1; A            ; A            ; Verginia EMBORRACHADO          ; Verginia EMBORRACHADO          ; SCORIE JR 72-0208               ; JR 72-0208   ; MAESTRIA Phenix        ; MAESTRIA Phenix        ;             ;        ;         ;        ;      ;        ; 10530746;              800   ;        0.8   ; L       ;            1; DefaultPaintType;               0; 08/25/2025 00:00:00;                                                      ;        ; 0     ;                                                                                                                   ;     ; JO            ; JO            ;    39372;       6.758;            6.758; RH            ; RH            ;     9366;       0.993;            0.993; NO            ; NO            ;        0;       5.526;            5.526;               ;               ;         ;            ;                 ;               ;               ;     ;            ;                 ;               ;               ;     ;            ;                 ;               ;               ;     ;            ;                 ;           ;         ;          ;            ;           ;                 ; 2507070A3HS008
A3-HS      ; 12/09/2025 11:36:10; 20251209113610043;              1;        1; A            ; A            ; Verginia EMBORRACHADO          ; Verginia EMBORRACHADO          ; PACIFIQUE BV 73-0821            ; BV 73-0821   ; MAESTRIA Phenix        ; MAESTRIA Phenix        ;             ;        ;         ;        ;      ;        ; 14071942;              800   ;        0.8   ; L       ;            1; DefaultPaintType;               0; 08/25/2025 00:00:00;                                                      ;        ; 0     ;                                                                                                                   ;     ; BE            ; BE            ; 10485760;       3.889;            3.889; NO            ; NO            ;        0;       1.089;            1.089; VI            ; VI            ;  5189455;       1.852;            1.852;               ;               ;         ;            ;                 ;               ;               ;     ;            ;                 ;               ;               ;     ;            ;                 ;               ;               ;     ;            ;                 ;           ;         ;          ;            ;           ;                 ; 2507070A3HS008
A3-HS      ; 12/09/2025 11:32:27; 20251209113227772;              1;        1; A            ; A            ; Verginia EMBORRACHADO          ; Verginia EMBORRACHADO          ; CREME BONBON RJ 91-1201         ; RJ 91-1201   ; MAESTRIA Phenix        ; MAESTRIA Phenix        ;             ;        ;         ;        ;      ;        ; 14605049;              800   ;        0.8   ; L       ;            1; DefaultPaintType;               0; 08/25/2025 00:00:00;                                                      ;        ; 0     ;                                                                                                                   ;     ; RP            ; RP            ;      255;       0.787;            0.787; MA            ; MA            ;  1513356;       0.215;            0.215;               ;               ;         ;            ;                 ;               ;               ;         ;            ;                 ;               ;               ;     ;            ;                 ;               ;               ;     ;            ;                 ;               ;               ;     ;            ;                 ;           ;         ;          ;            ;           ;                 ; 2507070A3HS008
A3-HS      ; 12/09/2025 11:26:08; 20251209112608889;              1;        1; A            ; A            ; Verginia EMBORRACHADO          ; Verginia EMBORRACHADO          ; SCORIE JR 72-0208               ; JR 72-0208   ; MAESTRIA Phenix        ; MAESTRIA Phenix        ;             ;        ;         ;        ;      ;        ; 10530746;              800   ;        0.8   ; L       ;            1; DefaultPaintType;               0; 08/25/2025 00:00:00;                                                      ;        ; 0     ;                                                                                                                   ;     ; JO            ; JO            ;    39372;       6.758;            6.758; RH            ; RH            ;     9366;       0.993;            0.993; NO            ; NO            ;        0;       5.526;            5.526;               ;               ;         ;            ;                 ;               ;               ;     ;            ;                 ;               ;               ;     ;            ;                 ;               ;               ;     ;            ;                 ;           ;         ;          ;            ;           ;                 ; 2507070A3HS008
A3-HS      ; 12/09/2025 09:56:08; 20251209095608277;              1;        1; AP           ; AP           ; LATEXOR Fosco                  ; LATEXOR Fosco                  ; TINTA BASE AP                   ; TINTA BASE AP;                        ;                        ; VERGINIA    ;        ; CURITIBA;        ;      ;        ;        0;              150   ;        0.15  ; L       ;            2; DefaultPaintType;               0; 05/08/2025 08:48:47; FORMULA PARA CONTROLE DE QUALIDADE DE BASES AP TINTAS;        ; 0     ;                                                                                                                   ;     ; BE            ; BE            ; 10485760;       5    ;            5    ;               ;               ;         ;            ;                 ;               ;               ;         ;            ;                 ;               ;               ;         ;            ;                 ;               ;               ;     ;            ;                 ;               ;               ;     ;            ;                 ;               ;               ;     ;            ;                 ;           ;         ;          ;            ;           ;                 ; 2507070A3HS008
A3-HS      ; 12/08/2025 16:41:44; 20251208164144707;              1;        1; AP           ; AP           ; LATEXOR Fosco                  ; LATEXOR Fosco                  ; TINTA BASE AP                   ; TINTA BASE AP;                        ;                        ; VERGINIA    ;        ; CURITIBA;        ;      ;        ;        0;              150   ;        0.15  ; L       ;            2; DefaultPaintType;               0; 05/08/2025 08:48:47; FORMULA PARA CONTROLE DE QUALIDADE DE BASES AP TINTAS;        ; 0     ;                                                                                                                   ;     ; BE            ; BE            ; 10485760;       5    ;            5    ;               ;               ;         ;            ;                 ;               ;               ;         ;            ;                 ;               ;               ;         ;            ;                 ;               ;               ;     ;            ;                 ;               ;               ;     ;            ;                 ;               ;               ;     ;            ;                 ;           ;         ;          ;            ;           ;                 ; 2507070A3HS008
A3-HS      ; 11/28/2025 14:03:06; 20251128140306601;              1;        1; B            ; B            ; Verginia ESMALTE h2o ACETINADO ; Verginia ESMALTE h2o ACETINADO ; PRASIN VJ 70-4010               ; VJ 70-4010   ; MAESTRIA Phenix        ; MAESTRIA Phenix        ;             ;        ;         ;        ;      ;        ;  9944655;              800   ;        0.8   ; L       ;            1; DefaultPaintType;               0; 08/25/2025 00:00:00;                                                      ;        ; 0     ;                                                                                                                   ;     ; BA            ; BA            ; 16777215;      19.409;           19.409; JO            ; JO            ;    39372;       1.504;            1.504; JP            ; JP            ;    56575;       7.416;            7.416; VR            ; VR            ;    26112;      13.112;           13.112;               ;               ;     ;            ;                 ;               ;               ;     ;            ;                 ;               ;               ;     ;            ;                 ;           ;         ;          ;            ;           ;                 ; 2507070A3HS008
A3-HS      ; 11/28/2025 09:59:22; 20251128095922150;              1;        1; B            ; B            ; Verginia ESMALTE h2o ACETINADO ; Verginia ESMALTE h2o ACETINADO ; SCUBA BV 52-0035                ; BV 52-0035   ; MAESTRIA Phenix        ; MAESTRIA Phenix        ;             ;        ;         ;        ;      ;        ; 11959883;              800   ;        0.8   ; L       ;            1; DefaultPaintType;               0; 08/25/2025 00:00:00;                                                      ;        ; 0     ;                                                                                                                   ;     ; BE            ; BE            ; 10485760;      13.176;           13.176; BA            ; BA            ; 16777215;      10.984;           10.984; NO            ; NO            ;        0;       1.054;            1.054; VI            ; VI            ;  5189455;      12.467;           12.467;               ;               ;     ;            ;                 ;               ;               ;     ;            ;                 ;               ;               ;     ;            ;                 ;           ;         ;          ;            ;           ;                 ; 2507070A3HS008
A3-HS      ; 11/28/2025 09:57:17; 20251128095717400;              1;        1; B            ; B            ; Verginia ESMALTE h2o ACETINADO ; Verginia ESMALTE h2o ACETINADO ; PRASIN VJ 70-4010               ; VJ 70-4010   ; MAESTRIA Phenix        ; MAESTRIA Phenix        ;             ;        ;         ;        ;      ;        ;  9944655;              800   ;        0.8   ; L       ;            1; DefaultPaintType;               0; 08/25/2025 00:00:00;                                                      ;        ; 0     ;                                                                                                                   ;     ; BA            ; BA            ; 16777215;      19.409;           19.409; JO            ; JO            ;    39372;       1.504;            1.504; JP            ; JP            ;    56575;       7.416;            7.416; VR            ; VR            ;    26112;      13.112;           13.112;               ;               ;     ;            ;                 ;               ;               ;     ;            ;                 ;               ;               ;     ;            ;                 ;           ;         ;          ;            ;           ;                 ; 2507070A3HS008
A3-HS      ; 11/27/2025 17:55:48; 20251127175548437;              1;        1; IM           ; IM           ; LATEXOR Fosco                  ; LATEXOR Fosco                  ; TINTA BASE BM                   ; TINTA BASE BM;                        ;                        ; VERGINIA    ;        ; CURITIBA;        ;      ;        ;        0;              150   ;        0.15  ; L       ;            2; DefaultPaintType;               0; 05/08/2025 08:52:23; FORMULA PARA CONTROLE DE BASES BM TINTAS             ;        ; 0     ;                                                                                                                   ;     ; BE            ; BE            ; 10485760;       6    ;            6    ; BA            ; BA            ; 16777215;       3    ;            3    ;               ;               ;         ;            ;                 ;               ;               ;         ;            ;                 ;               ;               ;     ;            ;                 ;               ;               ;     ;            ;                 ;               ;               ;     ;            ;                 ;           ;         ;          ;            ;           ;                 ; 2507070A3HS008
A3-HS      ; 11/27/2025 17:53:36; 20251127175336636;              1;        1; IM           ; IM           ; LATEXOR Fosco                  ; LATEXOR Fosco                  ; TINTA BASE BM                   ; TINTA BASE BM;                        ;                        ; VERGINIA    ;        ; CURITIBA;        ;      ;        ;        0;              150   ;        0.15  ; L       ;            2; DefaultPaintType;               0; 05/08/2025 08:52:23; FORMULA PARA CONTROLE DE BASES BM TINTAS             ;        ; 0     ;                                                                                                                   ;     ; BE            ; BE            ; 10485760;       6    ;            6    ; BA            ; BA            ; 16777215;       3    ;            3    ;               ;               ;         ;            ;                 ;               ;               ;         ;            ;                 ;               ;               ;     ;            ;                 ;               ;               ;     ;            ;                 ;               ;               ;     ;            ;                 ;           ;         ;          ;            ;           ;                 ; 2507070A3HS008
A3-HS      ; 11/25/2025 08:26:56; 20251125082656458;              1;        1; IM           ; IM           ; LATEXOR Fosco                  ; LATEXOR Fosco                  ; TINTA BASE BM                   ; TINTA BASE BM;                        ;                        ; VERGINIA    ;        ; CURITIBA;        ;      ;        ;        0;              150   ;        0.15  ; L       ;            2; DefaultPaintType;               0; 05/08/2025 08:52:23; FORMULA PARA CONTROLE DE BASES BM TINTAS             ;        ; 0     ;                                                                                                                   ;     ; BE            ; BE            ; 10485760;       6    ;            6    ; BA            ; BA            ; 16777215;       3    ;            3    ;               ;               ;         ;            ;                 ;               ;               ;         ;            ;                 ;               ;               ;     ;            ;                 ;               ;               ;     ;            ;                 ;               ;               ;     ;            ;                 ;           ;         ;          ;            ;           ;                 ; 2507070A3HS008
A3-HS      ; 11/24/2025 17:49:43; 20251124174943699;              1;        1; IM           ; IM           ; LATEXOR Fosco                  ; LATEXOR Fosco                  ; TINTA BASE BM                   ; TINTA BASE BM;                        ;                        ; VERGINIA    ;        ; CURITIBA;        ;      ;        ;        0;              150   ;        0.15  ; L       ;            2; DefaultPaintType;               0; 05/08/2025 08:52:23; FORMULA PARA CONTROLE DE BASES BM TINTAS             ;        ; 0     ;                                                                                                                   ;     ; BE            ; BE            ; 10485760;       6    ;            6    ; BA            ; BA            ; 16777215;       3    ;            3    ;               ;               ;         ;            ;                 ;               ;               ;         ;            ;                 ;               ;               ;     ;            ;                 ;               ;               ;     ;            ;                 ;               ;               ;     ;            ;                 ;           ;         ;          ;            ;           ;                 ; 2507070A3HS008
A3-HS      ; 11/24/2025 17:48:39; 20251124174839129;              1;        1; IM           ; IM           ; LATEXOR Fosco                  ; LATEXOR Fosco                  ; TINTA BASE BM                   ; TINTA BASE BM;                        ;                        ; VERGINIA    ;        ; CURITIBA;        ;      ;        ;        0;              150   ;        0.15  ; L       ;            2; DefaultPaintType;               0; 05/08/2025 08:52:23; FORMULA PARA CONTROLE DE BASES BM TINTAS             ;        ; -1    ; Abort : Abort Job                                                                                                 ;     ; BE            ; BE            ; 10485760;       6    ;            0    ; BA            ; BA            ; 16777215;       3    ;            0    ;               ;               ;         ;            ;                 ;               ;               ;         ;            ;                 ;               ;               ;     ;            ;                 ;               ;               ;     ;            ;                 ;               ;               ;     ;            ;                 ;           ;         ;          ;            ;           ;                 ; 2507070A3HS008
A3-HS      ; 11/24/2025 15:17:28; 20251124151728328;              1;        1;              ;              ;                                ;                                ;                                 ;              ;                        ;                        ;             ;        ;         ;        ;      ;        ; 16711680;                0   ;        1     ; L       ;            3; DefaultPaintType;               0; 11/24/2025 15:17:28;                                                      ;        ; 0     ;                                                                                                                   ;     ; BE            ; BE            ; 10485760;       5    ;            5    ;               ;               ;         ;            ;                 ;               ;               ;         ;            ;                 ;               ;               ;         ;            ;                 ;               ;               ;     ;            ;                 ;               ;               ;     ;            ;                 ;               ;               ;     ;            ;                 ;           ;         ;          ;            ;           ;                 ; 2507070A3HS008
A3-HS      ; 11/24/2025 14:17:21; 20251124141721468;              1;        1;              ;              ;                                ;                                ;                                 ;              ;                        ;                        ;             ;        ;         ;        ;      ;        ; 16711680;                0   ;        1     ; L       ;            3; DefaultPaintType;               0; 11/24/2025 14:17:21;                                                      ;        ; 0     ;                                                                                                                   ;     ; BE            ; BE            ; 10485760;       5    ;            5    ;               ;               ;         ;            ;                 ;               ;               ;         ;            ;                 ;               ;               ;         ;            ;                 ;               ;               ;     ;            ;                 ;               ;               ;     ;            ;                 ;               ;               ;     ;            ;                 ;           ;         ;          ;            ;           ;                 ; 2507070A3HS008
A3-HS      ; 10/08/2025 09:02:31; 20251008090231725;              1;        1; A            ; A            ; Verginia STANDARD Fosco        ; Verginia STANDARD Fosco        ; CUIR ROSE RJ 75-2112            ; RJ 75-2112   ; MAESTRIA Phenix        ; MAESTRIA Phenix        ;             ;        ;         ;        ;      ;        ; 10660582;              800   ;        0.8   ; L       ;            1; DefaultPaintType;               0; 08/25/2025 00:00:00;                                                      ;        ; 0     ;                                                                                                                   ;     ; RH            ; RH            ;     9366;       3.631;            3.631; OP            ; OP            ;  3373284;       7.392;            7.392; RP            ; RP            ;      255;       4.754;            4.754;               ;               ;         ;            ;                 ;               ;               ;     ;            ;                 ;               ;               ;     ;            ;                 ;               ;               ;     ;            ;                 ;           ;         ;          ;            ;           ;                 ; 2507070A3HS008
A3-HS      ; 10/07/2025 17:10:43; 20251007171043958;              1;        1; A            ; A            ; Verginia STANDARD Fosco        ; Verginia STANDARD Fosco        ; MER DU NORD VB 75-2014          ; VB 75-2014   ; MAESTRIA Phenix        ; MAESTRIA Phenix        ;             ;        ;         ;        ;      ;        ; 13747319;              800   ;        0.8   ; L       ;            1; DefaultPaintType;               0; 08/25/2025 00:00:00;                                                      ;        ; 0     ;                                                                                                                   ;     ; BE            ; BE            ; 10485760;       6.608;            6.608; NO            ; NO            ;        0;       1.698;            1.698; VR            ; VR            ;    26112;       3.5  ;            3.5  ;               ;               ;         ;            ;                 ;               ;               ;     ;            ;                 ;               ;               ;     ;            ;                 ;               ;               ;     ;            ;                 ;           ;         ;          ;            ;           ;                 ; 2507070A3HS008
A3-HS      ; 10/07/2025 17:08:31; 20251007170831228;              1;        1; A            ; A            ; Verginia STANDARD Fosco        ; Verginia STANDARD Fosco        ; FLEUR DE VANILLE JV 93-0230     ; JV 93-0230   ; MAESTRIA Phenix        ; MAESTRIA Phenix        ;             ;        ;         ;        ;      ;        ; 11594492;              800   ;        0.8   ; L       ;            1; DefaultPaintType;               0; 08/25/2025 00:00:00;                                                      ;        ; 0     ;                                                                                                                   ;     ; OP            ; OP            ;  3373284;       1.332;            1.332; JP            ; JP            ;    56575;      14.235;           14.235;               ;               ;         ;            ;                 ;               ;               ;         ;            ;                 ;               ;               ;     ;            ;                 ;               ;               ;     ;            ;                 ;               ;               ;     ;            ;                 ;           ;         ;          ;            ;           ;                 ; 2507070A3HS008
A3-HS      ; 10/07/2025 17:06:03; 20251007170603111;              1;        1; A            ; A            ; Verginia STANDARD Fosco        ; Verginia STANDARD Fosco        ; CUIR ROSE RJ 75-2112            ; RJ 75-2112   ; MAESTRIA Phenix        ; MAESTRIA Phenix        ;             ;        ;         ;        ;      ;        ; 10660582;              800   ;        0.8   ; L       ;            1; DefaultPaintType;               0; 08/25/2025 00:00:00;                                                      ;        ; 0     ;                                                                                                                   ;     ; RH            ; RH            ;     9366;       3.631;            3.631; OP            ; OP            ;  3373284;       7.392;            7.392; RP            ; RP            ;      255;       4.754;            4.754;               ;               ;         ;            ;                 ;               ;               ;     ;            ;                 ;               ;               ;     ;            ;                 ;               ;               ;     ;            ;                 ;           ;         ;          ;            ;           ;                 ; 2507070A3HS008
A3-HS      ; 10/07/2025 16:22:56; 20251007162256407;              1;        1; AP           ; AP           ; LATEXOR Fosco                  ; LATEXOR Fosco                  ; TINTA BASE AP                   ; TINTA BASE AP;                        ;                        ; VERGINIA    ;        ; CURITIBA;        ;      ;        ;        0;              150   ;        0.15  ; L       ;            2; DefaultPaintType;               0; 05/08/2025 08:48:47; FORMULA PARA CONTROLE DE QUALIDADE DE BASES AP TINTAS;        ; 0     ;                                                                                                                   ;     ; BE            ; BE            ; 10485760;       5    ;            5    ;               ;               ;         ;            ;                 ;               ;               ;         ;            ;                 ;               ;               ;         ;            ;                 ;               ;               ;     ;            ;                 ;               ;               ;     ;            ;                 ;               ;               ;     ;            ;                 ;           ;         ;          ;            ;           ;                 ; 2507070A3HS008
A3-HS      ; 10/03/2025 09:52:10; 20251003095210472;              1;        1; C            ; C            ; Verginia PREMIUM Fosco         ; Verginia PREMIUM Fosco         ; BITUME RJ 27-0101               ; RJ 27-0101   ; MAESTRIA Phenix        ; MAESTRIA Phenix        ;             ;        ;         ;        ;      ;        ;  4013634;              722   ;        0.722 ; L       ;            1; DefaultPaintType;               0; 08/25/2025 00:00:00;                                                      ;        ; 0     ;                                                                                                                   ;     ; RH            ; RH            ;     9366;       5.184;            5.184; NO            ; NO            ;        0;      74.624;           74.624; MA            ; MA            ;  1513356;       0.415;            0.415;               ;               ;         ;            ;                 ;               ;               ;     ;            ;                 ;               ;               ;     ;            ;                 ;               ;               ;     ;            ;                 ;           ;         ;          ;            ;           ;                 ; 2507070A3HS008
A3-HS      ; 10/03/2025 08:42:09; 20251003084209668;              1;        1; C            ; C            ; Verginia PREMIUM Fosco         ; Verginia PREMIUM Fosco         ; FRAISE RJ 46-5535               ; RJ 46-5535   ; MAESTRIA Phenix        ; MAESTRIA Phenix        ;             ;        ;         ;        ;      ;        ;  3620295;              800   ;        0.8   ; L       ;            1; DefaultPaintType;               0; 08/25/2025 00:00:00;                                                      ;        ; 0     ;                                                                                                                   ;     ; OP            ; OP            ;  3373284;      29.853;           29.853; RV            ; RV            ;      255;      59.036;           59.036;               ;               ;         ;            ;                 ;               ;               ;         ;            ;                 ;               ;               ;     ;            ;                 ;               ;               ;     ;            ;                 ;               ;               ;     ;            ;                 ;           ;         ;          ;            ;           ;                 ; 2507070A3HS008
A3-HS      ; 10/03/2025 08:39:16; 20251003083916574;              1;        1; C            ; C            ; Verginia PREMIUM Fosco         ; Verginia PREMIUM Fosco         ; BITUME RJ 27-0101               ; RJ 27-0101   ; MAESTRIA Phenix        ; MAESTRIA Phenix        ;             ;        ;         ;        ;      ;        ;  4013634;              800   ;        0.8   ; L       ;            1; DefaultPaintType;               0; 08/25/2025 00:00:00;                                                      ;        ; 0     ;                                                                                                                   ;     ; RH            ; RH            ;     9366;       5.744;            5.744; NO            ; NO            ;        0;      82.686;           82.686; MA            ; MA            ;  1513356;       0.459;            0.459;               ;               ;         ;            ;                 ;               ;               ;     ;            ;                 ;               ;               ;     ;            ;                 ;               ;               ;     ;            ;                 ;           ;         ;          ;            ;           ;                 ; 2507070A3HS008
A3-HS      ; 10/03/2025 08:35:57; 20251003083557183;              1;        1; C            ; C            ; Verginia PREMIUM Fosco         ; Verginia PREMIUM Fosco         ; MARMOTTE JR 39-1414             ; JR 39-1414   ; MAESTRIA Phenix        ; MAESTRIA Phenix        ;             ;        ;         ;        ;      ;        ;  4609402;              800   ;        0.8   ; L       ;            1; DefaultPaintType;               0; 08/25/2025 00:00:00;                                                      ;        ; 0     ;                                                                                                                   ;     ; BA            ; BA            ; 16777215;      11.299;           11.299; JO            ; JO            ;    39372;      37.652;           37.652; RH            ; RH            ;     9366;      21.141;           21.141; NO            ; NO            ;        0;      18.796;           18.796;               ;               ;     ;            ;                 ;               ;               ;     ;            ;                 ;               ;               ;     ;            ;                 ;           ;         ;          ;            ;           ;                 ; 2507070A3HS008
A3-HS      ; 10/02/2025 17:02:14; 20251002170214956;              1;        1; IM           ; IM           ; LATEXOR Fosco                  ; LATEXOR Fosco                  ; TINTA BASE BM                   ; TINTA BASE BM;                        ;                        ; VERGINIA    ;        ; CURITIBA;        ;      ;        ;        0;              150   ;        0.15  ; L       ;            2; DefaultPaintType;               0; 05/08/2025 08:52:23; FORMULA PARA CONTROLE DE BASES BM TINTAS             ;        ; 0     ;                                                                                                                   ;     ; BE            ; BE            ; 10485760;       6    ;            6    ; BA            ; BA            ; 16777215;       3    ;            3    ;               ;               ;         ;            ;                 ;               ;               ;         ;            ;                 ;               ;               ;     ;            ;                 ;               ;               ;     ;            ;                 ;               ;               ;     ;            ;                 ;           ;         ;          ;            ;           ;                 ; 2507070A3HS008
A3-HS      ; 10/02/2025 17:00:52; 20251002170052477;              1;        1; IM           ; IM           ; LATEXOR Fosco                  ; LATEXOR Fosco                  ; TINTA BASE BM                   ; TINTA BASE BM;                        ;                        ; VERGINIA    ;        ; CURITIBA;        ;      ;        ;        0;              150   ;        0.15  ; L       ;            2; DefaultPaintType;               0; 05/08/2025 08:52:23; FORMULA PARA CONTROLE DE BASES BM TINTAS             ;        ; 0     ;                                                                                                                   ;     ; BE            ; BE            ; 10485760;       6    ;            6    ; BA            ; BA            ; 16777215;       3    ;            3    ;               ;               ;         ;            ;                 ;               ;               ;         ;            ;                 ;               ;               ;     ;            ;                 ;               ;               ;     ;            ;                 ;               ;               ;     ;            ;                 ;           ;         ;          ;            ;           ;                 ; 2507070A3HS008
A3-HS      ; 10/02/2025 09:18:38; 20251002091838107;              1;        1; B            ; B            ; Verginia PREMIUM Fosco         ; Verginia PREMIUM Fosco         ; TOUAREG BV 56-0136              ; BV 56-0136   ; MAESTRIA Phenix        ; MAESTRIA Phenix        ;             ;        ;         ;        ;      ;        ; 12946002;              800   ;        0.8   ; L       ;            1; DefaultPaintType;               0; 08/25/2025 00:00:00;                                                      ;        ; 0     ;                                                                                                                   ;     ; BE            ; BE            ; 10485760;      15.224;           15.224; BA            ; BA            ; 16777215;      23.995;           23.995; VI            ; VI            ;  5189455;      13.626;           13.626;               ;               ;         ;            ;                 ;               ;               ;     ;            ;                 ;               ;               ;     ;            ;                 ;               ;               ;     ;            ;                 ;           ;         ;          ;            ;           ;                 ; 2507070A3HS008
A3-HS      ; 10/02/2025 09:16:37; 20251002091637684;              1;        1; B            ; B            ; Verginia PREMIUM Fosco         ; Verginia PREMIUM Fosco         ; THE VERT JV 82-2333             ; JV 82-2333   ; MAESTRIA Phenix        ; MAESTRIA Phenix        ;             ;        ;         ;        ;      ;        ;  9295542;              800   ;        0.8   ; L       ;            1; DefaultPaintType;               0; 08/25/2025 00:00:00;                                                      ;        ; 0     ;                                                                                                                   ;     ; BA            ; BA            ; 16777215;      26.467;           26.467; JO            ; JO            ;    39372;       2.774;            2.774; JP            ; JP            ;    56575;      22.578;           22.578; VR            ; VR            ;    26112;       1.96 ;            1.96 ;               ;               ;     ;            ;                 ;               ;               ;     ;            ;                 ;               ;               ;     ;            ;                 ;           ;         ;          ;            ;           ;                 ; 2507070A3HS008
A3-HS      ; 10/02/2025 09:14:30; 20251002091430397;              1;        1; B            ; B            ; Verginia PREMIUM Fosco         ; Verginia PREMIUM Fosco         ; ORANGE SAUMONE JR 77-2544       ; JR 77-2544   ; MAESTRIA Phenix        ; MAESTRIA Phenix        ;             ;        ;         ;        ;      ;        ;  6990589;              800   ;        0.8   ; L       ;            1; DefaultPaintType;               0; 08/25/2025 00:00:00;                                                      ;        ; 0     ;                                                                                                                   ;     ; BA            ; BA            ; 16777215;       2.713;            2.713; JO            ; JO            ;    39372;       5.306;            5.306; OP            ; OP            ;  3373284;      35.933;           35.933; JP            ; JP            ;    56575;       6.632;            6.632;               ;               ;     ;            ;                 ;               ;               ;     ;            ;                 ;               ;               ;     ;            ;                 ;           ;         ;          ;            ;           ;                 ; 2507070A3HS008
A3-HS      ; 10/01/2025 17:25:04; 20251001172504559;              1;        1; IM           ; IM           ; LATEXOR Fosco                  ; LATEXOR Fosco                  ; TINTA BASE BM                   ; TINTA BASE BM;                        ;                        ; VERGINIA    ;        ; CURITIBA;        ;      ;        ;        0;              150   ;        0.15  ; L       ;            2; DefaultPaintType;               0; 05/08/2025 08:52:23; FORMULA PARA CONTROLE DE BASES BM TINTAS             ;        ; 0     ;                                                                                                                   ;     ; BE            ; BE            ; 10485760;       6    ;            6    ; BA            ; BA            ; 16777215;       3    ;            3    ;               ;               ;         ;            ;                 ;               ;               ;         ;            ;                 ;               ;               ;     ;            ;                 ;               ;               ;     ;            ;                 ;               ;               ;     ;            ;                 ;           ;         ;          ;            ;           ;                 ; 2507070A3HS008
A3-HS      ; 10/01/2025 10:07:15; 20251001100715522;              1;        1; A            ; A            ; Verginia PREMIUM Fosco         ; Verginia PREMIUM Fosco         ; CASSONADE JR 76-1423            ; JR 76-1423   ; MAESTRIA Phenix        ; MAESTRIA Phenix        ;             ;        ;         ;        ;      ;        ;  9548514;              800   ;        0.8   ; L       ;            1; DefaultPaintType;               0; 08/25/2025 00:00:00;                                                      ;        ; 0     ;                                                                                                                   ;     ; JO            ; JO            ;    39372;      20.23 ;           20.23 ; RH            ; RH            ;     9366;       2.97 ;            2.97 ; NO            ; NO            ;        0;       0.13 ;            0.13 ;               ;               ;         ;            ;                 ;               ;               ;     ;            ;                 ;               ;               ;     ;            ;                 ;               ;               ;     ;            ;                 ;           ;         ;          ;            ;           ;                 ; 2507070A3HS008
A3-HS      ; 10/01/2025 10:05:06; 20251001100506202;              1;        1; A            ; A            ; Verginia PREMIUM Fosco         ; Verginia PREMIUM Fosco         ; TAMARIS RJ 86-1412              ; RJ 86-1412   ; MAESTRIA Phenix        ; MAESTRIA Phenix        ;             ;        ;         ;        ;      ;        ; 12701690;              800   ;        0.8   ; L       ;            1; DefaultPaintType;               0; 08/25/2025 00:00:00;                                                      ;        ; 0     ;                                                                                                                   ;     ; RH            ; RH            ;     9366;       0.087;            0.087; OP            ; OP            ;  3373284;       3.426;            3.426; RP            ; RP            ;      255;       1.214;            1.214;               ;               ;         ;            ;                 ;               ;               ;     ;            ;                 ;               ;               ;     ;            ;                 ;               ;               ;     ;            ;                 ;           ;         ;          ;            ;           ;                 ; 2507070A3HS008
A3-HS      ; 10/01/2025 10:02:33; 20251001100233005;              1;        1; A            ; A            ; Verginia PREMIUM Fosco         ; Verginia PREMIUM Fosco         ; CHINCHILLA VB 72-0101           ; VB 72-0101   ; MAESTRIA Phenix        ; MAESTRIA Phenix        ;             ;        ;         ;        ;      ;        ; 11645356;              800   ;        0.8   ; L       ;            1; DefaultPaintType;               0; 08/25/2025 00:00:00;                                                      ;        ; 0     ;                                                                                                                   ;     ; JO            ; JO            ;    39372;       1.908;            1.908; NO            ; NO            ;        0;      11.904;           11.904;               ;               ;         ;            ;                 ;               ;               ;         ;            ;                 ;               ;               ;     ;            ;                 ;               ;               ;     ;            ;                 ;               ;               ;     ;            ;                 ;           ;         ;          ;            ;           ;                 ; 2507070A3HS008
A3-HS      ; 10/01/2025 08:54:21; 20251001085421135;              1;        1; AP           ; AP           ; LATEXOR Fosco                  ; LATEXOR Fosco                  ; TINTA BASE AP                   ; TINTA BASE AP;                        ;                        ; VERGINIA    ;        ; CURITIBA;        ;      ;        ;        0;              150   ;        0.15  ; L       ;            2; DefaultPaintType;               0; 05/08/2025 08:48:47; FORMULA PARA CONTROLE DE QUALIDADE DE BASES AP TINTAS;        ; 0     ;                                                                                                                   ;     ; BE            ; BE            ; 10485760;       5    ;            5    ;               ;               ;         ;            ;                 ;               ;               ;         ;            ;                 ;               ;               ;         ;            ;                 ;               ;               ;     ;            ;                 ;               ;               ;     ;            ;                 ;               ;               ;     ;            ;                 ;           ;         ;          ;            ;           ;                 ; 2507070A3HS008
A3-HS      ; 09/25/2025 09:45:36; 20250925094536129;              1;        1; C            ; C            ; Verginia SELADOR Arenoso       ; Verginia SELADOR Arenoso       ; SANGRIA RJ 43-4817              ; RJ 43-4817   ; MAESTRIA Phenix        ; MAESTRIA Phenix        ;             ;        ;         ;        ;      ;        ;  4997040;              800   ;        0.8   ; L       ;            1; DefaultPaintType;               0; 08/25/2025 00:00:00;                                                      ;        ; 0     ;                                                                                                                   ;     ; BA            ; BA            ; 16777215;       2.513;            2.513; MA            ; MA            ;  1513356;       7.216;            7.216; RV            ; RV            ;      255;      10.799;           10.799;               ;               ;         ;            ;                 ;               ;               ;     ;            ;                 ;               ;               ;     ;            ;                 ;               ;               ;     ;            ;                 ;           ;         ;          ;            ;           ;                 ; 2507070A3HS008
A3-HS      ; 09/25/2025 09:43:35; 20250925094335352;              1;        1; C            ; C            ; Verginia SELADOR Arenoso       ; Verginia SELADOR Arenoso       ; SARCELLE BV 36-1616             ; BV 36-1616   ; MAESTRIA Phenix        ; MAESTRIA Phenix        ;             ;        ;         ;        ;      ;        ;  7167245;              800   ;        0.8   ; L       ;            1; DefaultPaintType;               0; 08/25/2025 00:00:00;                                                      ;        ; 0     ;                                                                                                                   ;     ; BE            ; BE            ; 10485760;      11.218;           11.218; BA            ; BA            ; 16777215;       3.077;            3.077; NO            ; NO            ;        0;       1.027;            1.027; VR            ; VR            ;    26112;       5.123;            5.123;               ;               ;     ;            ;                 ;               ;               ;     ;            ;                 ;               ;               ;     ;            ;                 ;           ;         ;          ;            ;           ;                 ; 2507070A3HS008
A3-HS      ; 09/25/2025 09:41:23; 20250925094123112;              1;        1; C            ; C            ; Verginia SELADOR Arenoso       ; Verginia SELADOR Arenoso       ; PIERRE DE LAVE RJ 47-2725       ; RJ 47-2725   ; MAESTRIA Phenix        ; MAESTRIA Phenix        ;             ;        ;         ;        ;      ;        ;  4677282;              800   ;        0.8   ; L       ;            1; DefaultPaintType;               0; 08/25/2025 00:00:00;                                                      ;        ; 0     ;                                                                                                                   ;     ; BA            ; BA            ; 16777215;       4.098;            4.098; JO            ; JO            ;    39372;      11.223;           11.223; RH            ; RH            ;     9366;       5.106;            5.106; NO            ; NO            ;        0;       0.126;            0.126;               ;               ;     ;            ;                 ;               ;               ;     ;            ;                 ;               ;               ;     ;            ;                 ;           ;         ;          ;            ;           ;                 ; 2507070A3HS008
A3-HS      ; 09/25/2025 09:38:16; 20250925093816633;              1;        1; A            ; A            ; Verginia SELADOR Arenoso       ; Verginia SELADOR Arenoso       ; BLEU TENDRE BV 78-0921          ; BV 78-0921   ; MAESTRIA Phenix        ; MAESTRIA Phenix        ;             ;        ;         ;        ;      ;        ; 15058836;              800   ;        0.8   ; L       ;            1; DefaultPaintType;               0; 08/25/2025 00:00:00;                                                      ;        ; 0     ;                                                                                                                   ;     ; BE            ; BE            ; 10485760;       0.843;            0.843; NO            ; NO            ;        0;       0.03 ;            0.03 ; VI            ; VI            ;  5189455;       0.296;            0.296;               ;               ;         ;            ;                 ;               ;               ;     ;            ;                 ;               ;               ;     ;            ;                 ;               ;               ;     ;            ;                 ;           ;         ;          ;            ;           ;                 ; 2507070A3HS008
A3-HS      ; 09/25/2025 09:36:41; 20250925093641450;              1;        1; A            ; A            ; Verginia SELADOR Arenoso       ; Verginia SELADOR Arenoso       ; SILEX CLAIR JR 83-1022          ; JR 83-1022   ; MAESTRIA Phenix        ; MAESTRIA Phenix        ;             ;        ;         ;        ;      ;        ; 10930414;              800   ;        0.8   ; L       ;            1; DefaultPaintType;               0; 08/25/2025 00:00:00;                                                      ;        ; 0     ;                                                                                                                   ;     ; JO            ; JO            ;    39372;       2.416;            2.416; RH            ; RH            ;     9366;       0.197;            0.197;               ;               ;         ;            ;                 ;               ;               ;         ;            ;                 ;               ;               ;     ;            ;                 ;               ;               ;     ;            ;                 ;               ;               ;     ;            ;                 ;           ;         ;          ;            ;           ;                 ; 2507070A3HS008
A3-HS      ; 09/25/2025 09:34:14; 20250925093414515;              1;        1; A            ; A            ; Verginia SELADOR Arenoso       ; Verginia SELADOR Arenoso       ; IVOIRE JV 91-0015               ; JV 91-0015   ; MAESTRIA Phenix        ; MAESTRIA Phenix        ;             ;        ;         ;        ;      ;        ; 13100529;              800   ;        0.8   ; L       ;            1; DefaultPaintType;               0; 08/25/2025 00:00:00;                                                      ;        ; 0     ;                                                                                                                   ;     ; JO            ; JO            ;    39372;       0.404;            0.404; NO            ; NO            ;        0;       0.025;            0.025; JP            ; JP            ;    56575;       0.345;            0.345;               ;               ;         ;            ;                 ;               ;               ;     ;            ;                 ;               ;               ;     ;            ;                 ;               ;               ;     ;            ;                 ;           ;         ;          ;            ;           ;                 ; 2507070A3HS008
A3-HS      ; 09/22/2025 17:24:00; 20250922172400047;              1;        1; B            ; B            ; Verginia TINTA TEXTURA/GRAFIATO; Verginia TINTA TEXTURA/GRAFIATO; RUA DAS PEDRAS-SUV              ; Y090         ; SUVINIL                ; SUVINIL                ;             ;        ;         ;        ;      ;        ;  7502463;            16000   ;       16     ; L       ;            1; DefaultPaintType;               0; 08/25/2025 00:00:00;                                                      ;        ; 0     ;                                                                                                                   ;     ; BA            ; BA            ; 16777215;      71.865;           71.865; JO            ; JO            ;    39372;     223.342;          223.342; RH            ; RH            ;     9366;      40.312;           40.312; NO            ; NO            ;        0;     524.649;          524.649;               ;               ;     ;            ;                 ;               ;               ;     ;            ;                 ;               ;               ;     ;            ;                 ;           ;         ;          ;            ;           ;                 ; 2507070A3HS008
A3-HS      ; 09/22/2025 17:18:10; 20250922171810440;              1;        1; B            ; B            ; Verginia TINTA TEXTURA/GRAFIATO; Verginia TINTA TEXTURA/GRAFIATO; RUA DAS PEDRAS-SUV              ; Y090         ; SUVINIL                ; SUVINIL                ;             ;        ;         ;        ;      ;        ;  7502463;            16000   ;       16     ; L       ;            1; DefaultPaintType;               0; 08/25/2025 00:00:00;                                                      ;        ; -1    ; V0200103 : Colorant NO exceeds canister current capacity for dispensing.                                          ;     ; BA            ; BA            ; 16777215;      71.865;            0    ; JO            ; JO            ;    39372;     223.342;            0    ; RH            ; RH            ;     9366;      40.312;            0    ; NO            ; NO            ;        0;     524.649;            0    ;               ;               ;     ;            ;                 ;               ;               ;     ;            ;                 ;               ;               ;     ;            ;                 ;           ;         ;          ;            ;           ;                 ; 2507070A3HS008
A3-HS      ; 09/22/2025 17:14:42; 20250922171442419;              1;        1; B            ; B            ; Verginia TINTA TEXTURA/GRAFIATO; Verginia TINTA TEXTURA/GRAFIATO; RUA DAS PEDRAS-SUV              ; Y090         ; SUVINIL                ; SUVINIL                ;             ;        ;         ;        ;      ;        ;  7502463;            16000   ;       16     ; L       ;            1; DefaultPaintType;               0; 08/25/2025 00:00:00;                                                      ;        ; 0     ;                                                                                                                   ;     ; BA            ; BA            ; 16777215;      71.865;           71.865; JO            ; JO            ;    39372;     223.342;          223.342; RH            ; RH            ;     9366;      40.312;           40.312; NO            ; NO            ;        0;     524.649;          524.649;               ;               ;     ;            ;                 ;               ;               ;     ;            ;                 ;               ;               ;     ;            ;                 ;           ;         ;          ;            ;           ;                 ; 2507070A3HS008
A3-HS      ; 09/22/2025 17:11:00; 20250922171100082;              1;        1; B            ; B            ; Verginia TINTA TEXTURA/GRAFIATO; Verginia TINTA TEXTURA/GRAFIATO; RUA DAS PEDRAS-SUV              ; Y090         ; SUVINIL                ; SUVINIL                ;             ;        ;         ;        ;      ;        ;  7502463;            16000   ;       16     ; L       ;            1; DefaultPaintType;               0; 08/25/2025 00:00:00;                                                      ;        ; 0     ;                                                                                                                   ;     ; BA            ; BA            ; 16777215;      71.865;           71.865; JO            ; JO            ;    39372;     223.342;          223.342; RH            ; RH            ;     9366;      40.312;           40.312; NO            ; NO            ;        0;     524.649;          524.649;               ;               ;     ;            ;                 ;               ;               ;     ;            ;                 ;               ;               ;     ;            ;                 ;           ;         ;          ;            ;           ;                 ; 2507070A3HS008
A3-HS      ; 09/22/2025 16:11:04; 20250922161104253;              1;        1; A            ; A            ; Verginia TINTA TEXTURA/GRAFIATO; Verginia TINTA TEXTURA/GRAFIATO; COCO QUEIMADO-SUV               ; D174         ; SUVINIL                ; SUVINIL                ;             ;        ;         ;        ;      ;        ;  8818857;            16000   ;       16     ; L       ;            1; DefaultPaintType;               0; 08/25/2025 00:00:00;                                                      ;        ; 0     ;                                                                                                                   ;     ; JO            ; JO            ;    39372;     200.68 ;          200.68 ; RH            ; RH            ;     9366;     125.503;          125.503; NO            ; NO            ;        0;     229.26 ;          229.26 ;               ;               ;         ;            ;                 ;               ;               ;     ;            ;                 ;               ;               ;     ;            ;                 ;               ;               ;     ;            ;                 ;           ;         ;          ;            ;           ;                 ; 2507070A3HS008
A3-HS      ; 09/22/2025 16:06:46; 20250922160646894;              1;        1; A            ; A            ; Verginia TINTA TEXTURA/GRAFIATO; Verginia TINTA TEXTURA/GRAFIATO; COCO QUEIMADO-SUV               ; D174         ; SUVINIL                ; SUVINIL                ;             ;        ;         ;        ;      ;        ;  8818857;            16000   ;       16     ; L       ;            1; DefaultPaintType;               0; 08/25/2025 00:00:00;                                                      ;        ; 0     ;                                                                                                                   ;     ; JO            ; JO            ;    39372;     200.68 ;          200.68 ; RH            ; RH            ;     9366;     125.503;          125.503; NO            ; NO            ;        0;     229.26 ;          229.26 ;               ;               ;         ;            ;                 ;               ;               ;     ;            ;                 ;               ;               ;     ;            ;                 ;               ;               ;     ;            ;                 ;           ;         ;          ;            ;           ;                 ; 2507070A3HS008
A3-HS      ; 09/22/2025 16:00:15; 20250922160015575;              1;        1; A            ; A            ; Verginia TINTA TEXTURA/GRAFIATO; Verginia TINTA TEXTURA/GRAFIATO; COCO QUEIMADO-SUV               ; D174         ; SUVINIL                ; SUVINIL                ;             ;        ;         ;        ;      ;        ;  8818857;            16000   ;       16     ; L       ;            1; DefaultPaintType;               0; 08/25/2025 00:00:00;                                                      ;        ; 0     ;                                                                                                                   ;     ; JO            ; JO            ;    39372;     200.68 ;          200.68 ; RH            ; RH            ;     9366;     125.503;          125.503; NO            ; NO            ;        0;     229.26 ;          229.26 ;               ;               ;         ;            ;                 ;               ;               ;     ;            ;                 ;               ;               ;     ;            ;                 ;               ;               ;     ;            ;                 ;           ;         ;          ;            ;           ;                 ; 2507070A3HS008
A3-HS      ; 09/22/2025 15:56:13; 20250922155613192;              1;        1; A            ; A            ; Verginia TINTA TEXTURA/GRAFIATO; Verginia TINTA TEXTURA/GRAFIATO; COCO QUEIMADO-SUV               ; D174         ; SUVINIL                ; SUVINIL                ;             ;        ;         ;        ;      ;        ;  8818857;            16000   ;       16     ; L       ;            1; DefaultPaintType;               0; 08/25/2025 00:00:00;                                                      ;        ; 0     ;                                                                                                                   ;     ; JO            ; JO            ;    39372;     200.68 ;          200.68 ; RH            ; RH            ;     9366;     125.503;          125.503; NO            ; NO            ;        0;     229.26 ;          229.26 ;               ;               ;         ;            ;                 ;               ;               ;     ;            ;                 ;               ;               ;     ;            ;                 ;               ;               ;     ;            ;                 ;           ;         ;          ;            ;           ;                 ; 2507070A3HS008
A3-HS      ; 09/22/2025 14:29:50; 20250922142950363;              1;        1; A            ; A            ; Verginia TINTA TEXTURA/GRAFIATO; Verginia TINTA TEXTURA/GRAFIATO; COCO QUEIMADO-SUV               ; D174         ; SUVINIL                ; SUVINIL                ;             ;        ;         ;        ;      ;        ;  8818857;              400   ;        0.4   ; L       ;            1; DefaultPaintType;               0; 08/25/2025 00:00:00;                                                      ;        ; 0     ;                                                                                                                   ;     ; JO            ; JO            ;    39372;       5.017;            5.017; RH            ; RH            ;     9366;       3.138;            3.138; NO            ; NO            ;        0;       5.732;            5.732;               ;               ;         ;            ;                 ;               ;               ;     ;            ;                 ;               ;               ;     ;            ;                 ;               ;               ;     ;            ;                 ;           ;         ;          ;            ;           ;                 ; 2507070A3HS008
A3-HS      ; 09/22/2025 10:02:54; 20250922100254579;              1;        1; AP           ; AP           ; LATEXOR Fosco                  ; LATEXOR Fosco                  ; TINTA BASE AP                   ; TINTA BASE AP;                        ;                        ; VERGINIA    ;        ; CURITIBA;        ;      ;        ;        0;              150   ;        0.15  ; L       ;            2; DefaultPaintType;               0; 05/08/2025 08:48:47; FORMULA PARA CONTROLE DE QUALIDADE DE BASES AP TINTAS;        ; 0     ;                                                                                                                   ;     ; BE            ; BE            ; 10485760;       5    ;            5    ;               ;               ;         ;            ;                 ;               ;               ;         ;            ;                 ;               ;               ;         ;            ;                 ;               ;               ;     ;            ;                 ;               ;               ;     ;            ;                 ;               ;               ;     ;            ;                 ;           ;         ;          ;            ;           ;                 ; 2507070A3HS008
A3-HS      ; 09/22/2025 10:02:40; 20250922100240439;              1;        1; AP           ; AP           ; LATEXOR Fosco                  ; LATEXOR Fosco                  ; TINTA BASE AP                   ; TINTA BASE AP;                        ;                        ; VERGINIA    ;        ; CURITIBA;        ;      ;        ;        0;              150   ;        0.15  ; L       ;            2; DefaultPaintType;               0; 05/08/2025 08:48:47; FORMULA PARA CONTROLE DE QUALIDADE DE BASES AP TINTAS;        ; -1    ; Abort : Abort Job                                                                                                 ;     ; BE            ; BE            ; 10485760;       5    ;            0    ;               ;               ;         ;            ;                 ;               ;               ;         ;            ;                 ;               ;               ;         ;            ;                 ;               ;               ;     ;            ;                 ;               ;               ;     ;            ;                 ;               ;               ;     ;            ;                 ;           ;         ;          ;            ;           ;                 ; 2507070A3HS008
A3-HS      ; 09/20/2025 10:44:28; 20250920104428498;              1;        1; IM           ; IM           ; LATEXOR Fosco                  ; LATEXOR Fosco                  ; TINTA BASE BM                   ; TINTA BASE BM;                        ;                        ; VERGINIA    ;        ; CURITIBA;        ;      ;        ;        0;              150   ;        0.15  ; L       ;            2; DefaultPaintType;               0; 05/08/2025 08:52:23; FORMULA PARA CONTROLE DE BASES BM TINTAS             ;        ; 0     ;                                                                                                                   ;     ; BE            ; BE            ; 10485760;       6    ;            6    ; BA            ; BA            ; 16777215;       3    ;            3    ;               ;               ;         ;            ;                 ;               ;               ;         ;            ;                 ;               ;               ;     ;            ;                 ;               ;               ;     ;            ;                 ;               ;               ;     ;            ;                 ;           ;         ;          ;            ;           ;                 ; 2507070A3HS008
A3-HS      ; 09/20/2025 10:39:45; 20250920103945883;              1;        1; AP           ; AP           ; LATEXOR Fosco                  ; LATEXOR Fosco                  ; TINTA BASE AP                   ; TINTA BASE AP;                        ;                        ; VERGINIA    ;        ; CURITIBA;        ;      ;        ;        0;              150   ;        0.15  ; L       ;            2; DefaultPaintType;               0; 05/08/2025 08:48:47; FORMULA PARA CONTROLE DE QUALIDADE DE BASES AP TINTAS;        ; 0     ;                                                                                                                   ;     ; BE            ; BE            ; 10485760;       5    ;            5    ;               ;               ;         ;            ;                 ;               ;               ;         ;            ;                 ;               ;               ;         ;            ;                 ;               ;               ;     ;            ;                 ;               ;               ;     ;            ;                 ;               ;               ;     ;            ;                 ;           ;         ;          ;            ;           ;                 ; 2507070A3HS008
A3-HS      ; 09/20/2025 10:39:07; 20250920103907331;              1;        1; AP           ; AP           ; LATEXOR Fosco                  ; LATEXOR Fosco                  ; TINTA BASE AP                   ; TINTA BASE AP;                        ;                        ; VERGINIA    ;        ; CURITIBA;        ;      ;        ;        0;              150   ;        0.15  ; L       ;            2; DefaultPaintType;               0; 05/08/2025 08:48:47; FORMULA PARA CONTROLE DE QUALIDADE DE BASES AP TINTAS;        ; -1    ; Abort : Abort Job                                                                                                 ;     ; BE            ; BE            ; 10485760;       5    ;            0    ;               ;               ;         ;            ;                 ;               ;               ;         ;            ;                 ;               ;               ;         ;            ;                 ;               ;               ;     ;            ;                 ;               ;               ;     ;            ;                 ;               ;               ;     ;            ;                 ;           ;         ;          ;            ;           ;                 ; 2507070A3HS008
A3-HS      ; 09/19/2025 15:15:07; 20250919151507784;              1;        1; A            ; A            ; Verginia STANDARD Fosco        ; Verginia STANDARD Fosco        ; CUIR ROSE RJ 75-2112            ; RJ 75-2112   ; MAESTRIA Phenix        ; MAESTRIA Phenix        ;             ;        ;         ;        ;      ;        ; 10660582;              800   ;        0.8   ; L       ;            1; DefaultPaintType;               0; 08/25/2025 00:00:00;                                                      ;        ; 0     ;                                                                                                                   ;     ; RH            ; RH            ;     9366;       3.631;            3.631; OP            ; OP            ;  3373284;       7.392;            7.392; RP            ; RP            ;      255;       4.754;            4.754;               ;               ;         ;            ;                 ;               ;               ;     ;            ;                 ;               ;               ;     ;            ;                 ;               ;               ;     ;            ;                 ;           ;         ;          ;            ;           ;                 ; 2507070A3HS008
A3-HS      ; 09/19/2025 15:13:20; 20250919151320775;              1;        1; A            ; A            ; Verginia STANDARD Fosco        ; Verginia STANDARD Fosco        ; MER DU NORD VB 75-2014          ; VB 75-2014   ; MAESTRIA Phenix        ; MAESTRIA Phenix        ;             ;        ;         ;        ;      ;        ; 13747319;              800   ;        0.8   ; L       ;            1; DefaultPaintType;               0; 08/25/2025 00:00:00;                                                      ;        ; 0     ;                                                                                                                   ;     ; BE            ; BE            ; 10485760;       6.608;            6.608; NO            ; NO            ;        0;       1.698;            1.698; VR            ; VR            ;    26112;       3.5  ;            3.5  ;               ;               ;         ;            ;                 ;               ;               ;     ;            ;                 ;               ;               ;     ;            ;                 ;               ;               ;     ;            ;                 ;           ;         ;          ;            ;           ;                 ; 2507070A3HS008
A3-HS      ; 09/19/2025 15:11:39; 20250919151139400;              1;        1; A            ; A            ; Verginia STANDARD Fosco        ; Verginia STANDARD Fosco        ; FLEUR DE VANILLE JV 93-0230     ; JV 93-0230   ; MAESTRIA Phenix        ; MAESTRIA Phenix        ;             ;        ;         ;        ;      ;        ; 11594492;              800   ;        0.8   ; L       ;            1; DefaultPaintType;               0; 08/25/2025 00:00:00;                                                      ;        ; 0     ;                                                                                                                   ;     ; OP            ; OP            ;  3373284;       1.332;            1.332; JP            ; JP            ;    56575;      14.235;           14.235;               ;               ;         ;            ;                 ;               ;               ;         ;            ;                 ;               ;               ;     ;            ;                 ;               ;               ;     ;            ;                 ;               ;               ;     ;            ;                 ;           ;         ;          ;            ;           ;                 ; 2507070A3HS008
A3-HS      ; 09/19/2025 15:11:02; 20250919151102810;              1;        1; A            ; A            ; Verginia STANDARD Fosco        ; Verginia STANDARD Fosco        ; FLEUR DE VANILLE JV 93-0230     ; JV 93-0230   ; MAESTRIA Phenix        ; MAESTRIA Phenix        ;             ;        ;         ;        ;      ;        ; 11594492;              800   ;        0.8   ; L       ;            1; DefaultPaintType;               0; 08/25/2025 00:00:00;                                                      ;        ; -1    ; Abort : Abort Job                                                                                                 ;     ; OP            ; OP            ;  3373284;       1.332;            0    ; JP            ; JP            ;    56575;      14.235;            0    ;               ;               ;         ;            ;                 ;               ;               ;         ;            ;                 ;               ;               ;     ;            ;                 ;               ;               ;     ;            ;                 ;               ;               ;     ;            ;                 ;           ;         ;          ;            ;           ;                 ; 2507070A3HS008
A3-HS      ; 09/19/2025 13:51:04; 20250919135104593;              1;        1; AP           ; AP           ; LATEXOR Fosco                  ; LATEXOR Fosco                  ; TINTA BASE AP                   ; TINTA BASE AP;                        ;                        ; VERGINIA    ;        ; CURITIBA;        ;      ;        ;        0;              150   ;        0.15  ; L       ;            2; DefaultPaintType;               0; 05/08/2025 08:48:47; FORMULA PARA CONTROLE DE QUALIDADE DE BASES AP TINTAS;        ; 0     ;                                                                                                                   ;     ; BE            ; BE            ; 10485760;       5    ;            5    ;               ;               ;         ;            ;                 ;               ;               ;         ;            ;                 ;               ;               ;         ;            ;                 ;               ;               ;     ;            ;                 ;               ;               ;     ;            ;                 ;               ;               ;     ;            ;                 ;           ;         ;          ;            ;           ;                 ; 2507070A3HS008
A3-HS      ; 09/18/2025 15:52:52; 20250918155252580;              1;        1; A            ; A            ; Verginia PREMIUM Fosco         ; Verginia PREMIUM Fosco         ; COCO QUEIMADO-SUV               ; D174         ; SUVINIL                ; SUVINIL                ;             ;        ;         ;        ;      ;        ;  8818857;              800   ;        0.8   ; L       ;            1; DefaultPaintType;               0; 08/25/2025 00:00:00;                                                      ;        ; 0     ;                                                                                                                   ;     ; JO            ; JO            ;    39372;      14.016;           14.016; RH            ; RH            ;     9366;       8.765;            8.765; NO            ; NO            ;        0;      16.012;           16.012;               ;               ;         ;            ;                 ;               ;               ;     ;            ;                 ;               ;               ;     ;            ;                 ;               ;               ;     ;            ;                 ;           ;         ;          ;            ;           ;                 ; 2507070A3HS008
A3-HS      ; 09/18/2025 15:34:57; 20250918153457456;              1;        1; B            ; B            ; Verginia TINTA TEXTURA/GRAFIATO; Verginia TINTA TEXTURA/GRAFIATO; RUA DAS PEDRAS-SUV              ; Y090         ; SUVINIL                ; SUVINIL                ;             ;        ;         ;        ;      ;        ;  7502463;              800   ;        0.8   ; L       ;            1; DefaultPaintType;               0; 08/25/2025 00:00:00;                                                      ;        ; 0     ;                                                                                                                   ;     ; BA            ; BA            ; 16777215;       3.593;            3.593; JO            ; JO            ;    39372;      11.167;           11.167; RH            ; RH            ;     9366;       2.016;            2.016; NO            ; NO            ;        0;      26.232;           26.232;               ;               ;     ;            ;                 ;               ;               ;     ;            ;                 ;               ;               ;     ;            ;                 ;           ;         ;          ;            ;           ;                 ; 2507070A3HS008
A3-HS      ; 09/18/2025 15:27:54; 20250918152754241;              1;        1; B            ; B            ; Verginia TINTA TEXTURA/GRAFIATO; Verginia TINTA TEXTURA/GRAFIATO; CALDA DE CHOCOLATE-SUV          ; E368         ; SUVINIL                ; SUVINIL                ;             ;        ;         ;        ;      ;        ;  7501450;              800   ;        0.8   ; L       ;            1; DefaultPaintType;               0; 08/25/2025 00:00:00;                                                      ;        ; 0     ;                                                                                                                   ;     ; BA            ; BA            ; 16777215;      11.9  ;           11.9  ; JO            ; JO            ;    39372;       2.936;            2.936; RH            ; RH            ;     9366;       8.189;            8.189; NO            ; NO            ;        0;      20.101;           20.101;               ;               ;     ;            ;                 ;               ;               ;     ;            ;                 ;               ;               ;     ;            ;                 ;           ;         ;          ;            ;           ;                 ; 2507070A3HS008
A3-HS      ; 09/16/2025 16:48:45; 20250916164845752;              1;        1; C            ; C            ; Verginia GRAFIATO              ; Verginia GRAFIATO              ; CHAUDRON BV 29-0103             ; BV 29-0103   ; MAESTRIA Phenix        ; MAESTRIA Phenix        ;             ;        ;         ;        ;      ;        ;  4670527;             1212   ;        1.212 ; L       ;            1; DefaultPaintType;               0; 08/25/2025 00:00:00;                                                      ;        ; 0     ;                                                                                                                   ;     ; BE            ; BE            ; 10485760;       1.274;            1.274; BA            ; BA            ; 16777215;       1.403;            1.403; NO            ; NO            ;        0;      14.569;           14.569; VR            ; VR            ;    26112;       0.261;            0.261;               ;               ;     ;            ;                 ;               ;               ;     ;            ;                 ;               ;               ;     ;            ;                 ;           ;         ;          ;            ;           ;                 ; 2507070A3HS008
A3-HS      ; 09/16/2025 16:47:06; 20250916164706064;              1;        1; C            ; C            ; Verginia GRAFIATO              ; Verginia GRAFIATO              ; TOURNESOL JR 77-0773            ; JR 77-0773   ; MAESTRIA Phenix        ; MAESTRIA Phenix        ;             ;        ;         ;        ;      ;        ;  2209771;             1212   ;        1.212 ; L       ;            1; DefaultPaintType;               0; 08/25/2025 00:00:00;                                                      ;        ; 0     ;                                                                                                                   ;     ; JO            ; JO            ;    39372;       1.246;            1.246; NO            ; NO            ;        0;       0.016;            0.016; PV            ; PV            ;    65535;      16.316;           16.316;               ;               ;         ;            ;                 ;               ;               ;     ;            ;                 ;               ;               ;     ;            ;                 ;               ;               ;     ;            ;                 ;           ;         ;          ;            ;           ;                 ; 2507070A3HS008
A3-HS      ; 09/16/2025 16:44:38; 20250916164438201;              1;        1; C            ; C            ; Verginia GRAFIATO              ; Verginia GRAFIATO              ; PAPRIKA RJ 48-4035              ; RJ 48-4035   ; MAESTRIA Phenix        ; MAESTRIA Phenix        ;             ;        ;         ;        ;      ;        ;  3625660;             1212   ;        1.212 ; L       ;            1; DefaultPaintType;               0; 08/25/2025 00:00:00;                                                      ;        ; 0     ;                                                                                                                   ;     ; BA            ; BA            ; 16777215;       1.078;            1.078; RH            ; RH            ;     9366;       0.135;            0.135; NO            ; NO            ;        0;       0.167;            0.167; OV            ; OV            ;    42495;      16.198;           16.198;               ;               ;     ;            ;                 ;               ;               ;     ;            ;                 ;               ;               ;     ;            ;                 ;           ;         ;          ;            ;           ;                 ; 2507070A3HS008
A3-HS      ; 09/16/2025 16:39:07; 20250916163907017;              1;        1; A            ; A            ; Verginia GRAFIATO              ; Verginia GRAFIATO              ; VIOLET DE COBALT BR 61-0432     ; BR 61-0432   ; MAESTRIA Phenix        ; MAESTRIA Phenix        ;             ;        ;         ;        ;      ;        ; 13341559;             1212   ;        1.212 ; L       ;            1; DefaultPaintType;               0; 08/25/2025 00:00:00;                                                      ;        ; 0     ;                                                                                                                   ;     ; BE            ; BE            ; 10485760;       2.304;            2.304; BA            ; BA            ; 16777215;      12.12 ;           12.12 ; NO            ; NO            ;        0;       0.032;            0.032; VI            ; VI            ;  5189455;       6.118;            6.118;               ;               ;     ;            ;                 ;               ;               ;     ;            ;                 ;               ;               ;     ;            ;                 ;           ;         ;          ;            ;           ;                 ; 2507070A3HS008
A3-HS      ; 09/16/2025 16:36:06; 20250916163606410;              1;        1; A            ; A            ; Verginia GRAFIATO              ; Verginia GRAFIATO              ; PLOMB BV 63-0104                ; BV 63-0104   ; MAESTRIA Phenix        ; MAESTRIA Phenix        ;             ;        ;         ;        ;      ;        ; 10262674;             1212   ;        1.212 ; L       ;            1; DefaultPaintType;               0; 08/25/2025 00:00:00;                                                      ;        ; 0     ;                                                                                                                   ;     ; BA            ; BA            ; 16777215;      12.12 ;           12.12 ; JO            ; JO            ;    39372;       0.26 ;            0.26 ; RH            ; RH            ;     9366;       0.032;            0.032; NO            ; NO            ;        0;       8.421;            8.421;               ;               ;     ;            ;                 ;               ;               ;     ;            ;                 ;               ;               ;     ;            ;                 ;           ;         ;          ;            ;           ;                 ; 2507070A3HS008
A3-HS      ; 09/16/2025 16:33:59; 20250916163359266;              1;        1; A            ; A            ; Verginia GRAFIATO              ; Verginia GRAFIATO              ; EMERAUDE VB 59-4106             ; VB 59-4106   ; MAESTRIA Phenix        ; MAESTRIA Phenix        ;             ;        ;         ;        ;      ;        ; 10002432;             1212   ;        1.212 ; L       ;            1; DefaultPaintType;               0; 08/25/2025 00:00:00;                                                      ;        ; 0     ;                                                                                                                   ;     ; BE            ; BE            ; 10485760;       6.489;            6.489; BA            ; BA            ; 16777215;       7.326;            7.326; NO            ; NO            ;        0;       0.598;            0.598; VR            ; VR            ;    26112;      18.937;           18.937;               ;               ;     ;            ;                 ;               ;               ;     ;            ;                 ;               ;               ;     ;            ;                 ;           ;         ;          ;            ;           ;                 ; 2507070A3HS008
A3-HS      ; 09/16/2025 16:29:02; 20250916162902556;              1;        1; A            ; A            ; Verginia GRAFIATO              ; Verginia GRAFIATO              ; AFFLUENT VB 76-3106             ; VB 76-3106   ; MAESTRIA Phenix        ; MAESTRIA Phenix        ;             ;        ;         ;        ;      ;        ; 12897125;             1212   ;        1.212 ; L       ;            1; DefaultPaintType;               0; 08/25/2025 00:00:00;                                                      ;        ; 0     ;                                                                                                                   ;     ; BE            ; BE            ; 10485760;       0.812;            0.812; BA            ; BA            ; 16777215;      12.12 ;           12.12 ; NO            ; NO            ;        0;       0.057;            0.057; VR            ; VR            ;    26112;       3.107;            3.107;               ;               ;     ;            ;                 ;               ;               ;     ;            ;                 ;               ;               ;     ;            ;                 ;           ;         ;          ;            ;           ;                 ; 2507070A3HS008
A3-HS      ; 09/16/2025 16:26:23; 20250916162623835;              1;        1; A            ; A            ; Verginia GRAFIATO              ; Verginia GRAFIATO              ; POUPON RJ 77-2605               ; RJ 77-2605   ; MAESTRIA Phenix        ; MAESTRIA Phenix        ;             ;        ;         ;        ;      ;        ; 11774958;             1212   ;        1.212 ; L       ;            1; DefaultPaintType;               0; 08/25/2025 00:00:00;                                                      ;        ; 0     ;                                                                                                                   ;     ; BA            ; BA            ; 16777215;      12.12 ;           12.12 ; NO            ; NO            ;        0;       0.076;            0.076; RP            ; RP            ;      255;       2.779;            2.779; MA            ; MA            ;  1513356;       0.267;            0.267;               ;               ;     ;            ;                 ;               ;               ;     ;            ;                 ;               ;               ;     ;            ;                 ;           ;         ;          ;            ;           ;                 ; 2507070A3HS008
A3-HS      ; 09/16/2025 16:24:07; 20250916162407188;              1;        1; A            ; A            ; Verginia GRAFIATO              ; Verginia GRAFIATO              ; BLEU TENDRE BV 78-0921          ; BV 78-0921   ; MAESTRIA Phenix        ; MAESTRIA Phenix        ;             ;        ;         ;        ;      ;        ; 15058836;             1212   ;        1.212 ; L       ;            1; DefaultPaintType;               0; 08/25/2025 00:00:00;                                                      ;        ; 0     ;                                                                                                                   ;     ; BE            ; BE            ; 10485760;       1.085;            1.085; BA            ; BA            ; 16777215;      12.12 ;           12.12 ; NO            ; NO            ;        0;       0.038;            0.038; VI            ; VI            ;  5189455;       0.381;            0.381;               ;               ;     ;            ;                 ;               ;               ;     ;            ;                 ;               ;               ;     ;            ;                 ;           ;         ;          ;            ;           ;                 ; 2507070A3HS008
A3-HS      ; 09/16/2025 10:59:38; 20250916105938988;              1;        1; C            ; C            ; Verginia TEXTURA               ; Verginia TEXTURA               ; GRENAT RJ 41-4523               ; RJ 41-4523   ; MAESTRIA Phenix        ; MAESTRIA Phenix        ;             ;        ;         ;        ;      ;        ;  4012966;             1190   ;        1.19  ; L       ;            1; DefaultPaintType;               0; 08/25/2025 00:00:00;                                                      ;        ; 0     ;                                                                                                                   ;     ; BA            ; BA            ; 16777215;       1.847;            1.847; NO            ; NO            ;        0;       0.22 ;            0.22 ; MA            ; MA            ;  1513356;      23.113;           23.113; RV            ; RV            ;      255;      46.511;           46.511;               ;               ;     ;            ;                 ;               ;               ;     ;            ;                 ;               ;               ;     ;            ;                 ;           ;         ;          ;            ;           ;                 ; 2507070A3HS008
A3-HS      ; 09/16/2025 10:57:38; 20250916105738948;              1;        1; C            ; C            ; Verginia TEXTURA               ; Verginia TEXTURA               ; CEPE DE BORDEAUX RJ 42-2521     ; RJ 42-2521   ; MAESTRIA Phenix        ; MAESTRIA Phenix        ;             ;        ;         ;        ;      ;        ;  4346769;             1190   ;        1.19  ; L       ;            1; DefaultPaintType;               0; 08/25/2025 00:00:00;                                                      ;        ; 0     ;                                                                                                                   ;     ; BA            ; BA            ; 16777215;       8.256;            8.256; JO            ; JO            ;    39372;      31.028;           31.028; RH            ; RH            ;     9366;      28.951;           28.951; NO            ; NO            ;        0;       3.165;            3.165;               ;               ;     ;            ;                 ;               ;               ;     ;            ;                 ;               ;               ;     ;            ;                 ;           ;         ;          ;            ;           ;                 ; 2507070A3HS008
A3-HS      ; 09/16/2025 10:54:51; 20250916105451333;              1;        1; C            ; C            ; Verginia TEXTURA               ; Verginia TEXTURA               ; OBSIDIENNE BV 26-0101           ; BV 26-0101   ; MAESTRIA Phenix        ; MAESTRIA Phenix        ;             ;        ;         ;        ;      ;        ;  4144700;             1190   ;        1.19  ; L       ;            1; DefaultPaintType;               0; 08/25/2025 00:00:00;                                                      ;        ; 0     ;                                                                                                                   ;     ; BE            ; BE            ; 10485760;       2.969;            2.969; BA            ; BA            ; 16777215;       0.594;            0.594; NO            ; NO            ;        0;      64.984;           64.984; VR            ; VR            ;    26112;       3.145;            3.145;               ;               ;     ;            ;                 ;               ;               ;     ;            ;                 ;               ;               ;     ;            ;                 ;           ;         ;          ;            ;           ;                 ; 2507070A3HS008
A3-HS      ; 09/16/2025 10:50:43; 20250916105043967;              1;        1; A            ; A            ; Verginia TEXTURA               ; Verginia TEXTURA               ; EMERAUDE VB 59-4106             ; VB 59-4106   ; MAESTRIA Phenix        ; MAESTRIA Phenix        ;             ;        ;         ;        ;      ;        ; 10002432;             1190   ;        1.19  ; L       ;            1; DefaultPaintType;               0; 08/25/2025 00:00:00;                                                      ;        ; 0     ;                                                                                                                   ;     ; BE            ; BE            ; 10485760;       9.187;            9.187; BA            ; BA            ; 16777215;      10.371;           10.371; NO            ; NO            ;        0;       0.846;            0.846; VR            ; VR            ;    26112;      26.81 ;           26.81 ;               ;               ;     ;            ;                 ;               ;               ;     ;            ;                 ;               ;               ;     ;            ;                 ;           ;         ;          ;            ;           ;                 ; 2507070A3HS008
A3-HS      ; 09/16/2025 10:48:19; 20250916104819606;              1;        1; A            ; A            ; Verginia TEXTURA               ; Verginia TEXTURA               ; PLOMB BV 63-0104                ; BV 63-0104   ; MAESTRIA Phenix        ; MAESTRIA Phenix        ;             ;        ;         ;        ;      ;        ; 10262674;             1190   ;        1.19  ; L       ;            1; DefaultPaintType;               0; 08/25/2025 00:00:00;                                                      ;        ; 0     ;                                                                                                                   ;     ; BA            ; BA            ; 16777215;      11.9  ;           11.9  ; JO            ; JO            ;    39372;       0.3  ;            0.3  ; RH            ; RH            ;     9366;       0.037;            0.037; NO            ; NO            ;        0;       9.728;            9.728;               ;               ;     ;            ;                 ;               ;               ;     ;            ;                 ;               ;               ;     ;            ;                 ;           ;         ;          ;            ;           ;                 ; 2507070A3HS008
A3-HS      ; 09/16/2025 10:46:06; 20250916104606871;              1;        1; A            ; A            ; Verginia TEXTURA               ; Verginia TEXTURA               ; VIOLET DE COBALT BR 61-0432     ; BR 61-0432   ; MAESTRIA Phenix        ; MAESTRIA Phenix        ;             ;        ;         ;        ;      ;        ; 13341559;             1190   ;        1.19  ; L       ;            1; DefaultPaintType;               0; 08/25/2025 00:00:00;                                                      ;        ; 0     ;                                                                                                                   ;     ; BE            ; BE            ; 10485760;       2.661;            2.661; BA            ; BA            ; 16777215;      11.9  ;           11.9  ; NO            ; NO            ;        0;       0.037;            0.037; VI            ; VI            ;  5189455;       7.067;            7.067;               ;               ;     ;            ;                 ;               ;               ;     ;            ;                 ;               ;               ;     ;            ;                 ;           ;         ;          ;            ;           ;                 ; 2507070A3HS008
A3-HS      ; 09/16/2025 10:41:56; 20250916104156608;              1;        1; A            ; A            ; Verginia TEXTURA               ; Verginia TEXTURA               ; CHINCHILLA VB 72-0101           ; VB 72-0101   ; MAESTRIA Phenix        ; MAESTRIA Phenix        ;             ;        ;         ;        ;      ;        ; 11645356;             1190   ;        1.19  ; L       ;            1; DefaultPaintType;               0; 08/25/2025 00:00:00;                                                      ;        ; 0     ;                                                                                                                   ;     ; BA            ; BA            ; 16777215;      11.9  ;           11.9  ; JO            ; JO            ;    39372;       0.645;            0.645; NO            ; NO            ;        0;       4.025;            4.025;               ;               ;         ;            ;                 ;               ;               ;     ;            ;                 ;               ;               ;     ;            ;                 ;               ;               ;     ;            ;                 ;           ;         ;          ;            ;           ;                 ; 2507070A3HS008
A3-HS      ; 09/16/2025 10:39:00; 20250916103900360;              1;        1; A            ; A            ; Verginia TEXTURA               ; Verginia TEXTURA               ; TUTU RJ 82-1903                 ; RJ 82-1903   ; MAESTRIA Phenix        ; MAESTRIA Phenix        ;             ;        ;         ;        ;      ;        ; 12959728;             1190   ;        1.19  ; L       ;            1; DefaultPaintType;               0; 08/25/2025 00:00:00;                                                      ;        ; 0     ;                                                                                                                   ;     ; BA            ; BA            ; 16777215;      11.9  ;           11.9  ; NO            ; NO            ;        0;       0.073;            0.073; RP            ; RP            ;      255;       1.451;            1.451; MA            ; MA            ;  1513356;       0.132;            0.132;               ;               ;     ;            ;                 ;               ;               ;     ;            ;                 ;               ;               ;     ;            ;                 ;           ;         ;          ;            ;           ;                 ; 2507070A3HS008
A3-HS      ; 09/16/2025 10:36:49; 20250916103649137;              1;        1; A            ; A            ; Verginia TEXTURA               ; Verginia TEXTURA               ; FROMENT JR 89-0427              ; JR 89-0427   ; MAESTRIA Phenix        ; MAESTRIA Phenix        ;             ;        ;         ;        ;      ;        ; 11197435;             1190   ;        1.19  ; L       ;            1; DefaultPaintType;               0; 08/25/2025 00:00:00;                                                      ;        ; 0     ;                                                                                                                   ;     ; BA            ; BA            ; 16777215;      11.9  ;           11.9  ; JO            ; JO            ;    39372;       0.806;            0.806; OP            ; OP            ;  3373284;       1.114;            1.114; JP            ; JP            ;    56575;       2.8  ;            2.8  ;               ;               ;     ;            ;                 ;               ;               ;     ;            ;                 ;               ;               ;     ;            ;                 ;           ;         ;          ;            ;           ;                 ; 2507070A3HS008
A3-HS      ; 09/12/2025 17:29:53; 20250912172953666;              1;        1; C            ; C            ; Verginia PROJETADO             ; Verginia PROJETADO             ; BLEU PETROLE BV 32-0721         ; BV 32-0721   ; MAESTRIA Phenix        ; MAESTRIA Phenix        ;             ;        ;         ;        ;      ;        ;  7164187;             1987   ;        1.987 ; L       ;            1; DefaultPaintType;               0; 08/25/2025 00:00:00;                                                      ;        ; 0     ;                                                                                                                   ;     ; BE            ; BE            ; 10485760;      95.295;           95.295; BA            ; BA            ; 16777215;      10.098;           10.098; NO            ; NO            ;        0;       3.441;            3.441; VR            ; VR            ;    26112;      13.464;           13.464;               ;               ;     ;            ;                 ;               ;               ;     ;            ;                 ;               ;               ;     ;            ;                 ;           ;         ;          ;            ;           ;                 ; 2507070A3HS008
A3-HS      ; 09/12/2025 17:22:03; 20250912172203707;              1;        1; C            ; C            ; Verginia PROJETADO             ; Verginia PROJETADO             ; OBSIDIENNE BV 26-0101           ; BV 26-0101   ; MAESTRIA Phenix        ; MAESTRIA Phenix        ;             ;        ;         ;        ;      ;        ;  4144700;             1987   ;        1.987 ; L       ;            1; DefaultPaintType;               0; 08/25/2025 00:00:00;                                                      ;        ; 0     ;                                                                                                                   ;     ; BE            ; BE            ; 10485760;       5.049;            5.049; BA            ; BA            ; 16777215;       1.01 ;            1.01 ; NO            ; NO            ;        0;     110.517;          110.517; VR            ; VR            ;    26112;       5.348;            5.348;               ;               ;     ;            ;                 ;               ;               ;     ;            ;                 ;               ;               ;     ;            ;                 ;           ;         ;          ;            ;           ;                 ; 2507070A3HS008
A3-HS      ; 09/12/2025 17:11:45; 20250912171145590;              1;        1; C            ; C            ; Verginia PROJETADO             ; Verginia PROJETADO             ; RUTABAGA RB 44-2621             ; RB 44-2621   ; MAESTRIA Phenix        ; MAESTRIA Phenix        ;             ;        ;         ;        ;      ;        ;  9067140;             1987   ;        1.987 ; L       ;            1; DefaultPaintType;               0; 08/25/2025 00:00:00;                                                      ;        ; 0     ;                                                                                                                   ;     ; BA            ; BA            ; 16777215;      60.715;           60.715; NO            ; NO            ;        0;       6.378;            6.378; VI            ; VI            ;  5189455;      13.543;           13.543; MA            ; MA            ;  1513356;      40.793;           40.793;               ;               ;     ;            ;                 ;               ;               ;     ;            ;                 ;               ;               ;     ;            ;                 ;           ;         ;          ;            ;           ;                 ; 2507070A3HS008
A3-HS      ; 09/12/2025 16:23:20; 20250912162320943;              1;        1; A            ; A            ; Verginia PROJETADO             ; Verginia PROJETADO             ; FROMENT JR 89-0427              ; JR 89-0427   ; MAESTRIA Phenix        ; MAESTRIA Phenix        ;             ;        ;         ;        ;      ;        ; 11197435;             1987   ;        1.987 ; L       ;            1; DefaultPaintType;               0; 08/25/2025 00:00:00;                                                      ;        ; 0     ;                                                                                                                   ;     ; BA            ; BA            ; 16777215;      19.87 ;           19.87 ; JO            ; JO            ;    39372;       2.356;            2.356; OP            ; OP            ;  3373284;       3.256;            3.256; JP            ; JP            ;    56575;       8.183;            8.183;               ;               ;     ;            ;                 ;               ;               ;     ;            ;                 ;               ;               ;     ;            ;                 ;           ;         ;          ;            ;           ;                 ; 2507070A3HS008
A3-HS      ; 09/12/2025 15:15:41; 20250912151541845;              1;        1; A            ; A            ; Verginia PROJETADO             ; Verginia PROJETADO             ; PLOMB BV 63-0104                ; BV 63-0104   ; MAESTRIA Phenix        ; MAESTRIA Phenix        ;             ;        ;         ;        ;      ;        ; 10262674;             1987   ;        1.987 ; L       ;            1; DefaultPaintType;               0; 08/25/2025 00:00:00;                                                      ;        ; 0     ;                                                                                                                   ;     ; BA            ; BA            ; 16777215;      19.87 ;           19.87 ; JO            ; JO            ;    39372;       0.878;            0.878; RH            ; RH            ;     9366;       0.107;            0.107; NO            ; NO            ;        0;      28.424;           28.424;               ;               ;     ;            ;                 ;               ;               ;     ;            ;                 ;               ;               ;     ;            ;                 ;           ;         ;          ;            ;           ;                 ; 2507070A3HS008
A3-HS      ; 09/12/2025 14:35:41; 20250912143541500;              1;        1; A            ; A            ; Verginia PROJETADO             ; Verginia PROJETADO             ; EMERAUDE VB 59-4106             ; VB 59-4106   ; MAESTRIA Phenix        ; MAESTRIA Phenix        ;             ;        ;         ;        ;      ;        ; 10002432;             1987   ;        1.987 ; L       ;            1; DefaultPaintType;               0; 08/25/2025 00:00:00;                                                      ;        ; 0     ;                                                                                                                   ;     ; BE            ; BE            ; 10485760;      15.587;           15.587; BA            ; BA            ; 16777215;      17.596;           17.596; NO            ; NO            ;        0;       1.435;            1.435; VR            ; VR            ;    26112;      45.487;           45.487;               ;               ;     ;            ;                 ;               ;               ;     ;            ;                 ;               ;               ;     ;            ;                 ;           ;         ;          ;            ;           ;                 ; 2507070A3HS008
A3-HS      ; 09/12/2025 14:17:30; 20250912141730439;              1;        1; A            ; A            ; Verginia PROJETADO             ; Verginia PROJETADO             ; EMERAUDE VB 59-4106             ; VB 59-4106   ; MAESTRIA Phenix        ; MAESTRIA Phenix        ;             ;        ;         ;        ;      ;        ; 10002432;             1987   ;        1.987 ; L       ;            1; DefaultPaintType;               0; 08/25/2025 00:00:00;                                                      ;        ; 0     ;                                                                                                                   ;     ; BE            ; BE            ; 10485760;      15.587;           15.587; BA            ; BA            ; 16777215;      17.596;           17.596; NO            ; NO            ;        0;       1.435;            1.435; VR            ; VR            ;    26112;      45.487;           45.487;               ;               ;     ;            ;                 ;               ;               ;     ;            ;                 ;               ;               ;     ;            ;                 ;           ;         ;          ;            ;           ;                 ; 2507070A3HS008
A3-HS      ; 09/12/2025 14:13:16; 20250912141316424;              1;        1; A            ; A            ; Verginia PROJETADO             ; Verginia PROJETADO             ; BLEU TENDRE BV 78-0921          ; BV 78-0921   ; MAESTRIA Phenix        ; MAESTRIA Phenix        ;             ;        ;         ;        ;      ;        ; 15058836;             1987   ;        1.987 ; L       ;            1; DefaultPaintType;               0; 08/25/2025 00:00:00;                                                      ;        ; 0     ;                                                                                                                   ;     ; BE            ; BE            ; 10485760;       3.663;            3.663; BA            ; BA            ; 16777215;      19.87 ;           19.87 ; NO            ; NO            ;        0;       0.129;            0.129; VI            ; VI            ;  5189455;       1.287;            1.287;               ;               ;     ;            ;                 ;               ;               ;     ;            ;                 ;               ;               ;     ;            ;                 ;           ;         ;          ;            ;           ;                 ; 2507070A3HS008
A3-HS      ; 09/10/2025 17:39:20; 20250910173920816;              1;        1; A            ; A            ; Verginia TINTA MURO            ; Verginia TINTA MURO            ; GRIS DU GABON BV 73-0104        ; BV 73-0104   ; MAESTRIA Phenix        ; MAESTRIA Phenix        ;             ;        ;         ;        ;      ;        ; 12039084;              800   ;        0.8   ; L       ;            1; DefaultPaintType;               0; 08/25/2025 00:00:00;                                                      ;        ; 0     ;                                                                                                                   ;     ; BE            ; BE            ; 10485760;       0.114;            0.114; NO            ; NO            ;        0;      10.719;           10.719; VI            ; VI            ;  5189455;       0.099;            0.099;               ;               ;         ;            ;                 ;               ;               ;     ;            ;                 ;               ;               ;     ;            ;                 ;               ;               ;     ;            ;                 ;           ;         ;          ;            ;           ;                 ; 2507070A3HS008
A3-HS      ; 09/10/2025 17:36:12; 20250910173612328;              1;        1; A            ; A            ; Verginia TINTA MURO            ; Verginia TINTA MURO            ; CREME AMANDIER RJ 88-1104       ; RJ 88-1104   ; MAESTRIA Phenix        ; MAESTRIA Phenix        ;             ;        ;         ;        ;      ;        ; 13817077;              800   ;        0.8   ; L       ;            1; DefaultPaintType;               0; 08/25/2025 00:00:00;                                                      ;        ; 0     ;                                                                                                                   ;     ; RH            ; RH            ;     9366;       0.407;            0.407; RP            ; RP            ;      255;       0.966;            0.966;               ;               ;         ;            ;                 ;               ;               ;         ;            ;                 ;               ;               ;     ;            ;                 ;               ;               ;     ;            ;                 ;               ;               ;     ;            ;                 ;           ;         ;          ;            ;           ;                 ; 2507070A3HS008
A3-HS      ; 09/10/2025 17:33:49; 20250910173349059;              1;        1; A            ; A            ; Verginia TINTA MURO            ; Verginia TINTA MURO            ; PINK FOLK JR 90-0711            ; JR 90-0711   ; MAESTRIA Phenix        ; MAESTRIA Phenix        ;             ;        ;         ;        ;      ;        ; 13360377;              800   ;        0.8   ; L       ;            1; DefaultPaintType;               0; 08/25/2025 00:00:00;                                                      ;        ; 0     ;                                                                                                                   ;     ; RH            ; RH            ;     9366;       0.15 ;            0.15 ; OP            ; OP            ;  3373284;       2.465;            2.465;               ;               ;         ;            ;                 ;               ;               ;         ;            ;                 ;               ;               ;     ;            ;                 ;               ;               ;     ;            ;                 ;               ;               ;     ;            ;                 ;           ;         ;          ;            ;           ;                 ; 2507070A3HS008
A3-HS      ; 09/10/2025 17:29:38; 20250910172938019;              1;        1; B            ; B            ; Verginia ESMALTE h2o ACETINADO ; Verginia ESMALTE h2o ACETINADO ; PRASIN VJ 70-4010               ; VJ 70-4010   ; MAESTRIA Phenix        ; MAESTRIA Phenix        ;             ;        ;         ;        ;      ;        ;  9944655;              800   ;        0.8   ; L       ;            1; DefaultPaintType;               0; 08/25/2025 00:00:00;                                                      ;        ; 0     ;                                                                                                                   ;     ; BA            ; BA            ; 16777215;      19.409;           19.409; JO            ; JO            ;    39372;       1.504;            1.504; JP            ; JP            ;    56575;       7.416;            7.416; VR            ; VR            ;    26112;      13.112;           13.112;               ;               ;     ;            ;                 ;               ;               ;     ;            ;                 ;               ;               ;     ;            ;                 ;           ;         ;          ;            ;           ;                 ; 2507070A3HS008
A3-HS      ; 09/10/2025 17:27:25; 20250910172725235;              1;        1; B            ; B            ; Verginia ESMALTE h2o ACETINADO ; Verginia ESMALTE h2o ACETINADO ; PATE DE COING JR 64-2030        ; JR 64-2030   ; MAESTRIA Phenix        ; MAESTRIA Phenix        ;             ;        ;         ;        ;      ;        ;  6786764;              800   ;        0.8   ; L       ;            1; DefaultPaintType;               0; 08/25/2025 00:00:00;                                                      ;        ; 0     ;                                                                                                                   ;     ; BA            ; BA            ; 16777215;       4.32 ;            4.32 ; JO            ; JO            ;    39372;      29.297;           29.297; RH            ; RH            ;     9366;       4.063;            4.063;               ;               ;         ;            ;                 ;               ;               ;     ;            ;                 ;               ;               ;     ;            ;                 ;               ;               ;     ;            ;                 ;           ;         ;          ;            ;           ;                 ; 2507070A3HS008
A3-HS      ; 09/10/2025 17:25:13; 20250910172513707;              1;        1; B            ; B            ; Verginia ESMALTE h2o ACETINADO ; Verginia ESMALTE h2o ACETINADO ; IMMORTELLE JV 90-1147           ; JV 90-1147   ; MAESTRIA Phenix        ; MAESTRIA Phenix        ;             ;        ;         ;        ;      ;        ;  8775403;              800   ;        0.8   ; L       ;            1; DefaultPaintType;               0; 08/25/2025 00:00:00;                                                      ;        ; 0     ;                                                                                                                   ;     ; BA            ; BA            ; 16777215;      16.465;           16.465; JP            ; JP            ;    56575;      21.15 ;           21.15 ; VR            ; VR            ;    26112;       0.065;            0.065;               ;               ;         ;            ;                 ;               ;               ;     ;            ;                 ;               ;               ;     ;            ;                 ;               ;               ;     ;            ;                 ;           ;         ;          ;            ;           ;                 ; 2507070A3HS008
A3-HS      ; 09/10/2025 15:59:19; 20250910155919197;              1;        1; B            ; B            ; Verginia ESMALTE h2o BRILHANTE ; Verginia ESMALTE h2o BRILHANTE ; BLEU BLEUET BR 52-0137          ; BR 52-0137   ; MAESTRIA Phenix        ; MAESTRIA Phenix        ;             ;        ;         ;        ;      ;        ; 12287563;              800   ;        0.8   ; L       ;            1; DefaultPaintType;               0; 08/25/2025 00:00:00;                                                      ;        ; 0     ;                                                                                                                   ;     ; BE            ; BE            ; 10485760;       8.867;            8.867; BA            ; BA            ; 16777215;       7.468;            7.468; VI            ; VI            ;  5189455;       8.967;            8.967;               ;               ;         ;            ;                 ;               ;               ;     ;            ;                 ;               ;               ;     ;            ;                 ;               ;               ;     ;            ;                 ;           ;         ;          ;            ;           ;                 ; 2507070A3HS008
A3-HS      ; 09/10/2025 15:57:29; 20250910155729668;              1;        1; B            ; B            ; Verginia ESMALTE h2o BRILHANTE ; Verginia ESMALTE h2o BRILHANTE ; ORANGE SAUMONE JR 77-2544       ; JR 77-2544   ; MAESTRIA Phenix        ; MAESTRIA Phenix        ;             ;        ;         ;        ;      ;        ;  6990589;              800   ;        0.8   ; L       ;            1; DefaultPaintType;               0; 08/25/2025 00:00:00;                                                      ;        ; 0     ;                                                                                                                   ;     ; BA            ; BA            ; 16777215;       1.298;            1.298; JO            ; JO            ;    39372;       2.538;            2.538; OP            ; OP            ;  3373284;      17.185;           17.185; JP            ; JP            ;    56575;       3.172;            3.172;               ;               ;     ;            ;                 ;               ;               ;     ;            ;                 ;               ;               ;     ;            ;                 ;           ;         ;          ;            ;           ;                 ; 2507070A3HS008
A3-HS      ; 09/10/2025 15:53:52; 20250910155352572;              1;        1; B            ; B            ; Verginia ESMALTE h2o BRILHANTE ; Verginia ESMALTE h2o BRILHANTE ; FLEUR DE LOTUS RB 57-3708       ; RB 57-3708   ; MAESTRIA Phenix        ; MAESTRIA Phenix        ;             ;        ;         ;        ;      ;        ;  9859005;              800   ;        0.8   ; L       ;            1; DefaultPaintType;               0; 08/25/2025 00:00:00;                                                      ;        ; 0     ;                                                                                                                   ;     ; BA            ; BA            ; 16777215;       8.622;            8.622; RH            ; RH            ;     9366;       1.471;            1.471; NO            ; NO            ;        0;       0.375;            0.375; MA            ; MA            ;  1513356;      13.884;           13.884;               ;               ;     ;            ;                 ;               ;               ;     ;            ;                 ;               ;               ;     ;            ;                 ;           ;         ;          ;            ;           ;                 ; 2507070A3HS008
A3-HS      ; 09/10/2025 14:56:59; 20250910145659592;              1;        1; B            ; B            ; Verginia EMBORRACHADO          ; Verginia EMBORRACHADO          ; BOIS DE HETRE JR 78-0242        ; JR 78-0242   ; MAESTRIA Phenix        ; MAESTRIA Phenix        ;             ;        ;         ;        ;      ;        ;  7585502;              800   ;        0.8   ; L       ;            1; DefaultPaintType;               0; 08/25/2025 00:00:00;                                                      ;        ; 0     ;                                                                                                                   ;     ; BA            ; BA            ; 16777215;       8.005;            8.005; JO            ; JO            ;    39372;      10.34 ;           10.34 ; NO            ; NO            ;        0;       0.573;            0.573; JP            ; JP            ;    56575;      18.302;           18.302;               ;               ;     ;            ;                 ;               ;               ;     ;            ;                 ;               ;               ;     ;            ;                 ;           ;         ;          ;            ;           ;                 ; 2507070A3HS008
A3-HS      ; 09/10/2025 14:53:12; 20250910145312440;              1;        1; B            ; B            ; Verginia EMBORRACHADO          ; Verginia EMBORRACHADO          ; BLEU BLEUET BR 52-0137          ; BR 52-0137   ; MAESTRIA Phenix        ; MAESTRIA Phenix        ;             ;        ;         ;        ;      ;        ; 12287563;              800   ;        0.8   ; L       ;            1; DefaultPaintType;               0; 08/25/2025 00:00:00;                                                      ;        ; 0     ;                                                                                                                   ;     ; BE            ; BE            ; 10485760;      13.058;           13.058; BA            ; BA            ; 16777215;      10.998;           10.998; VI            ; VI            ;  5189455;      13.206;           13.206;               ;               ;         ;            ;                 ;               ;               ;     ;            ;                 ;               ;               ;     ;            ;                 ;               ;               ;     ;            ;                 ;           ;         ;          ;            ;           ;                 ; 2507070A3HS008
A3-HS      ; 09/10/2025 14:50:53; 20250910145053176;              1;        1; B            ; B            ; Verginia EMBORRACHADO          ; Verginia EMBORRACHADO          ; ORANGE SAUMONE JR 77-2544       ; JR 77-2544   ; MAESTRIA Phenix        ; MAESTRIA Phenix        ;             ;        ;         ;        ;      ;        ;  6990589;              800   ;        0.8   ; L       ;            1; DefaultPaintType;               0; 08/25/2025 00:00:00;                                                      ;        ; 0     ;                                                                                                                   ;     ; BA            ; BA            ; 16777215;       1.911;            1.911; JO            ; JO            ;    39372;       3.737;            3.737; OP            ; OP            ;  3373284;      25.309;           25.309; JP            ; JP            ;    56575;       4.671;            4.671;               ;               ;     ;            ;                 ;               ;               ;     ;            ;                 ;               ;               ;     ;            ;                 ;           ;         ;          ;            ;           ;                 ; 2507070A3HS008
A3-HS      ; 09/10/2025 14:48:54; 20250910144854033;              1;        1; A            ; A            ; Verginia EMBORRACHADO          ; Verginia EMBORRACHADO          ; ZEN BV 89-0206                  ; BV 89-0206   ; MAESTRIA Phenix        ; MAESTRIA Phenix        ;             ;        ;         ;        ;      ;        ; 15327702;              800   ;        0.8   ; L       ;            1; DefaultPaintType;               0; 08/25/2025 00:00:00;                                                      ;        ; 0     ;                                                                                                                   ;     ; BE            ; BE            ; 10485760;       0.145;            0.145; NO            ; NO            ;        0;       0.115;            0.115; VI            ; VI            ;  5189455;       0.252;            0.252;               ;               ;         ;            ;                 ;               ;               ;     ;            ;                 ;               ;               ;     ;            ;                 ;               ;               ;     ;            ;                 ;           ;         ;          ;            ;           ;                 ; 2507070A3HS008
A3-HS      ; 09/10/2025 14:46:01; 20250910144601474;              1;        1; A            ; A            ; Verginia EMBORRACHADO          ; Verginia EMBORRACHADO          ; HELLEBORE JV 90-0923            ; JV 90-0923   ; MAESTRIA Phenix        ; MAESTRIA Phenix        ;             ;        ;         ;        ;      ;        ; 11790048;              800   ;        0.8   ; L       ;            1; DefaultPaintType;               0; 08/25/2025 00:00:00;                                                      ;        ; 0     ;                                                                                                                   ;     ; JO            ; JO            ;    39372;       1.281;            1.281; JP            ; JP            ;    56575;       6.327;            6.327; VR            ; VR            ;    26112;       0.26 ;            0.26 ;               ;               ;         ;            ;                 ;               ;               ;     ;            ;                 ;               ;               ;     ;            ;                 ;               ;               ;     ;            ;                 ;           ;         ;          ;            ;           ;                 ; 2507070A3HS008
A3-HS      ; 09/10/2025 14:44:32; 20250910144432890;              1;        1; A            ; A            ; Verginia EMBORRACHADO          ; Verginia EMBORRACHADO          ; CREME BONBON RJ 91-1201         ; RJ 91-1201   ; MAESTRIA Phenix        ; MAESTRIA Phenix        ;             ;        ;         ;        ;      ;        ; 14605049;              800   ;        0.8   ; L       ;            1; DefaultPaintType;               0; 08/25/2025 00:00:00;                                                      ;        ; 0     ;                                                                                                                   ;     ; RP            ; RP            ;      255;       0.787;            0.787; MA            ; MA            ;  1513356;       0.215;            0.215;               ;               ;         ;            ;                 ;               ;               ;         ;            ;                 ;               ;               ;     ;            ;                 ;               ;               ;     ;            ;                 ;               ;               ;     ;            ;                 ;           ;         ;          ;            ;           ;                 ; 2507070A3HS008
A3-HS      ; 09/10/2025 14:37:09; 20250910143709172;              1;        1; C            ; C            ; Verginia TINTA TEXTURA/GRAFIATO; Verginia TINTA TEXTURA/GRAFIATO; JUS DE MURE RJ 40-4413          ; RJ 40-4413   ; MAESTRIA Phenix        ; MAESTRIA Phenix        ;             ;        ;         ;        ;      ;        ;  4799390;              800   ;        0.8   ; L       ;            1; DefaultPaintType;               0; 08/25/2025 00:00:00;                                                      ;        ; 0     ;                                                                                                                   ;     ; BA            ; BA            ; 16777215;       7.425;            7.425; NO            ; NO            ;        0;       0.164;            0.164; MA            ; MA            ;  1513356;      61.107;           61.107; RV            ; RV            ;      255;      38.405;           38.405;               ;               ;     ;            ;                 ;               ;               ;     ;            ;                 ;               ;               ;     ;            ;                 ;           ;         ;          ;            ;           ;                 ; 2507070A3HS008
A3-HS      ; 09/10/2025 14:35:27; 20250910143527324;              1;        1; C            ; C            ; Verginia TINTA TEXTURA/GRAFIATO; Verginia TINTA TEXTURA/GRAFIATO; DANUBE VB 51-3706               ; VB 51-3706   ; MAESTRIA Phenix        ; MAESTRIA Phenix        ;             ;        ;         ;        ;      ;        ;  8554752;              800   ;        0.8   ; L       ;            1; DefaultPaintType;               0; 08/25/2025 00:00:00;                                                      ;        ; 0     ;                                                                                                                   ;     ; BE            ; BE            ; 10485760;      13.262;           13.262; BA            ; BA            ; 16777215;      48.165;           48.165; NO            ; NO            ;        0;       3.53 ;            3.53 ; VR            ; VR            ;    26112;      41.711;           41.711;               ;               ;     ;            ;                 ;               ;               ;     ;            ;                 ;               ;               ;     ;            ;                 ;           ;         ;          ;            ;           ;                 ; 2507070A3HS008
A3-HS      ; 09/10/2025 14:33:40; 20250910143340372;              1;        1; C            ; C            ; Verginia TINTA TEXTURA/GRAFIATO; Verginia TINTA TEXTURA/GRAFIATO; COURGE JR 70-0862               ; JR 70-0862   ; MAESTRIA Phenix        ; MAESTRIA Phenix        ;             ;        ;         ;        ;      ;        ;  3187925;              800   ;        0.8   ; L       ;            1; DefaultPaintType;               0; 08/25/2025 00:00:00;                                                      ;        ; 0     ;                                                                                                                   ;     ; BA            ; BA            ; 16777215;       3.351;            3.351; JO            ; JO            ;    39372;      18.858;           18.858; NO            ; NO            ;        0;       0.952;            0.952; PV            ; PV            ;    65535;      83.941;           83.941;               ;               ;     ;            ;                 ;               ;               ;     ;            ;                 ;               ;               ;     ;            ;                 ;           ;         ;          ;            ;           ;                 ; 2507070A3HS008
A3-HS      ; 09/10/2025 14:30:08; 20250910143008830;              1;        1; B            ; B            ; Verginia TINTA TEXTURA/GRAFIATO; Verginia TINTA TEXTURA/GRAFIATO; CALCITE JR 70-3135              ; JR 70-3135   ; MAESTRIA Phenix        ; MAESTRIA Phenix        ;             ;        ;         ;        ;      ;        ;  7115759;              800   ;        0.8   ; L       ;            1; DefaultPaintType;               0; 08/25/2025 00:00:00;                                                      ;        ; 0     ;                                                                                                                   ;     ; BA            ; BA            ; 16777215;       1.655;            1.655; RH            ; RH            ;     9366;       1.505;            1.505; OP            ; OP            ;  3373284;      32.607;           32.607; RP            ; RP            ;      255;       2.773;            2.773;               ;               ;     ;            ;                 ;               ;               ;     ;            ;                 ;               ;               ;     ;            ;                 ;           ;         ;          ;            ;           ;                 ; 2507070A3HS008
A3-HS      ; 09/10/2025 14:28:29; 20250910142829869;              1;        1; B            ; B            ; Verginia TINTA TEXTURA/GRAFIATO; Verginia TINTA TEXTURA/GRAFIATO; NEW YORK JV 53-0202             ; JV 53-0202   ; MAESTRIA Phenix        ; MAESTRIA Phenix        ;             ;        ;         ;        ;      ;        ;  7962235;              800   ;        0.8   ; L       ;            1; DefaultPaintType;               0; 08/25/2025 00:00:00;                                                      ;        ; 0     ;                                                                                                                   ;     ; BA            ; BA            ; 16777215;       5.223;            5.223; JO            ; JO            ;    39372;       8.099;            8.099; NO            ; NO            ;        0;      25.277;           25.277;               ;               ;         ;            ;                 ;               ;               ;     ;            ;                 ;               ;               ;     ;            ;                 ;               ;               ;     ;            ;                 ;           ;         ;          ;            ;           ;                 ; 2507070A3HS008
A3-HS      ; 09/10/2025 14:26:27; 20250910142627301;              1;        1; B            ; B            ; Verginia TINTA TEXTURA/GRAFIATO; Verginia TINTA TEXTURA/GRAFIATO; LIME VJ 74-3325                 ; VJ 74-3325   ; MAESTRIA Phenix        ; MAESTRIA Phenix        ;             ;        ;         ;        ;      ;        ;  8766850;              800   ;        0.8   ; L       ;            1; DefaultPaintType;               0; 08/25/2025 00:00:00;                                                      ;        ; 0     ;                                                                                                                   ;     ; BA            ; BA            ; 16777215;      12.338;           12.338; JO            ; JO            ;    39372;       2.753;            2.753; JP            ; JP            ;    56575;      19.066;           19.066; VR            ; VR            ;    26112;       5.051;            5.051;               ;               ;     ;            ;                 ;               ;               ;     ;            ;                 ;               ;               ;     ;            ;                 ;           ;         ;          ;            ;           ;                 ; 2507070A3HS008
A3-HS      ; 09/10/2025 14:19:35; 20250910141935535;              1;        1; A            ; A            ; Verginia TINTA TEXTURA/GRAFIATO; Verginia TINTA TEXTURA/GRAFIATO; RAVINE VJ 88-1501               ; VJ 88-1501   ; MAESTRIA Phenix        ; MAESTRIA Phenix        ;             ;        ;         ;        ;      ;        ; 14345918;              800   ;        0.8   ; L       ;            1; DefaultPaintType;               0; 08/25/2025 00:00:00;                                                      ;        ; 0     ;                                                                                                                   ;     ; JO            ; JO            ;    39372;       0.319;            0.319; NO            ; NO            ;        0;       0.062;            0.062; VR            ; VR            ;    26112;       1.161;            1.161;               ;               ;         ;            ;                 ;               ;               ;     ;            ;                 ;               ;               ;     ;            ;                 ;               ;               ;     ;            ;                 ;           ;         ;          ;            ;           ;                 ; 2507070A3HS008
A3-HS      ; 09/10/2025 14:16:49; 20250910141649319;              1;        1; A            ; A            ; Verginia TINTA TEXTURA/GRAFIATO; Verginia TINTA TEXTURA/GRAFIATO; CHERUBIN RJ 86-1510             ; RJ 86-1510   ; MAESTRIA Phenix        ; MAESTRIA Phenix        ;             ;        ;         ;        ;      ;        ; 12831991;              800   ;        0.8   ; L       ;            1; DefaultPaintType;               0; 08/25/2025 00:00:00;                                                      ;        ; 0     ;                                                                                                                   ;     ; RH            ; RH            ;     9366;       0.171;            0.171; OP            ; OP            ;  3373284;       1.854;            1.854; RP            ; RP            ;      255;       1.04 ;            1.04 ;               ;               ;         ;            ;                 ;               ;               ;     ;            ;                 ;               ;               ;     ;            ;                 ;               ;               ;     ;            ;                 ;           ;         ;          ;            ;           ;                 ; 2507070A3HS008
A3-HS      ; 09/10/2025 13:49:58; 20250910134958188;              1;        1; A            ; A            ; Verginia PREMIUM Fosco         ; Verginia PREMIUM Fosco         ; CHINCHILLA VB 72-0101           ; VB 72-0101   ; MAESTRIA Phenix        ; MAESTRIA Phenix        ;             ;        ;         ;        ;      ;        ; 11645356;              800   ;        0.8   ; L       ;            1; DefaultPaintType;               0; 08/25/2025 00:00:00;                                                      ;        ; 0     ;                                                                                                                   ;     ; JO            ; JO            ;    39372;       1.908;            1.908; NO            ; NO            ;        0;      11.904;           11.904;               ;               ;         ;            ;                 ;               ;               ;         ;            ;                 ;               ;               ;     ;            ;                 ;               ;               ;     ;            ;                 ;               ;               ;     ;            ;                 ;           ;         ;          ;            ;           ;                 ; 2507070A3HS008
A3-HS      ; 09/10/2025 13:41:18; 20250910134118822;              1;        1; A            ; A            ; Verginia PREMIUM Fosco         ; Verginia PREMIUM Fosco         ; CHINCHILLA VB 72-0101           ; VB 72-0101   ; MAESTRIA Phenix        ; MAESTRIA Phenix        ;             ;        ;         ;        ;      ;        ; 11645356;              800   ;        0.8   ; L       ;            1; DefaultPaintType;               0; 08/25/2025 00:00:00;                                                      ;        ; 0     ;                                                                                                                   ;     ; JO            ; JO            ;    39372;       1.908;            1.908; NO            ; NO            ;        0;      11.904;           11.904;               ;               ;         ;            ;                 ;               ;               ;         ;            ;                 ;               ;               ;     ;            ;                 ;               ;               ;     ;            ;                 ;               ;               ;     ;            ;                 ;           ;         ;          ;            ;           ;                 ; 2507070A3HS008
A3-HS      ; 09/10/2025 11:13:59; 20250910111359285;              1;        1; B            ; B            ; Verginia PREMIUM Fosco         ; Verginia PREMIUM Fosco         ; ORANGE SAUMONE JR 77-2544       ; JR 77-2544   ; MAESTRIA Phenix        ; MAESTRIA Phenix        ;             ;        ;         ;        ;      ;        ;  6990589;              800   ;        0.8   ; L       ;            1; DefaultPaintType;               0; 08/25/2025 00:00:00;                                                      ;        ; 0     ;                                                                                                                   ;     ; BA            ; BA            ; 16777215;       2.713;            2.713; JO            ; JO            ;    39372;       5.306;            5.306; OP            ; OP            ;  3373284;      35.933;           35.933; JP            ; JP            ;    56575;       6.632;            6.632;               ;               ;     ;            ;                 ;               ;               ;     ;            ;                 ;               ;               ;     ;            ;                 ;           ;         ;          ;            ;           ;                 ; 2507070A3HS008
A3-HS      ; 09/10/2025 11:10:15; 20250910111015476;              1;        1; B            ; B            ; Verginia PREMIUM Fosco         ; Verginia PREMIUM Fosco         ; TOUAREG BV 56-0136              ; BV 56-0136   ; MAESTRIA Phenix        ; MAESTRIA Phenix        ;             ;        ;         ;        ;      ;        ; 12946002;              800   ;        0.8   ; L       ;            1; DefaultPaintType;               0; 08/25/2025 00:00:00;                                                      ;        ; 0     ;                                                                                                                   ;     ; BE            ; BE            ; 10485760;      15.224;           15.224; BA            ; BA            ; 16777215;      23.995;           23.995; VI            ; VI            ;  5189455;      13.626;           13.626;               ;               ;         ;            ;                 ;               ;               ;     ;            ;                 ;               ;               ;     ;            ;                 ;               ;               ;     ;            ;                 ;           ;         ;          ;            ;           ;                 ; 2507070A3HS008
A3-HS      ; 09/10/2025 11:07:34; 20250910110734148;              1;        1; B            ; B            ; Verginia PREMIUM Fosco         ; Verginia PREMIUM Fosco         ; THE VERT JV 82-2333             ; JV 82-2333   ; MAESTRIA Phenix        ; MAESTRIA Phenix        ;             ;        ;         ;        ;      ;        ;  9295542;              800   ;        0.8   ; L       ;            1; DefaultPaintType;               0; 08/25/2025 00:00:00;                                                      ;        ; 0     ;                                                                                                                   ;     ; BA            ; BA            ; 16777215;      26.467;           26.467; JO            ; JO            ;    39372;       2.774;            2.774; JP            ; JP            ;    56575;      22.578;           22.578; VR            ; VR            ;    26112;       1.96 ;            1.96 ;               ;               ;     ;            ;                 ;               ;               ;     ;            ;                 ;               ;               ;     ;            ;                 ;           ;         ;          ;            ;           ;                 ; 2507070A3HS008
A3-HS      ; 09/10/2025 09:58:15; 20250910095815971;              1;        1; A            ; A            ; Verginia PREMIUM Fosco         ; Verginia PREMIUM Fosco         ; CASSONADE JR 76-1423            ; JR 76-1423   ; MAESTRIA Phenix        ; MAESTRIA Phenix        ;             ;        ;         ;        ;      ;        ;  9548514;              800   ;        0.8   ; L       ;            1; DefaultPaintType;               0; 08/25/2025 00:00:00;                                                      ;        ; 0     ;                                                                                                                   ;     ; JO            ; JO            ;    39372;      20.23 ;           20.23 ; RH            ; RH            ;     9366;       2.97 ;            2.97 ; NO            ; NO            ;        0;       0.13 ;            0.13 ;               ;               ;         ;            ;                 ;               ;               ;     ;            ;                 ;               ;               ;     ;            ;                 ;               ;               ;     ;            ;                 ;           ;         ;          ;            ;           ;                 ; 2507070A3HS008
A3-HS      ; 09/10/2025 09:54:54; 20250910095454899;              1;        1; B            ; B            ; Verginia PREMIUM Fosco         ; Verginia PREMIUM Fosco         ; CHINCHILA-SW 6011               ; SW 6011      ; SHERWIN Williams       ; SHERWIN Williams       ;             ;        ;         ;        ;      ;        ;  7896202;              800   ;        0.8   ; L       ;            1; DefaultPaintType;               0; 08/25/2025 00:00:00;                                                      ;        ; 0     ;                                                                                                                   ;     ; BA            ; BA            ; 16777215;      20.915;           20.915; JO            ; JO            ;    39372;       4.942;            4.942; RH            ; RH            ;     9366;       6.088;            6.088; NO            ; NO            ;        0;      25.857;           25.857;               ;               ;     ;            ;                 ;               ;               ;     ;            ;                 ;               ;               ;     ;            ;                 ;           ;         ;          ;            ;           ;                 ; 2507070A3HS008
A3-HS      ; 09/10/2025 09:50:02; 20250910095002458;              1;        1; A            ; A            ; Verginia PREMIUM Fosco         ; Verginia PREMIUM Fosco         ; TAMARIS RJ 86-1412              ; RJ 86-1412   ; MAESTRIA Phenix        ; MAESTRIA Phenix        ;             ;        ;         ;        ;      ;        ; 12701690;              800   ;        0.8   ; L       ;            1; DefaultPaintType;               0; 08/25/2025 00:00:00;                                                      ;        ; 0     ;                                                                                                                   ;     ; RH            ; RH            ;     9366;       0.087;            0.087; OP            ; OP            ;  3373284;       3.426;            3.426; RP            ; RP            ;      255;       1.214;            1.214;               ;               ;         ;            ;                 ;               ;               ;     ;            ;                 ;               ;               ;     ;            ;                 ;               ;               ;     ;            ;                 ;           ;         ;          ;            ;           ;                 ; 2507070A3HS008
A3-HS      ; 09/03/2025 15:11:48; 20250903151148654;              1;        1;              ;              ;                                ;                                ;                                 ;              ;                        ;                        ;             ;        ;         ;        ;      ;        ; 16711680;                0   ;        1     ; L       ;            3; DefaultPaintType;               0; 09/03/2025 15:11:48;                                                      ;        ; 0     ;                                                                                                                   ;     ; BE            ; BE            ; 10485760;       5    ;            5    ;               ;               ;         ;            ;                 ;               ;               ;         ;            ;                 ;               ;               ;         ;            ;                 ;               ;               ;     ;            ;                 ;               ;               ;     ;            ;                 ;               ;               ;     ;            ;                 ;           ;         ;          ;            ;           ;                 ; 2507070A3HS008
A3-HS      ; 09/03/2025 15:09:59; 20250903150959813;              1;        1;              ;              ;                                ;                                ;                                 ;              ;                        ;                        ;             ;        ;         ;        ;      ;        ; 16711680;                0   ;        1     ; L       ;            3; DefaultPaintType;               0; 09/03/2025 15:09:59;                                                      ;        ; 0     ;                                                                                                                   ;     ; BE            ; BE            ; 10485760;       5    ;            5    ;               ;               ;         ;            ;                 ;               ;               ;         ;            ;                 ;               ;               ;         ;            ;                 ;               ;               ;     ;            ;                 ;               ;               ;     ;            ;                 ;               ;               ;     ;            ;                 ;           ;         ;          ;            ;           ;                 ; 2507070A3HS008
A3-HS      ; 09/03/2025 11:35:47; 20250903113547451;              1;        1; A            ; A            ; Verginia PROJETADO             ; Verginia PROJETADO             ; VIOLET DE COBALT BR 61-0432     ; BR 61-0432   ; MAESTRIA Phenix        ; MAESTRIA Phenix        ;             ;        ;         ;        ;      ;        ; 13341559;             2384   ;        2.384 ; L       ;            1; DefaultPaintType;               0; 08/25/2025 00:00:00;                                                      ;        ; 0     ;                                                                                                                   ;     ; BE            ; BE            ; 10485760;       9.329;            9.329; BA            ; BA            ; 16777215;      23.84 ;           23.84 ; NO            ; NO            ;        0;       0.129;            0.129; VI            ; VI            ;  5189455;      24.775;           24.775;               ;               ;     ;            ;                 ;               ;               ;     ;            ;                 ;               ;               ;     ;            ;                 ;           ;         ;          ;            ;           ;                 ; 2507070A3HS008
A3-HS      ; 09/03/2025 11:33:00; 20250903113300485;              1;        1; A            ; A            ; Verginia PROJETADO             ; Verginia PROJETADO             ; EMERAUDE VB 59-4106             ; VB 59-4106   ; MAESTRIA Phenix        ; MAESTRIA Phenix        ;             ;        ;         ;        ;      ;        ; 10002432;             2384   ;        2.384 ; L       ;            1; DefaultPaintType;               0; 08/25/2025 00:00:00;                                                      ;        ; 0     ;                                                                                                                   ;     ; BE            ; BE            ; 10485760;      18.701;           18.701; BA            ; BA            ; 16777215;      21.111;           21.111; NO            ; NO            ;        0;       1.722;            1.722; VR            ; VR            ;    26112;      54.575;           54.575;               ;               ;     ;            ;                 ;               ;               ;     ;            ;                 ;               ;               ;     ;            ;                 ;           ;         ;          ;            ;           ;                 ; 2507070A3HS008
A3-HS      ; 09/03/2025 11:29:57; 20250903112957870;              1;        1; A            ; A            ; Verginia PROJETADO             ; Verginia PROJETADO             ; BLEU TENDRE BV 78-0921          ; BV 78-0921   ; MAESTRIA Phenix        ; MAESTRIA Phenix        ;             ;        ;         ;        ;      ;        ; 15058836;             2384   ;        2.384 ; L       ;            1; DefaultPaintType;               0; 08/25/2025 00:00:00;                                                      ;        ; 0     ;                                                                                                                   ;     ; BE            ; BE            ; 10485760;       4.395;            4.395; BA            ; BA            ; 16777215;      23.84 ;           23.84 ; NO            ; NO            ;        0;       0.155;            0.155; VI            ; VI            ;  5189455;       1.544;            1.544;               ;               ;     ;            ;                 ;               ;               ;     ;            ;                 ;               ;               ;     ;            ;                 ;           ;         ;          ;            ;           ;                 ; 2507070A3HS008
A3-HS      ; 08/29/2025 14:11:44; 20250829141144076;              1;        1; C            ; C            ; Verginia PROJETADO             ; Verginia PROJETADO             ; BITUME RJ 27-0101               ; RJ 27-0101   ; MAESTRIA Phenix        ; MAESTRIA Phenix        ;             ;        ;         ;        ;      ;        ;  4013634;            11920   ;       11.92  ; L       ;            1; DefaultPaintType;               0; 06/26/2025 00:00:00;                                                      ;        ; 0     ;                                                                                                                   ;     ; RH            ; RH            ;     9366;       4.279;            4.279; NO            ; NO            ;        0;      61.601;           61.601; MA            ; MA            ;  1513356;       0.342;            0.342;               ;               ;         ;            ;                 ;               ;               ;     ;            ;                 ;               ;               ;     ;            ;                 ;               ;               ;     ;            ;                 ;           ;         ;          ;            ;           ;                 ; 2507070A3HS008
A3-HS      ; 08/29/2025 11:22:39; 20250829112239298;              1;        1; C            ; C            ; Verginia PROJETADO             ; Verginia PROJETADO             ; BITUME RJ 27-0101               ; RJ 27-0101   ; MAESTRIA Phenix        ; MAESTRIA Phenix        ;             ;        ;         ;        ;      ;        ;  4013634;            11920   ;       11.92  ; L       ;            1; DefaultPaintType;               0; 06/26/2025 00:00:00;                                                      ;        ; 0     ;                                                                                                                   ;     ; RH            ; RH            ;     9366;       4.279;            4.279; NO            ; NO            ;        0;      61.601;           61.601; MA            ; MA            ;  1513356;       0.342;            0.342;               ;               ;         ;            ;                 ;               ;               ;     ;            ;                 ;               ;               ;     ;            ;                 ;               ;               ;     ;            ;                 ;           ;         ;          ;            ;           ;                 ; 2507070A3HS008
A3-HS      ; 08/29/2025 11:13:11; 20250829111311218;              1;        1; C            ; C            ; Verginia PROJETADO             ; Verginia PROJETADO             ; BITUME RJ 27-0101               ; RJ 27-0101   ; MAESTRIA Phenix        ; MAESTRIA Phenix        ;             ;        ;         ;        ;      ;        ;  4013634;             2394   ;        2.394 ; L       ;            1; DefaultPaintType;               0; 06/26/2025 00:00:00;                                                      ;        ; 0     ;                                                                                                                   ;     ; RH            ; RH            ;     9366;       0.859;            0.859; NO            ; NO            ;        0;      12.372;           12.372; MA            ; MA            ;  1513356;       0.069;            0.069;               ;               ;         ;            ;                 ;               ;               ;     ;            ;                 ;               ;               ;     ;            ;                 ;               ;               ;     ;            ;                 ;           ;         ;          ;            ;           ;                 ; 2507070A3HS008
A3-HS      ; 08/22/2025 14:07:13; 20250822140713642;              1;        1; A            ; A            ; Verginia PROJETADO             ; Verginia PROJETADO             ; BLEU TENDRE BV 78-0921          ; BV 78-0921   ; MAESTRIA Phenix        ; MAESTRIA Phenix        ;             ;        ;         ;        ;      ;        ; 15058836;             5280   ;        5.28  ; L       ;            1; DefaultPaintType;               0; 06/26/2025 00:00:00;                                                      ;        ; 0     ;                                                                                                                   ;     ; BE            ; BE            ; 10485760;       3.615;            3.615; BA            ; BA            ; 16777215;      52.8  ;           52.8  ; NO            ; NO            ;        0;       0.127;            0.127; VI            ; VI            ;  5189455;       1.27 ;            1.27 ;               ;               ;     ;            ;                 ;               ;               ;     ;            ;                 ;               ;               ;     ;            ;                 ;           ;         ;          ;            ;           ;                 ; 2507070A3HS008
A3-HS      ; 08/22/2025 12:08:17; 20250822120817021;              1;        1; A            ; A            ; Verginia PROJETADO             ; Verginia PROJETADO             ; BLEU TENDRE BV 78-0921          ; BV 78-0921   ; MAESTRIA Phenix        ; MAESTRIA Phenix        ;             ;        ;         ;        ;      ;        ; 15058836;              978   ;        0.978 ; L       ;            1; DefaultPaintType;               0; 06/26/2025 00:00:00;                                                      ;        ; 0     ;                                                                                                                   ;     ; BE            ; BE            ; 10485760;       0.67 ;            0.67 ; BA            ; BA            ; 16777215;       9.78 ;            9.78 ; NO            ; NO            ;        0;       0.024;            0.024; VI            ; VI            ;  5189455;       0.235;            0.235;               ;               ;     ;            ;                 ;               ;               ;     ;            ;                 ;               ;               ;     ;            ;                 ;           ;         ;          ;            ;           ;                 ; 2507070A3HS008
A3-HS      ; 08/22/2025 12:04:09; 20250822120409997;              1;        1; A            ; A            ; Verginia PROJETADO             ; Verginia PROJETADO             ; EMERAUDE VB 59-4106             ; VB 59-4106   ; MAESTRIA Phenix        ; MAESTRIA Phenix        ;             ;        ;         ;        ;      ;        ; 10002432;             3258   ;        3.258 ; L       ;            1; DefaultPaintType;               0; 06/26/2025 00:00:00;                                                      ;        ; 0     ;                                                                                                                   ;     ; BE            ; BE            ; 10485760;      15.821;           15.821; BA            ; BA            ; 16777215;      17.86 ;           17.86 ; NO            ; NO            ;        0;       1.457;            1.457; VR            ; VR            ;    26112;      46.171;           46.171;               ;               ;     ;            ;                 ;               ;               ;     ;            ;                 ;               ;               ;     ;            ;                 ;           ;         ;          ;            ;           ;                 ; 2507070A3HS008
A3-HS      ; 08/22/2025 11:31:27; 20250822113127996;              1;        1; A            ; A            ; Verginia PROJETADO             ; Verginia PROJETADO             ; VIOLET DE COBALT BR 61-0432     ; BR 61-0432   ; MAESTRIA Phenix        ; MAESTRIA Phenix        ;             ;        ;         ;        ;      ;        ; 13341559;             3128   ;        3.128 ; L       ;            1; DefaultPaintType;               0; 06/26/2025 00:00:00;                                                      ;        ; 0     ;                                                                                                                   ;     ; BE            ; BE            ; 10485760;       4.547;            4.547; BA            ; BA            ; 16777215;      31.28 ;           31.28 ; NO            ; NO            ;        0;       0.063;            0.063; VI            ; VI            ;  5189455;      12.074;           12.074;               ;               ;     ;            ;                 ;               ;               ;     ;            ;                 ;               ;               ;     ;            ;                 ;           ;         ;          ;            ;           ;                 ; 2507070A3HS008
A3-HS      ; 08/22/2025 11:28:58; 20250822112858718;              1;        1; A            ; A            ; Verginia PROJETADO             ; Verginia PROJETADO             ; PLOMB BV 63-0104                ; BV 63-0104   ; MAESTRIA Phenix        ; MAESTRIA Phenix        ;             ;        ;         ;        ;      ;        ; 10262674;             3128   ;        3.128 ; L       ;            1; DefaultPaintType;               0; 06/26/2025 00:00:00;                                                      ;        ; 0     ;                                                                                                                   ;     ; BA            ; BA            ; 16777215;      31.28 ;           31.28 ; JO            ; JO            ;    39372;       0.513;            0.513; RH            ; RH            ;     9366;       0.063;            0.063; NO            ; NO            ;        0;      16.62 ;           16.62 ;               ;               ;     ;            ;                 ;               ;               ;     ;            ;                 ;               ;               ;     ;            ;                 ;           ;         ;          ;            ;           ;                 ; 2507070A3HS008
A3-HS      ; 08/22/2025 11:02:39; 20250822110239028;              1;        1; C            ; C            ; Verginia PROJETADO             ; Verginia PROJETADO             ; RUTABAGA RB 44-2621             ; RB 44-2621   ; MAESTRIA Phenix        ; MAESTRIA Phenix        ;             ;        ;         ;        ;      ;        ;  9067140;            21510   ;       21.51  ; L       ;            1; DefaultPaintType;               0; 06/26/2025 00:00:00;                                                      ;        ; 0     ;                                                                                                                   ;     ; BA            ; BA            ; 16777215;      59.751;           59.751; NO            ; NO            ;        0;       6.277;            6.277; VI            ; VI            ;  5189455;      13.328;           13.328; MA            ; MA            ;  1513356;      40.145;           40.145;               ;               ;     ;            ;                 ;               ;               ;     ;            ;                 ;               ;               ;     ;            ;                 ;           ;         ;          ;            ;           ;                 ; 2507070A3HS008
A3-HS      ; 08/22/2025 10:58:47; 20250822105847557;              1;        1; A            ; A            ; Verginia PROJETADO             ; Verginia PROJETADO             ; EMERAUDE VB 59-4106             ; VB 59-4106   ; MAESTRIA Phenix        ; MAESTRIA Phenix        ;             ;        ;         ;        ;      ;        ; 10002432;             3129   ;        3.129 ; L       ;            1; DefaultPaintType;               0; 06/26/2025 00:00:00;                                                      ;        ; 0     ;                                                                                                                   ;     ; BE            ; BE            ; 10485760;      15.194;           15.194; BA            ; BA            ; 16777215;      17.153;           17.153; NO            ; NO            ;        0;       1.399;            1.399; VR            ; VR            ;    26112;      44.343;           44.343;               ;               ;     ;            ;                 ;               ;               ;     ;            ;                 ;               ;               ;     ;            ;                 ;           ;         ;          ;            ;           ;                 ; 2507070A3HS008
A3-HS      ; 08/22/2025 10:55:51; 20250822105551927;              1;        1; A            ; A            ; Verginia PROJETADO             ; Verginia PROJETADO             ; BLEU TENDRE BV 78-0921          ; BV 78-0921   ; MAESTRIA Phenix        ; MAESTRIA Phenix        ;             ;        ;         ;        ;      ;        ; 15058836;             2933   ;        2.933 ; L       ;            1; DefaultPaintType;               0; 06/26/2025 00:00:00;                                                      ;        ; 0     ;                                                                                                                   ;     ; BE            ; BE            ; 10485760;       2.008;            2.008; BA            ; BA            ; 16777215;      29.33 ;           29.33 ; NO            ; NO            ;        0;       0.071;            0.071; VI            ; VI            ;  5189455;       0.705;            0.705;               ;               ;     ;            ;                 ;               ;               ;     ;            ;                 ;               ;               ;     ;            ;                 ;           ;         ;          ;            ;           ;                 ; 2507070A3HS008
A3-HS      ; 08/22/2025 10:49:09; 20250822104909639;              1;        1; C            ; C            ; Verginia TEXTURA               ; Verginia TEXTURA               ; RUTABAGA RB 44-2621             ; RB 44-2621   ; MAESTRIA Phenix        ; MAESTRIA Phenix        ;             ;        ;         ;        ;      ;        ;  9067140;            34000   ;       34     ; L       ;            1; DefaultPaintType;               0; 06/26/2025 00:00:00;                                                      ;        ; 0     ;                                                                                                                   ;     ; BA            ; BA            ; 16777215;      64.224;           64.224; NO            ; NO            ;        0;       6.747;            6.747; VI            ; VI            ;  5189455;      14.325;           14.325; MA            ; MA            ;  1513356;      43.15 ;           43.15 ;               ;               ;     ;            ;                 ;               ;               ;     ;            ;                 ;               ;               ;     ;            ;                 ;           ;         ;          ;            ;           ;                 ; 2507070A3HS008
A3-HS      ; 08/22/2025 10:38:14; 20250822103814465;              1;        1; A            ; A            ; Verginia TEXTURA               ; Verginia TEXTURA               ; EMERAUDE VB 59-4106             ; VB 59-4106   ; MAESTRIA Phenix        ; MAESTRIA Phenix        ;             ;        ;         ;        ;      ;        ; 10002432;             3426   ;        3.426 ; L       ;            1; DefaultPaintType;               0; 06/26/2025 00:00:00;                                                      ;        ; 0     ;                                                                                                                   ;     ; BE            ; BE            ; 10485760;      16.637;           16.637; BA            ; BA            ; 16777215;      18.781;           18.781; NO            ; NO            ;        0;       1.532;            1.532; VR            ; VR            ;    26112;      48.552;           48.552;               ;               ;     ;            ;                 ;               ;               ;     ;            ;                 ;               ;               ;     ;            ;                 ;           ;         ;          ;            ;           ;                 ; 2507070A3HS008
A3-HS      ; 08/22/2025 10:35:12; 20250822103512212;              1;        1; A            ; A            ; Verginia TEXTURA               ; Verginia TEXTURA               ; VIOLET DE COBALT BR 61-0432     ; BR 61-0432   ; MAESTRIA Phenix        ; MAESTRIA Phenix        ;             ;        ;         ;        ;      ;        ; 13341559;             3426   ;        3.426 ; L       ;            1; DefaultPaintType;               0; 06/26/2025 00:00:00;                                                      ;        ; 0     ;                                                                                                                   ;     ; BE            ; BE            ; 10485760;       4.98 ;            4.98 ; BA            ; BA            ; 16777215;      34.26 ;           34.26 ; NO            ; NO            ;        0;       0.069;            0.069; VI            ; VI            ;  5189455;      13.224;           13.224;               ;               ;     ;            ;                 ;               ;               ;     ;            ;                 ;               ;               ;     ;            ;                 ;           ;         ;          ;            ;           ;                 ; 2507070A3HS008
A3-HS      ; 08/22/2025 10:28:54; 20250822102854403;              1;        1; A            ; A            ; Verginia TEXTURA               ; Verginia TEXTURA               ; PLOMB BV 63-0104                ; BV 63-0104   ; MAESTRIA Phenix        ; MAESTRIA Phenix        ;             ;        ;         ;        ;      ;        ; 10262674;             3212   ;        3.212 ; L       ;            1; DefaultPaintType;               0; 06/26/2025 00:00:00;                                                      ;        ; 0     ;                                                                                                                   ;     ; BA            ; BA            ; 16777215;      32.12 ;           32.12 ; JO            ; JO            ;    39372;       0.527;            0.527; RH            ; RH            ;     9366;       0.064;            0.064; NO            ; NO            ;        0;      17.067;           17.067;               ;               ;     ;            ;                 ;               ;               ;     ;            ;                 ;               ;               ;     ;            ;                 ;           ;         ;          ;            ;           ;                 ; 2507070A3HS008
A3-HS      ; 08/22/2025 09:50:24; 20250822095024363;              1;        1; C            ; C            ; Verginia GRAFIATO              ; Verginia GRAFIATO              ; PAPRIKA RJ 48-4035              ; RJ 48-4035   ; MAESTRIA Phenix        ; MAESTRIA Phenix        ;             ;        ;         ;        ;      ;        ;  3625660;             7670   ;        7.67  ; L       ;            1; DefaultPaintType;               0; 06/26/2025 00:00:00;                                                      ;        ; 0     ;                                                                                                                   ;     ; BA            ; BA            ; 16777215;       1.68 ;            1.68 ; RH            ; RH            ;     9366;       0.21 ;            0.21 ; NO            ; NO            ;        0;       0.26 ;            0.26 ; OV            ; OV            ;    42495;      25.232;           25.232;               ;               ;     ;            ;                 ;               ;               ;     ;            ;                 ;               ;               ;     ;            ;                 ;           ;         ;          ;            ;           ;                 ; 2507070A3HS008
A3-HS      ; 08/22/2025 09:44:50; 20250822094450374;              1;        1; A            ; A            ; Verginia GRAFIATO              ; Verginia GRAFIATO              ; BLEU TENDRE BV 78-0921          ; BV 78-0921   ; MAESTRIA Phenix        ; MAESTRIA Phenix        ;             ;        ;         ;        ;      ;        ; 15058836;             3833   ;        3.833 ; L       ;            1; DefaultPaintType;               0; 06/26/2025 00:00:00;                                                      ;        ; 0     ;                                                                                                                   ;     ; BE            ; BE            ; 10485760;       1.736;            1.736; BA            ; BA            ; 16777215;      38.33 ;           38.33 ; NO            ; NO            ;        0;       0.061;            0.061; VI            ; VI            ;  5189455;       0.61 ;            0.61 ;               ;               ;     ;            ;                 ;               ;               ;     ;            ;                 ;               ;               ;     ;            ;                 ;           ;         ;          ;            ;           ;                 ; 2507070A3HS008
A3-HS      ; 08/21/2025 17:57:39; 20250821175739075;              1;        1; B            ; B            ; Verginia ESMALTE h2o BRILHANTE ; Verginia ESMALTE h2o BRILHANTE ; BLEU BLEUET BR 52-0137          ; BR 52-0137   ; VERGINIA Phenix        ; VERGINIA Phenix        ;             ;        ;         ;        ;      ;        ; 12287563;              463.2 ;        0.4632; L       ;            1; DefaultPaintType;               0; 06/26/2025 00:00:00;                                                      ;        ; 0     ;                                                                                                                   ;     ; BE            ; BE            ; 10485760;       8.867;            8.867; BA            ; BA            ; 16777215;       7.469;            7.469; VI            ; VI            ;  5189455;       8.968;            8.968;               ;               ;         ;            ;                 ;               ;               ;     ;            ;                 ;               ;               ;     ;            ;                 ;               ;               ;     ;            ;                 ;           ;         ;          ;            ;           ;                 ; 2507070A3HS008
A3-HS      ; 08/21/2025 17:14:50; 20250821171450820;              1;        1; B            ; B            ; Verginia ESMALTE h2o BRILHANTE ; Verginia ESMALTE h2o BRILHANTE ; ORANGE SAUMONE JR 77-2544       ; JR 77-2544   ; VERGINIA Phenix        ; VERGINIA Phenix        ;             ;        ;         ;        ;      ;        ;  6990589;              548   ;        0.548 ; L       ;            1; DefaultPaintType;               0; 06/26/2025 00:00:00;                                                      ;        ; 0     ;                                                                                                                   ;     ; BA            ; BA            ; 16777215;       1.535;            1.535; JO            ; JO            ;    39372;       3.002;            3.002; OP            ; OP            ;  3373284;      20.333;           20.333; JP            ; JP            ;    56575;       3.753;            3.753;               ;               ;     ;            ;                 ;               ;               ;     ;            ;                 ;               ;               ;     ;            ;                 ;           ;         ;          ;            ;           ;                 ; 2507070A3HS008
A3-HS      ; 08/21/2025 17:12:43; 20250821171243618;              1;        1; B            ; B            ; Verginia ESMALTE h2o BRILHANTE ; Verginia ESMALTE h2o BRILHANTE ; BLEU BLEUET BR 52-0137          ; BR 52-0137   ; VERGINIA Phenix        ; VERGINIA Phenix        ;             ;        ;         ;        ;      ;        ; 12287563;              548   ;        0.548 ; L       ;            1; DefaultPaintType;               0; 06/26/2025 00:00:00;                                                      ;        ; 0     ;                                                                                                                   ;     ; BE            ; BE            ; 10485760;      10.491;           10.491; BA            ; BA            ; 16777215;       8.836;            8.836; VI            ; VI            ;  5189455;      10.61 ;           10.61 ;               ;               ;         ;            ;                 ;               ;               ;     ;            ;                 ;               ;               ;     ;            ;                 ;               ;               ;     ;            ;                 ;           ;         ;          ;            ;           ;                 ; 2507070A3HS008
A3-HS      ; 08/21/2025 16:51:21; 20250821165121897;              1;        1; A            ; A            ; Verginia SELADOR Arenoso       ; Verginia SELADOR Arenoso       ; BLEU BLEUET BR 52-0137          ; BR 52-0137   ; MAESTRIA Phenix        ; MAESTRIA Phenix        ;             ;        ;         ;        ;      ;        ; 12287563;              800   ;        0.8   ; L       ;            1; DefaultPaintType;               0; 06/26/2025 00:00:00;                                                      ;        ; 0     ;                                                                                                                   ;     ; BE            ; BE            ; 10485760;       6.771;            6.771; BA            ; BA            ; 16777215;       5.703;            5.703; VI            ; VI            ;  5189455;       6.848;            6.848;               ;               ;         ;            ;                 ;               ;               ;     ;            ;                 ;               ;               ;     ;            ;                 ;               ;               ;     ;            ;                 ;           ;         ;          ;            ;           ;                 ; 2507070A3HS008
A3-HS      ; 08/21/2025 16:49:23; 20250821164923986;              1;        1; A            ; A            ; Verginia SELADOR Arenoso       ; Verginia SELADOR Arenoso       ; ORANGE SAUMONE JR 77-2544       ; JR 77-2544   ; MAESTRIA Phenix        ; MAESTRIA Phenix        ;             ;        ;         ;        ;      ;        ;  6990589;              800   ;        0.8   ; L       ;            1; DefaultPaintType;               0; 06/26/2025 00:00:00;                                                      ;        ; 0     ;                                                                                                                   ;     ; BA            ; BA            ; 16777215;       0.991;            0.991; JO            ; JO            ;    39372;       1.938;            1.938; OP            ; OP            ;  3373284;      13.123;           13.123; JP            ; JP            ;    56575;       2.422;            2.422;               ;               ;     ;            ;                 ;               ;               ;     ;            ;                 ;               ;               ;     ;            ;                 ;           ;         ;          ;            ;           ;                 ; 2507070A3HS008
A3-HS      ; 08/21/2025 16:37:09; 20250821163709877;              1;        1; B            ; B            ; Verginia ESMALTE h2o BRILHANTE ; Verginia ESMALTE h2o BRILHANTE ; BLEU BLEUET BR 52-0137          ; BR 52-0137   ; VERGINIA Phenix        ; VERGINIA Phenix        ;             ;        ;         ;        ;      ;        ; 12287563;              632   ;        0.632 ; L       ;            1; DefaultPaintType;               0; 06/26/2025 00:00:00;                                                      ;        ; 0     ;                                                                                                                   ;     ; BE            ; BE            ; 10485760;      12.099;           12.099; BA            ; BA            ; 16777215;      10.19 ;           10.19 ; VI            ; VI            ;  5189455;      12.236;           12.236;               ;               ;         ;            ;                 ;               ;               ;     ;            ;                 ;               ;               ;     ;            ;                 ;               ;               ;     ;            ;                 ;           ;         ;          ;            ;           ;                 ; 2507070A3HS008
A3-HS      ; 08/21/2025 16:35:10; 20250821163510400;              1;        1; B            ; B            ; Verginia ESMALTE h2o BRILHANTE ; Verginia ESMALTE h2o BRILHANTE ; ORANGE SAUMONE JR 77-2544       ; JR 77-2544   ; VERGINIA Phenix        ; VERGINIA Phenix        ;             ;        ;         ;        ;      ;        ;  6990589;              632   ;        0.632 ; L       ;            1; DefaultPaintType;               0; 06/26/2025 00:00:00;                                                      ;        ; 0     ;                                                                                                                   ;     ; BA            ; BA            ; 16777215;       1.771;            1.771; JO            ; JO            ;    39372;       3.463;            3.463; OP            ; OP            ;  3373284;      23.45 ;           23.45 ; JP            ; JP            ;    56575;       4.328;            4.328;               ;               ;     ;            ;                 ;               ;               ;     ;            ;                 ;               ;               ;     ;            ;                 ;           ;         ;          ;            ;           ;                 ; 2507070A3HS008
A3-HS      ; 08/21/2025 16:16:17; 20250821161617057;              1;        1; A            ; A            ; Verginia GRAFIATO              ; Verginia GRAFIATO              ; EMERAUDE VB 59-4106             ; VB 59-4106   ; MAESTRIA Phenix        ; MAESTRIA Phenix        ;             ;        ;         ;        ;      ;        ; 10002432;              768   ;        0.768 ; L       ;            1; DefaultPaintType;               0; 06/26/2025 00:00:00;                                                      ;        ; 0     ;                                                                                                                   ;     ; BE            ; BE            ; 10485760;       2.467;            2.467; BA            ; BA            ; 16777215;       2.785;            2.785; NO            ; NO            ;        0;       0.227;            0.227; VR            ; VR            ;    26112;       7.2  ;            7.2  ;               ;               ;     ;            ;                 ;               ;               ;     ;            ;                 ;               ;               ;     ;            ;                 ;           ;         ;          ;            ;           ;                 ; 2507070A3HS008
A3-HS      ; 08/21/2025 16:14:42; 20250821161442306;              1;        1; A            ; A            ; Verginia GRAFIATO              ; Verginia GRAFIATO              ; VIOLET DE COBALT BR 61-0432     ; BR 61-0432   ; MAESTRIA Phenix        ; MAESTRIA Phenix        ;             ;        ;         ;        ;      ;        ; 13341559;              768   ;        0.768 ; L       ;            1; DefaultPaintType;               0; 06/26/2025 00:00:00;                                                      ;        ; 0     ;                                                                                                                   ;     ; BE            ; BE            ; 10485760;       0.738;            0.738; BA            ; BA            ; 16777215;       7.68 ;            7.68 ; NO            ; NO            ;        0;       0.01 ;            0.01 ; VI            ; VI            ;  5189455;       1.961;            1.961;               ;               ;     ;            ;                 ;               ;               ;     ;            ;                 ;               ;               ;     ;            ;                 ;           ;         ;          ;            ;           ;                 ; 2507070A3HS008
A3-HS      ; 08/21/2025 16:11:28; 20250821161128964;              1;        1; A            ; A            ; Verginia GRAFIATO              ; Verginia GRAFIATO              ; PLOMB BV 63-0104                ; BV 63-0104   ; MAESTRIA Phenix        ; MAESTRIA Phenix        ;             ;        ;         ;        ;      ;        ; 10262674;              768   ;        0.768 ; L       ;            1; DefaultPaintType;               0; 06/26/2025 00:00:00;                                                      ;        ; 0     ;                                                                                                                   ;     ; BA            ; BA            ; 16777215;       7.68 ;            7.68 ; JO            ; JO            ;    39372;       0.083;            0.083; RH            ; RH            ;     9366;       0.01 ;            0.01 ; NO            ; NO            ;        0;       2.7  ;            2.7  ;               ;               ;     ;            ;                 ;               ;               ;     ;            ;                 ;               ;               ;     ;            ;                 ;           ;         ;          ;            ;           ;                 ; 2507070A3HS008
A3-HS      ; 08/21/2025 15:43:07; 20250821154307537;              1;        1; B            ; B            ; Verginia ESMALTE h2o BRILHANTE ; Verginia ESMALTE h2o BRILHANTE ; BLEU BLEUET BR 52-0137          ; BR 52-0137   ; VERGINIA Phenix        ; VERGINIA Phenix        ;             ;        ;         ;        ;      ;        ; 12287563;              842   ;        0.842 ; L       ;            1; DefaultPaintType;               0; 06/26/2025 00:00:00;                                                      ;        ; 0     ;                                                                                                                   ;     ; BE            ; BE            ; 10485760;      16.119;           16.119; BA            ; BA            ; 16777215;      13.576;           13.576; VI            ; VI            ;  5189455;      16.302;           16.302;               ;               ;         ;            ;                 ;               ;               ;     ;            ;                 ;               ;               ;     ;            ;                 ;               ;               ;     ;            ;                 ;           ;         ;          ;            ;           ;                 ; 2507070A3HS008
A3-HS      ; 08/21/2025 15:41:14; 20250821154114905;              1;        1; B            ; B            ; Verginia ESMALTE h2o BRILHANTE ; Verginia ESMALTE h2o BRILHANTE ; ORANGE SAUMONE JR 77-2544       ; JR 77-2544   ; VERGINIA Phenix        ; VERGINIA Phenix        ;             ;        ;         ;        ;      ;        ;  6990589;              842   ;        0.842 ; L       ;            1; DefaultPaintType;               0; 06/26/2025 00:00:00;                                                      ;        ; 0     ;                                                                                                                   ;     ; BA            ; BA            ; 16777215;       2.359;            2.359; JO            ; JO            ;    39372;       4.613;            4.613; OP            ; OP            ;  3373284;      31.242;           31.242; JP            ; JP            ;    56575;       5.766;            5.766;               ;               ;     ;            ;                 ;               ;               ;     ;            ;                 ;               ;               ;     ;            ;                 ;           ;         ;          ;            ;           ;                 ; 2507070A3HS008
A3-HS      ; 08/21/2025 15:33:02; 20250821153302170;              1;        1; B            ; B            ; Verginia EMBORRACHADO          ; Verginia EMBORRACHADO          ; BLEU BLEUET BR 52-0137          ; BR 52-0137   ; VERGINIA Phenix        ; VERGINIA Phenix        ;             ;        ;         ;        ;      ;        ; 12287563;              585.8 ;        0.5858; L       ;            1; DefaultPaintType;               0; 06/26/2025 00:00:00;                                                      ;        ; 0     ;                                                                                                                   ;     ; BE            ; BE            ; 10485760;      13.221;           13.221; BA            ; BA            ; 16777215;      11.136;           11.136; VI            ; VI            ;  5189455;      13.371;           13.371;               ;               ;         ;            ;                 ;               ;               ;     ;            ;                 ;               ;               ;     ;            ;                 ;               ;               ;     ;            ;                 ;           ;         ;          ;            ;           ;                 ; 2507070A3HS008
A3-HS      ; 08/21/2025 15:29:34; 20250821152934803;              1;        1; B            ; B            ; Verginia EMBORRACHADO          ; Verginia EMBORRACHADO          ; ORANGE SAUMONE JR 77-2544       ; JR 77-2544   ; VERGINIA Phenix        ; VERGINIA Phenix        ;             ;        ;         ;        ;      ;        ;  6990589;              585.8 ;        0.5858; L       ;            1; DefaultPaintType;               0; 06/26/2025 00:00:00;                                                      ;        ; 0     ;                                                                                                                   ;     ; BA            ; BA            ; 16777215;       1.935;            1.935; JO            ; JO            ;    39372;       3.784;            3.784; OP            ; OP            ;  3373284;      25.626;           25.626; JP            ; JP            ;    56575;       4.73 ;            4.73 ;               ;               ;     ;            ;                 ;               ;               ;     ;            ;                 ;               ;               ;     ;            ;                 ;           ;         ;          ;            ;           ;                 ; 2507070A3HS008
A3-HS      ; 08/21/2025 15:13:48; 20250821151348967;              1;        1;              ;              ;                                ;                                ;                                 ;              ;                        ;                        ;             ;        ;         ;        ;      ;        ; 16711680;                0   ;        1     ; L       ;            3; DefaultPaintType;               0; 08/21/2025 15:13:48;                                                      ;        ; 0     ;                                                                                                                   ;     ; BE            ; BE            ; 10485760;       7.04 ;            7.04 ; BA            ; BA            ; 16777215;       3.52 ;            3.52 ;               ;               ;         ;            ;                 ;               ;               ;         ;            ;                 ;               ;               ;     ;            ;                 ;               ;               ;     ;            ;                 ;               ;               ;     ;            ;                 ;           ;         ;          ;            ;           ;                 ; 2507070A3HS008
A3-HS      ; 08/21/2025 14:56:05; 20250821145605843;              1;        1;              ;              ;                                ;                                ;                                 ;              ;                        ;                        ;             ;        ;         ;        ;      ;        ; 16711680;                0   ;        1     ; L       ;            3; DefaultPaintType;               0; 08/21/2025 14:56:05;                                                      ;        ; 0     ;                                                                                                                   ;     ; BE            ; BE            ; 10485760;       5.51 ;            5.51 ; BA            ; BA            ; 16777215;       2.75 ;            2.75 ;               ;               ;         ;            ;                 ;               ;               ;         ;            ;                 ;               ;               ;     ;            ;                 ;               ;               ;     ;            ;                 ;               ;               ;     ;            ;                 ;           ;         ;          ;            ;           ;                 ; 2507070A3HS008
A3-HS      ; 08/21/2025 14:21:56; 20250821142156035;              1;        1; A            ; A            ; Verginia GRAFIATO              ; Verginia GRAFIATO              ; VIOLET DE COBALT BR 61-0432     ; BR 61-0432   ; MAESTRIA Phenix        ; MAESTRIA Phenix        ;             ;        ;         ;        ;      ;        ; 13341559;              768   ;        0.768 ; L       ;            1; DefaultPaintType;               0; 06/26/2025 00:00:00;                                                      ;        ; 0     ;                                                                                                                   ;     ; BE            ; BE            ; 10485760;       0.738;            0.738; BA            ; BA            ; 16777215;       7.68 ;            7.68 ; NO            ; NO            ;        0;       0.01 ;            0.01 ; VI            ; VI            ;  5189455;       1.961;            1.961;               ;               ;     ;            ;                 ;               ;               ;     ;            ;                 ;               ;               ;     ;            ;                 ;           ;         ;          ;            ;           ;                 ; 2507070A3HS008
A3-HS      ; 08/21/2025 14:20:03; 20250821142003755;              1;        1; A            ; A            ; Verginia GRAFIATO              ; Verginia GRAFIATO              ; PLOMB BV 63-0104                ; BV 63-0104   ; MAESTRIA Phenix        ; MAESTRIA Phenix        ;             ;        ;         ;        ;      ;        ; 10262674;              768   ;        0.768 ; L       ;            1; DefaultPaintType;               0; 06/26/2025 00:00:00;                                                      ;        ; 0     ;                                                                                                                   ;     ; BA            ; BA            ; 16777215;       7.68 ;            7.68 ; JO            ; JO            ;    39372;       0.083;            0.083; RH            ; RH            ;     9366;       0.01 ;            0.01 ; NO            ; NO            ;        0;       2.7  ;            2.7  ;               ;               ;     ;            ;                 ;               ;               ;     ;            ;                 ;               ;               ;     ;            ;                 ;           ;         ;          ;            ;           ;                 ; 2507070A3HS008
A3-HS      ; 08/21/2025 14:18:17; 20250821141817271;              1;        1; A            ; A            ; Verginia GRAFIATO              ; Verginia GRAFIATO              ; EMERAUDE VB 59-4106             ; VB 59-4106   ; MAESTRIA Phenix        ; MAESTRIA Phenix        ;             ;        ;         ;        ;      ;        ; 10002432;              768   ;        0.768 ; L       ;            1; DefaultPaintType;               0; 06/26/2025 00:00:00;                                                      ;        ; 0     ;                                                                                                                   ;     ; BE            ; BE            ; 10485760;       2.467;            2.467; BA            ; BA            ; 16777215;       2.785;            2.785; NO            ; NO            ;        0;       0.227;            0.227; VR            ; VR            ;    26112;       7.2  ;            7.2  ;               ;               ;     ;            ;                 ;               ;               ;     ;            ;                 ;               ;               ;     ;            ;                 ;           ;         ;          ;            ;           ;                 ; 2507070A3HS008
A3-HS      ; 08/21/2025 13:37:09; 20250821133709069;              1;        1;              ;              ;                                ;                                ;                                 ;              ;                        ;                        ;             ;        ;         ;        ;      ;        ; 16711680;                0   ;        1     ; L       ;            3; DefaultPaintType;               0; 08/21/2025 13:37:09;                                                      ;        ; 0     ;                                                                                                                   ;     ; JO            ; JO            ;    39372;       0.278;            0.278; RH            ; RH            ;     9366;       0.034;            0.034; NO            ; NO            ;        0;       8.995;            8.995;               ;               ;         ;            ;                 ;               ;               ;     ;            ;                 ;               ;               ;     ;            ;                 ;               ;               ;     ;            ;                 ;           ;         ;          ;            ;           ;                 ; 2507070A3HS008
A3-HS      ; 08/21/2025 11:54:54; 20250821115454572;              1;        1; A            ; A            ; Verginia GRAFIATO              ; Verginia GRAFIATO              ; PLOMB BV 63-0104                ; BV 63-0104   ; MAESTRIA Phenix        ; MAESTRIA Phenix        ;             ;        ;         ;        ;      ;        ; 10262674;             1917   ;        1.917 ; L       ;            1; DefaultPaintType;               0; 06/26/2025 00:00:00;                                                      ;        ; 0     ;                                                                                                                   ;     ; BA            ; BA            ; 16777215;      19.17 ;           19.17 ; JO            ; JO            ;    39372;       0.208;            0.208; RH            ; RH            ;     9366;       0.025;            0.025; NO            ; NO            ;        0;       6.738;            6.738;               ;               ;     ;            ;                 ;               ;               ;     ;            ;                 ;               ;               ;     ;            ;                 ;           ;         ;          ;            ;           ;                 ; 2507070A3HS008
A3-HS      ; 08/21/2025 11:53:16; 20250821115316004;              1;        1; A            ; A            ; Verginia GRAFIATO              ; Verginia GRAFIATO              ; EMERAUDE VB 59-4106             ; VB 59-4106   ; MAESTRIA Phenix        ; MAESTRIA Phenix        ;             ;        ;         ;        ;      ;        ; 10002432;             1917   ;        1.917 ; L       ;            1; DefaultPaintType;               0; 06/26/2025 00:00:00;                                                      ;        ; 0     ;                                                                                                                   ;     ; BE            ; BE            ; 10485760;       6.158;            6.158; BA            ; BA            ; 16777215;       6.952;            6.952; NO            ; NO            ;        0;       0.567;            0.567; VR            ; VR            ;    26112;      17.972;           17.972;               ;               ;     ;            ;                 ;               ;               ;     ;            ;                 ;               ;               ;     ;            ;                 ;           ;         ;          ;            ;           ;                 ; 2507070A3HS008
A3-HS      ; 08/21/2025 11:51:04; 20250821115104917;              1;        1; A            ; A            ; Verginia GRAFIATO              ; Verginia GRAFIATO              ; VIOLET DE COBALT BR 61-0432     ; BR 61-0432   ; MAESTRIA Phenix        ; MAESTRIA Phenix        ;             ;        ;         ;        ;      ;        ; 13341559;             1917   ;        1.917 ; L       ;            1; DefaultPaintType;               0; 06/26/2025 00:00:00;                                                      ;        ; 0     ;                                                                                                                   ;     ; BE            ; BE            ; 10485760;       1.843;            1.843; BA            ; BA            ; 16777215;      19.17 ;           19.17 ; NO            ; NO            ;        0;       0.025;            0.025; VI            ; VI            ;  5189455;       4.895;            4.895;               ;               ;     ;            ;                 ;               ;               ;     ;            ;                 ;               ;               ;     ;            ;                 ;           ;         ;          ;            ;           ;                 ; 2507070A3HS008
A3-HS      ; 08/21/2025 11:47:00; 20250821114700061;              1;        1; A            ; A            ; Verginia TEXTURA               ; Verginia TEXTURA               ; PLOMB BV 63-0104                ; BV 63-0104   ; MAESTRIA Phenix        ; MAESTRIA Phenix        ;             ;        ;         ;        ;      ;        ; 10262674;             2141.6 ;        2.1416; L       ;            1; DefaultPaintType;               0; 06/26/2025 00:00:00;                                                      ;        ; 0     ;                                                                                                                   ;     ; BA            ; BA            ; 16777215;      21.416;           21.416; JO            ; JO            ;    39372;       0.352;            0.352; RH            ; RH            ;     9366;       0.043;            0.043; NO            ; NO            ;        0;      11.379;           11.379;               ;               ;     ;            ;                 ;               ;               ;     ;            ;                 ;               ;               ;     ;            ;                 ;           ;         ;          ;            ;           ;                 ; 2507070A3HS008
A3-HS      ; 08/21/2025 11:45:24; 20250821114524577;              1;        1; A            ; A            ; Verginia TEXTURA               ; Verginia TEXTURA               ; EMERAUDE VB 59-4106             ; VB 59-4106   ; MAESTRIA Phenix        ; MAESTRIA Phenix        ;             ;        ;         ;        ;      ;        ; 10002432;             2141.6 ;        2.1416; L       ;            1; DefaultPaintType;               0; 06/26/2025 00:00:00;                                                      ;        ; 0     ;                                                                                                                   ;     ; BE            ; BE            ; 10485760;      10.4  ;           10.4  ; BA            ; BA            ; 16777215;      11.74 ;           11.74 ; NO            ; NO            ;        0;       0.958;            0.958; VR            ; VR            ;    26112;      30.35 ;           30.35 ;               ;               ;     ;            ;                 ;               ;               ;     ;            ;                 ;               ;               ;     ;            ;                 ;           ;         ;          ;            ;           ;                 ; 2507070A3HS008
A3-HS      ; 08/21/2025 11:40:41; 20250821114041678;              1;        1; A            ; A            ; Verginia TEXTURA               ; Verginia TEXTURA               ; VIOLET DE COBALT BR 61-0432     ; BR 61-0432   ; MAESTRIA Phenix        ; MAESTRIA Phenix        ;             ;        ;         ;        ;      ;        ; 13341559;             3833   ;        3.833 ; KG      ;            1; DefaultPaintType;               0; 06/26/2025 00:00:00;                                                      ;        ; 0     ;                                                                                                                   ;     ; BE            ; BE            ; 10485760;       5.571;            5.571; BA            ; BA            ; 16777215;      38.33 ;           38.33 ; NO            ; NO            ;        0;       0.077;            0.077; VI            ; VI            ;  5189455;      14.795;           14.795;               ;               ;     ;            ;                 ;               ;               ;     ;            ;                 ;               ;               ;     ;            ;                 ;           ;         ;          ;            ;           ;                 ; 2507070A3HS008
A3-HS      ; 08/21/2025 09:29:19; 20250821092919365;              1;        1;              ;              ;                                ;                                ;                                 ;              ;                        ;                        ;             ;        ;         ;        ;      ;        ; 16711680;                0   ;        0.8   ; L       ;            3; DefaultPaintType;               0; 08/21/2025 09:29:19;                                                      ;        ; 0     ;                                                                                                                   ;     ; BA            ; BA            ; 16777215;      15.4  ;           15.4  ; RH            ; RH            ;     9366;       2.18 ;            2.18 ; NO            ; NO            ;        0;       0.28 ;            0.28 ; RP            ; RP            ;      255;      18.65 ;           18.65 ;               ;               ;     ;            ;                 ;               ;               ;     ;            ;                 ;               ;               ;     ;            ;                 ;           ;         ;          ;            ;           ;                 ; 2507070A3HS008
A3-HS      ; 08/19/2025 13:56:58; 20250819135658169;              1;        1; C            ; C            ; Verginia TEXTURA               ; Verginia TEXTURA               ; RUTABAGA RB 44-2621             ; RB 44-2621   ; MAESTRIA Phenix        ; MAESTRIA Phenix        ;             ;        ;         ;        ;      ;        ;  9067140;            23000   ;       23     ; KG      ;            1; DefaultPaintType;               0; 06/26/2025 00:00:00;                                                      ;        ; 0     ;                                                                                                                   ;     ; BA            ; BA            ; 16777215;      43.445;           43.445; NO            ; NO            ;        0;       4.564;            4.564; VI            ; VI            ;  5189455;       9.691;            9.691; MA            ; MA            ;  1513356;      29.19 ;           29.19 ;               ;               ;     ;            ;                 ;               ;               ;     ;            ;                 ;               ;               ;     ;            ;                 ;           ;         ;          ;            ;           ;                 ; 2507070A3HS008
A3-HS      ; 08/19/2025 13:54:34; 20250819135434546;              1;        1; C            ; C            ; Verginia TEXTURA               ; Verginia TEXTURA               ; UNDERGROUND BR 34-0102          ; BR 34-0102   ; MAESTRIA Phenix        ; MAESTRIA Phenix        ;             ;        ;         ;        ;      ;        ;  5394513;            23000   ;       23     ; KG      ;            1; DefaultPaintType;               0; 06/26/2025 00:00:00;                                                      ;        ; 0     ;                                                                                                                   ;     ; BA            ; BA            ; 16777215;      19.787;           19.787; RH            ; RH            ;     9366;       3.977;            3.977; NO            ; NO            ;        0;      61.863;           61.863; MA            ; MA            ;  1513356;       1.263;            1.263;               ;               ;     ;            ;                 ;               ;               ;     ;            ;                 ;               ;               ;     ;            ;                 ;           ;         ;          ;            ;           ;                 ; 2507070A3HS008
A3-HS      ; 08/19/2025 13:52:25; 20250819135225402;              1;        1; C            ; C            ; Verginia TEXTURA               ; Verginia TEXTURA               ; LIERRE VB 32-1201               ; VB 32-1201   ; MAESTRIA Phenix        ; MAESTRIA Phenix        ;             ;        ;         ;        ;      ;        ;  5067058;            23000   ;       23     ; L       ;            1; DefaultPaintType;               0; 06/26/2025 00:00:00;                                                      ;        ; 0     ;                                                                                                                   ;     ; BA            ; BA            ; 16777215;       7.948;            7.948; JO            ; JO            ;    39372;       4.71 ;            4.71 ; NO            ; NO            ;        0;      24.434;           24.434; VR            ; VR            ;    26112;      50.446;           50.446;               ;               ;     ;            ;                 ;               ;               ;     ;            ;                 ;               ;               ;     ;            ;                 ;           ;         ;          ;            ;           ;                 ; 2507070A3HS008
A3-HS      ; 08/19/2025 13:50:25; 20250819135025603;              1;        1; C            ; C            ; Verginia TEXTURA               ; Verginia TEXTURA               ; BLEU PETROLE BV 32-0721         ; BV 32-0721   ; MAESTRIA Phenix        ; MAESTRIA Phenix        ;             ;        ;         ;        ;      ;        ;  7164187;            23000   ;       23     ; KG      ;            1; DefaultPaintType;               0; 06/26/2025 00:00:00;                                                      ;        ; 0     ;                                                                                                                   ;     ; BE            ; BE            ; 10485760;      68.189;           68.189; BA            ; BA            ; 16777215;       7.226;            7.226; NO            ; NO            ;        0;       2.462;            2.462; VR            ; VR            ;    26112;       9.634;            9.634;               ;               ;     ;            ;                 ;               ;               ;     ;            ;                 ;               ;               ;     ;            ;                 ;           ;         ;          ;            ;           ;                 ; 2507070A3HS008
A3-HS      ; 08/19/2025 13:47:15; 20250819134715035;              1;        1; C            ; C            ; Verginia TEXTURA               ; Verginia TEXTURA               ; CEPE DE BORDEAUX RJ 42-2521     ; RJ 42-2521   ; MAESTRIA Phenix        ; MAESTRIA Phenix        ;             ;        ;         ;        ;      ;        ;  4346769;            23000   ;       23     ; KG      ;            1; DefaultPaintType;               0; 06/26/2025 00:00:00;                                                      ;        ; 0     ;                                                                                                                   ;     ; BA            ; BA            ; 16777215;      10.047;           10.047; JO            ; JO            ;    39372;      37.759;           37.759; RH            ; RH            ;     9366;      35.231;           35.231; NO            ; NO            ;        0;       3.852;            3.852;               ;               ;     ;            ;                 ;               ;               ;     ;            ;                 ;               ;               ;     ;            ;                 ;           ;         ;          ;            ;           ;                 ; 2507070A3HS008
A3-HS      ; 08/19/2025 10:42:55; 20250819104255505;              1;        1; C            ; C            ; Verginia GRAFIATO              ; Verginia GRAFIATO              ; JUNGLE VJ 40-2714               ; VJ 40-2714   ; MAESTRIA Phenix        ; MAESTRIA Phenix        ;             ;        ;         ;        ;      ;        ;  4482864;             7667   ;        7.667 ; KG      ;            1; DefaultPaintType;               0; 06/26/2025 00:00:00;                                                      ;        ; 0     ;                                                                                                                   ;     ; NO            ; NO            ;        0;       2.662;            2.662; VR            ; VR            ;    26112;       7.716;            7.716; PV            ; PV            ;    65535;      17.078;           17.078;               ;               ;         ;            ;                 ;               ;               ;     ;            ;                 ;               ;               ;     ;            ;                 ;               ;               ;     ;            ;                 ;           ;         ;          ;            ;           ;                 ; 2507070A3HS008
A3-HS      ; 08/19/2025 10:36:55; 20250819103655222;              1;        1; C            ; C            ; Verginia GRAFIATO              ; Verginia GRAFIATO              ; GRENAT RJ 41-4523               ; RJ 41-4523   ; MAESTRIA Phenix        ; MAESTRIA Phenix        ;             ;        ;         ;        ;      ;        ;  4012966;             7667   ;        7.667 ; KG      ;            1; DefaultPaintType;               0; 06/26/2025 00:00:00;                                                      ;        ; 0     ;                                                                                                                   ;     ; BA            ; BA            ; 16777215;       0.705;            0.705; NO            ; NO            ;        0;       0.084;            0.084; MA            ; MA            ;  1513356;       8.824;            8.824; RV            ; RV            ;      255;      17.758;           17.758;               ;               ;     ;            ;                 ;               ;               ;     ;            ;                 ;               ;               ;     ;            ;                 ;           ;         ;          ;            ;           ;                 ; 2507070A3HS008
A3-HS      ; 08/19/2025 10:33:08; 20250819103308905;              1;        1; C            ; C            ; Verginia GRAFIATO              ; Verginia GRAFIATO              ; SARCELLE BV 36-1616             ; BV 36-1616   ; MAESTRIA Phenix        ; MAESTRIA Phenix        ;             ;        ;         ;        ;      ;        ;  7167245;             7667   ;        7.667 ; KG      ;            1; DefaultPaintType;               0; 06/26/2025 00:00:00;                                                      ;        ; 0     ;                                                                                                                   ;     ; BE            ; BE            ; 10485760;      14.958;           14.958; BA            ; BA            ; 16777215;       4.103;            4.103; NO            ; NO            ;        0;       1.369;            1.369; VR            ; VR            ;    26112;       6.831;            6.831;               ;               ;     ;            ;                 ;               ;               ;     ;            ;                 ;               ;               ;     ;            ;                 ;           ;         ;          ;            ;           ;                 ; 2507070A3HS008
A3-HS      ; 08/19/2025 08:33:05; 20250819083305442;              1;        1; C            ; C            ; Verginia GRAFIATO              ; Verginia GRAFIATO              ; CHAUDRON BV 29-0103             ; BV 29-0103   ; MAESTRIA Phenix        ; MAESTRIA Phenix        ;             ;        ;         ;        ;      ;        ;  4670527;             7667   ;        7.667 ; KG      ;            1; DefaultPaintType;               0; 06/26/2025 00:00:00;                                                      ;        ; 0     ;                                                                                                                   ;     ; BE            ; BE            ; 10485760;       1.983;            1.983; BA            ; BA            ; 16777215;       2.184;            2.184; NO            ; NO            ;        0;      22.686;           22.686; VR            ; VR            ;    26112;       0.407;            0.407;               ;               ;     ;            ;                 ;               ;               ;     ;            ;                 ;               ;               ;     ;            ;                 ;           ;         ;          ;            ;           ;                 ; 2507070A3HS008
A3-HS      ; 08/19/2025 08:30:51; 20250819083051644;              1;        1; C            ; C            ; Verginia GRAFIATO              ; Verginia GRAFIATO              ; PAPRIKA RJ 48-4035              ; RJ 48-4035   ; MAESTRIA Phenix        ; MAESTRIA Phenix        ;             ;        ;         ;        ;      ;        ;  3625660;             7667   ;        7.667 ; KG      ;            1; DefaultPaintType;               0; 06/26/2025 00:00:00;                                                      ;        ; 0     ;                                                                                                                   ;     ; BA            ; BA            ; 16777215;       1.679;            1.679; RH            ; RH            ;     9366;       0.21 ;            0.21 ; NO            ; NO            ;        0;       0.26 ;            0.26 ; OV            ; OV            ;    42495;      25.222;           25.222;               ;               ;     ;            ;                 ;               ;               ;     ;            ;                 ;               ;               ;     ;            ;                 ;           ;         ;          ;            ;           ;                 ; 2507070A3HS008
A3-HS      ; 08/18/2025 17:28:04; 20250818172804037;              1;        1; A            ; A            ; Verginia TEXTURA               ; Verginia TEXTURA               ; BLEU TENDRE BV 78-0921          ; BV 78-0921   ; MAESTRIA Phenix        ; MAESTRIA Phenix        ;             ;        ;         ;        ;      ;        ; 15058836;             3829   ;        3.829 ; KG      ;            1; DefaultPaintType;               0; 06/26/2025 00:00:00;                                                      ;        ; 0     ;                                                                                                                   ;     ; BE            ; BE            ; 10485760;       2.622;            2.622; BA            ; BA            ; 16777215;      38.29 ;           38.29 ; NO            ; NO            ;        0;       0.092;            0.092; VI            ; VI            ;  5189455;       0.921;            0.921;               ;               ;     ;            ;                 ;               ;               ;     ;            ;                 ;               ;               ;     ;            ;                 ;           ;         ;          ;            ;           ;                 ; 2507070A3HS008
A3-HS      ; 08/18/2025 17:26:23; 20250818172623438;              1;        1; A            ; A            ; Verginia TEXTURA               ; Verginia TEXTURA               ; POUPON RJ 77-2605               ; RJ 77-2605   ; MAESTRIA Phenix        ; MAESTRIA Phenix        ;             ;        ;         ;        ;      ;        ; 11774958;             3829   ;        3.829 ; L       ;            1; DefaultPaintType;               0; 06/26/2025 00:00:00;                                                      ;        ; 0     ;                                                                                                                   ;     ; BA            ; BA            ; 16777215;      38.29 ;           38.29 ; NO            ; NO            ;        0;       0.184;            0.184; RP            ; RP            ;      255;       6.715;            6.715; MA            ; MA            ;  1513356;       0.644;            0.644;               ;               ;     ;            ;                 ;               ;               ;     ;            ;                 ;               ;               ;     ;            ;                 ;           ;         ;          ;            ;           ;                 ; 2507070A3HS008
A3-HS      ; 08/18/2025 17:22:14; 20250818172214416;              1;        1; A            ; A            ; Verginia GRAFIATO              ; Verginia GRAFIATO              ; BLEU TENDRE BV 78-0921          ; BV 78-0921   ; MAESTRIA Phenix        ; MAESTRIA Phenix        ;             ;        ;         ;        ;      ;        ; 15058836;             3833   ;        3.833 ; KG      ;            1; DefaultPaintType;               0; 06/26/2025 00:00:00;                                                      ;        ; 0     ;                                                                                                                   ;     ; BE            ; BE            ; 10485760;       1.736;            1.736; BA            ; BA            ; 16777215;      38.33 ;           38.33 ; NO            ; NO            ;        0;       0.061;            0.061; VI            ; VI            ;  5189455;       0.61 ;            0.61 ;               ;               ;     ;            ;                 ;               ;               ;     ;            ;                 ;               ;               ;     ;            ;                 ;           ;         ;          ;            ;           ;                 ; 2507070A3HS008
A3-HS      ; 08/18/2025 17:20:33; 20250818172033352;              1;        1; A            ; A            ; Verginia GRAFIATO              ; Verginia GRAFIATO              ; POUPON RJ 77-2605               ; RJ 77-2605   ; MAESTRIA Phenix        ; MAESTRIA Phenix        ;             ;        ;         ;        ;      ;        ; 11774958;             3833   ;        3.833 ; KG      ;            1; DefaultPaintType;               0; 06/26/2025 00:00:00;                                                      ;        ; 0     ;                                                                                                                   ;     ; BA            ; BA            ; 16777215;      38.33 ;           38.33 ; NO            ; NO            ;        0;       0.122;            0.122; RP            ; RP            ;      255;       4.447;            4.447; MA            ; MA            ;  1513356;       0.427;            0.427;               ;               ;     ;            ;                 ;               ;               ;     ;            ;                 ;               ;               ;     ;            ;                 ;           ;         ;          ;            ;           ;                 ; 2507070A3HS008
A3-HS      ; 08/18/2025 11:54:18; 20250818115418738;              1;        1; C            ; C            ; Verginia TEXTURA               ; Verginia TEXTURA               ; OBSIDIENNE BV 26-0101           ; BV 26-0101   ; MAESTRIA Phenix        ; MAESTRIA Phenix        ;             ;        ;         ;        ;      ;        ;  4144700;            30664   ;       30.664 ; L       ;            1; DefaultPaintType;               0; 06/26/2025 00:00:00;                                                      ;        ; 0     ;                                                                                                                   ;     ; BE            ; BE            ; 10485760;       4.816;            4.816; BA            ; BA            ; 16777215;       0.963;            0.963; NO            ; NO            ;        0;     105.432;          105.432; VR            ; VR            ;    26112;       5.102;            5.102;               ;               ;     ;            ;                 ;               ;               ;     ;            ;                 ;               ;               ;     ;            ;                 ;           ;         ;          ;            ;           ;                 ; 2507070A3HS008
A3-HS      ; 08/18/2025 11:51:55; 20250818115155924;              1;        1; C            ; C            ; Verginia TEXTURA               ; Verginia TEXTURA               ; SCARABEE BLEU VB 33-1611        ; VB 33-1611   ; MAESTRIA Phenix        ; MAESTRIA Phenix        ;             ;        ;         ;        ;      ;        ;  6182169;            30664   ;       30.664 ; L       ;            1; DefaultPaintType;               0; 06/26/2025 00:00:00;                                                      ;        ; 0     ;                                                                                                                   ;     ; BE            ; BE            ; 10485760;      55.053;           55.053; BA            ; BA            ; 16777215;      13.808;           13.808; NO            ; NO            ;        0;       8.063;            8.063; VR            ; VR            ;    26112;      39.354;           39.354;               ;               ;     ;            ;                 ;               ;               ;     ;            ;                 ;               ;               ;     ;            ;                 ;           ;         ;          ;            ;           ;                 ; 2507070A3HS008
A3-HS      ; 08/18/2025 11:07:17; 20250818110717804;              1;        1; C            ; C            ; Verginia GRAFIATO              ; Verginia GRAFIATO              ; CHAUDRON BV 29-0103             ; BV 29-0103   ; MAESTRIA Phenix        ; MAESTRIA Phenix        ;             ;        ;         ;        ;      ;        ;  4670527;             1916   ;        1.916 ; L       ;            1; DefaultPaintType;               0; 06/26/2025 00:00:00;                                                      ;        ; 0     ;                                                                                                                   ;     ; BE            ; BE            ; 10485760;       0.496;            0.496; BA            ; BA            ; 16777215;       0.546;            0.546; NO            ; NO            ;        0;       5.669;            5.669; VR            ; VR            ;    26112;       0.102;            0.102;               ;               ;     ;            ;                 ;               ;               ;     ;            ;                 ;               ;               ;     ;            ;                 ;           ;         ;          ;            ;           ;                 ; 2507070A3HS008
A3-HS      ; 08/18/2025 11:05:19; 20250818110519908;              1;        1; C            ; C            ; Verginia GRAFIATO              ; Verginia GRAFIATO              ; PAPRIKA RJ 48-4035              ; RJ 48-4035   ; MAESTRIA Phenix        ; MAESTRIA Phenix        ;             ;        ;         ;        ;      ;        ;  3625660;             1916   ;        1.916 ; L       ;            1; DefaultPaintType;               0; 06/26/2025 00:00:00;                                                      ;        ; 0     ;                                                                                                                   ;     ; BA            ; BA            ; 16777215;       0.42 ;            0.42 ; RH            ; RH            ;     9366;       0.052;            0.052; NO            ; NO            ;        0;       0.065;            0.065; OV            ; OV            ;    42495;       6.303;            6.303;               ;               ;     ;            ;                 ;               ;               ;     ;            ;                 ;               ;               ;     ;            ;                 ;           ;         ;          ;            ;           ;                 ; 2507070A3HS008
A3-HS      ; 08/18/2025 11:03:39; 20250818110339077;              1;        1; C            ; C            ; Verginia GRAFIATO              ; Verginia GRAFIATO              ; TOURNESOL JR 77-0773            ; JR 77-0773   ; MAESTRIA Phenix        ; MAESTRIA Phenix        ;             ;        ;         ;        ;      ;        ;  2209771;             1916   ;        1.916 ; L       ;            1; DefaultPaintType;               0; 06/26/2025 00:00:00;                                                      ;        ; 0     ;                                                                                                                   ;     ; JO            ; JO            ;    39372;       0.485;            0.485; NO            ; NO            ;        0;       0.006;            0.006; PV            ; PV            ;    65535;       6.349;            6.349;               ;               ;         ;            ;                 ;               ;               ;     ;            ;                 ;               ;               ;     ;            ;                 ;               ;               ;     ;            ;                 ;           ;         ;          ;            ;           ;                 ; 2507070A3HS008
A3-HS      ; 08/18/2025 10:49:10; 20250818104910043;              1;        1; C            ; C            ; Verginia TEXTURA               ; Verginia TEXTURA               ; GRENAT RJ 41-4523               ; RJ 41-4523   ; MAESTRIA Phenix        ; MAESTRIA Phenix        ;             ;        ;         ;        ;      ;        ;  4012966;             7666   ;        7.666 ; L       ;            1; DefaultPaintType;               0; 06/26/2025 00:00:00;                                                      ;        ; 0     ;                                                                                                                   ;     ; BA            ; BA            ; 16777215;       0.749;            0.749; NO            ; NO            ;        0;       0.089;            0.089; MA            ; MA            ;  1513356;       9.375;            9.375; RV            ; RV            ;      255;      18.865;           18.865;               ;               ;     ;            ;                 ;               ;               ;     ;            ;                 ;               ;               ;     ;            ;                 ;           ;         ;          ;            ;           ;                 ; 2507070A3HS008
A3-HS      ; 08/18/2025 10:30:46; 20250818103046444;              1;        1; C            ; C            ; Verginia TEXTURA               ; Verginia TEXTURA               ; GRENAT RJ 41-4523               ; RJ 41-4523   ; MAESTRIA Phenix        ; MAESTRIA Phenix        ;             ;        ;         ;        ;      ;        ;  4012966;             7666   ;        7.666 ; L       ;            1; DefaultPaintType;               0; 06/26/2025 00:00:00;                                                      ;        ; 0     ;                                                                                                                   ;     ; BA            ; BA            ; 16777215;       0.749;            0.749; NO            ; NO            ;        0;       0.089;            0.089; MA            ; MA            ;  1513356;       9.375;            9.375; RV            ; RV            ;      255;      18.865;           18.865;               ;               ;     ;            ;                 ;               ;               ;     ;            ;                 ;               ;               ;     ;            ;                 ;           ;         ;          ;            ;           ;                 ; 2507070A3HS008
A3-HS      ; 08/18/2025 10:12:08; 20250818101208000;              1;        1; C            ; C            ; Verginia TEXTURA               ; Verginia TEXTURA               ; GRENAT RJ 41-4523               ; RJ 41-4523   ; MAESTRIA Phenix        ; MAESTRIA Phenix        ;             ;        ;         ;        ;      ;        ;  4012966;             7666   ;        7.666 ; L       ;            1; DefaultPaintType;               0; 06/26/2025 00:00:00;                                                      ;        ; 0     ;                                                                                                                   ;     ; BA            ; BA            ; 16777215;       0.749;            0.749; NO            ; NO            ;        0;       0.089;            0.089; MA            ; MA            ;  1513356;       9.375;            9.375; RV            ; RV            ;      255;      18.865;           18.865;               ;               ;     ;            ;                 ;               ;               ;     ;            ;                 ;               ;               ;     ;            ;                 ;           ;         ;          ;            ;           ;                 ; 2507070A3HS008
A3-HS      ; 08/18/2025 09:19:42; 20250818091942604;              1;        1; C            ; C            ; Verginia TEXTURA               ; Verginia TEXTURA               ; GRENAT RJ 41-4523               ; RJ 41-4523   ; MAESTRIA Phenix        ; MAESTRIA Phenix        ;             ;        ;         ;        ;      ;        ;  4012966;             7666   ;        7.666 ; L       ;            1; DefaultPaintType;               0; 06/26/2025 00:00:00;                                                      ;        ; 0     ;                                                                                                                   ;     ; BA            ; BA            ; 16777215;       0.749;            0.749; NO            ; NO            ;        0;       0.089;            0.089; MA            ; MA            ;  1513356;       9.375;            9.375; RV            ; RV            ;      255;      18.865;           18.865;               ;               ;     ;            ;                 ;               ;               ;     ;            ;                 ;               ;               ;     ;            ;                 ;           ;         ;          ;            ;           ;                 ; 2507070A3HS008
A3-HS      ; 08/18/2025 09:17:29; 20250818091729629;              1;        1; C            ; C            ; Verginia GRAFIATO              ; Verginia GRAFIATO              ; CHAUDRON BV 29-0103             ; BV 29-0103   ; MAESTRIA Phenix        ; MAESTRIA Phenix        ;             ;        ;         ;        ;      ;        ;  4670527;             1916   ;        1.916 ; L       ;            1; DefaultPaintType;               0; 06/26/2025 00:00:00;                                                      ;        ; 0     ;                                                                                                                   ;     ; BE            ; BE            ; 10485760;       0.496;            0.496; BA            ; BA            ; 16777215;       0.546;            0.546; NO            ; NO            ;        0;       5.669;            5.669; VR            ; VR            ;    26112;       0.102;            0.102;               ;               ;     ;            ;                 ;               ;               ;     ;            ;                 ;               ;               ;     ;            ;                 ;           ;         ;          ;            ;           ;                 ; 2507070A3HS008
A3-HS      ; 08/18/2025 09:15:17; 20250818091517925;              1;        1; C            ; C            ; Verginia GRAFIATO              ; Verginia GRAFIATO              ; PAPRIKA RJ 48-4035              ; RJ 48-4035   ; MAESTRIA Phenix        ; MAESTRIA Phenix        ;             ;        ;         ;        ;      ;        ;  3625660;             1916   ;        1.916 ; L       ;            1; DefaultPaintType;               0; 06/26/2025 00:00:00;                                                      ;        ; 0     ;                                                                                                                   ;     ; BA            ; BA            ; 16777215;       0.42 ;            0.42 ; RH            ; RH            ;     9366;       0.052;            0.052; NO            ; NO            ;        0;       0.065;            0.065; OV            ; OV            ;    42495;       6.303;            6.303;               ;               ;     ;            ;                 ;               ;               ;     ;            ;                 ;               ;               ;     ;            ;                 ;           ;         ;          ;            ;           ;                 ; 2507070A3HS008
A3-HS      ; 08/18/2025 09:13:21; 20250818091321166;              1;        1; C            ; C            ; Verginia GRAFIATO              ; Verginia GRAFIATO              ; TOURNESOL JR 77-0773            ; JR 77-0773   ; MAESTRIA Phenix        ; MAESTRIA Phenix        ;             ;        ;         ;        ;      ;        ;  2209771;             1916   ;        1.916 ; L       ;            1; DefaultPaintType;               0; 06/26/2025 00:00:00;                                                      ;        ; 0     ;                                                                                                                   ;     ; JO            ; JO            ;    39372;       0.485;            0.485; NO            ; NO            ;        0;       0.006;            0.006; PV            ; PV            ;    65535;       6.349;            6.349;               ;               ;         ;            ;                 ;               ;               ;     ;            ;                 ;               ;               ;     ;            ;                 ;               ;               ;     ;            ;                 ;           ;         ;          ;            ;           ;                 ; 2507070A3HS008
A3-HS      ; 08/16/2025 11:02:26; 20250816110226868;              1;        1; A            ; A            ; Verginia GRAFIATO              ; Verginia GRAFIATO              ; NICKEL BR 63-0003               ; BR 63-0003   ; MAESTRIA Phenix        ; MAESTRIA Phenix        ;             ;        ;         ;        ;      ;        ; 10394007;             3833   ;        3.833 ; KG      ;            1; DefaultPaintType;               0; 06/26/2025 00:00:00;                                                      ;        ; 0     ;                                                                                                                   ;     ; BA            ; BA            ; 16777215;      38.33 ;           38.33 ; RH            ; RH            ;     9366;       0.683;            0.683; NO            ; NO            ;        0;      11.442;           11.442; MA            ; MA            ;  1513356;       0.092;            0.092;               ;               ;     ;            ;                 ;               ;               ;     ;            ;                 ;               ;               ;     ;            ;                 ;           ;         ;          ;            ;           ;                 ; 2507070A3HS008
A3-HS      ; 08/16/2025 10:59:23; 20250816105923298;              1;        1; A            ; A            ; Verginia GRAFIATO              ; Verginia GRAFIATO              ; AFFLUENT VB 76-3106             ; VB 76-3106   ; MAESTRIA Phenix        ; MAESTRIA Phenix        ;             ;        ;         ;        ;      ;        ; 12897125;             3833   ;        3.833 ; KG      ;            1; DefaultPaintType;               0; 06/26/2025 00:00:00;                                                      ;        ; 0     ;                                                                                                                   ;     ; BE            ; BE            ; 10485760;       1.3  ;            1.3  ; BA            ; BA            ; 16777215;      38.33 ;           38.33 ; NO            ; NO            ;        0;       0.091;            0.091; VR            ; VR            ;    26112;       4.97 ;            4.97 ;               ;               ;     ;            ;                 ;               ;               ;     ;            ;                 ;               ;               ;     ;            ;                 ;           ;         ;          ;            ;           ;                 ; 2507070A3HS008
A3-HS      ; 08/16/2025 10:55:20; 20250816105520805;              1;        1; A            ; A            ; Verginia GRAFIATO              ; Verginia GRAFIATO              ; AULNE ROUGE JR 81-0525          ; JR 81-0525   ; MAESTRIA Phenix        ; MAESTRIA Phenix        ;             ;        ;         ;        ;      ;        ; 10143205;             3833   ;        3.833 ; KG      ;            1; DefaultPaintType;               0; 06/26/2025 00:00:00;                                                      ;        ; 0     ;                                                                                                                   ;     ; BA            ; BA            ; 16777215;      38.33 ;           38.33 ; JO            ; JO            ;    39372;       8.366;            8.366; RH            ; RH            ;     9366;       0.122;            0.122; NO            ; NO            ;        0;       0.335;            0.335;               ;               ;     ;            ;                 ;               ;               ;     ;            ;                 ;               ;               ;     ;            ;                 ;           ;         ;          ;            ;           ;                 ; 2507070A3HS008
A3-HS      ; 08/16/2025 10:51:26; 20250816105126658;              1;        1; C            ; C            ; Verginia GRAFIATO              ; Verginia GRAFIATO              ; CHAUDRON BV 29-0103             ; BV 29-0103   ; MAESTRIA Phenix        ; MAESTRIA Phenix        ;             ;        ;         ;        ;      ;        ;  4670527;             3833   ;        3.833 ; KG      ;            1; DefaultPaintType;               0; 06/26/2025 00:00:00;                                                      ;        ; 0     ;                                                                                                                   ;     ; BE            ; BE            ; 10485760;       0.991;            0.991; BA            ; BA            ; 16777215;       1.092;            1.092; NO            ; NO            ;        0;      11.342;           11.342; VR            ; VR            ;    26112;       0.203;            0.203;               ;               ;     ;            ;                 ;               ;               ;     ;            ;                 ;               ;               ;     ;            ;                 ;           ;         ;          ;            ;           ;                 ; 2507070A3HS008
A3-HS      ; 08/16/2025 10:48:23; 20250816104823231;              1;        1; C            ; C            ; Verginia GRAFIATO              ; Verginia GRAFIATO              ; PAPRIKA RJ 48-4035              ; RJ 48-4035   ; MAESTRIA Phenix        ; MAESTRIA Phenix        ;             ;        ;         ;        ;      ;        ;  3625660;             3833   ;        3.833 ; KG      ;            1; DefaultPaintType;               0; 06/26/2025 00:00:00;                                                      ;        ; 0     ;                                                                                                                   ;     ; BA            ; BA            ; 16777215;       0.84 ;            0.84 ; RH            ; RH            ;     9366;       0.105;            0.105; NO            ; NO            ;        0;       0.13 ;            0.13 ; OV            ; OV            ;    42495;      12.609;           12.609;               ;               ;     ;            ;                 ;               ;               ;     ;            ;                 ;               ;               ;     ;            ;                 ;           ;         ;          ;            ;           ;                 ; 2507070A3HS008
A3-HS      ; 08/16/2025 10:30:39; 20250816103039612;              1;        1; C            ; C            ; Verginia GRAFIATO              ; Verginia GRAFIATO              ; TOURNESOL JR 77-0773            ; JR 77-0773   ; MAESTRIA Phenix        ; MAESTRIA Phenix        ;             ;        ;         ;        ;      ;        ;  2209771;             3833   ;        3.833 ; KG      ;            1; DefaultPaintType;               0; 06/26/2025 00:00:00;                                                      ;        ; 0     ;                                                                                                                   ;     ; JO            ; JO            ;    39372;       0.97 ;            0.97 ; NO            ; NO            ;        0;       0.013;            0.013; PV            ; PV            ;    65535;      12.702;           12.702;               ;               ;         ;            ;                 ;               ;               ;     ;            ;                 ;               ;               ;     ;            ;                 ;               ;               ;     ;            ;                 ;           ;         ;          ;            ;           ;                 ; 2507070A3HS008
A3-HS      ; 08/16/2025 10:07:47; 20250816100747129;              1;        1; C            ; C            ; Verginia TEXTURA               ; Verginia TEXTURA               ; SCARABEE BLEU VB 33-1611        ; VB 33-1611   ; MAESTRIA Phenix        ; MAESTRIA Phenix        ;             ;        ;         ;        ;      ;        ;  6182169;             3833   ;        3.833 ; KG      ;            1; DefaultPaintType;               0; 06/26/2025 00:00:00;                                                      ;        ; 0     ;                                                                                                                   ;     ; BE            ; BE            ; 10485760;       6.882;            6.882; BA            ; BA            ; 16777215;       1.726;            1.726; NO            ; NO            ;        0;       1.008;            1.008; VR            ; VR            ;    26112;       4.919;            4.919;               ;               ;     ;            ;                 ;               ;               ;     ;            ;                 ;               ;               ;     ;            ;                 ;           ;         ;          ;            ;           ;                 ; 2507070A3HS008
A3-HS      ; 08/16/2025 10:04:07; 20250816100407881;              1;        1; C            ; C            ; Verginia TEXTURA               ; Verginia TEXTURA               ; OBSIDIENNE BV 26-0101           ; BV 26-0101   ; MAESTRIA Phenix        ; MAESTRIA Phenix        ;             ;        ;         ;        ;      ;        ;  4144700;             3833   ;        3.833 ; KG      ;            1; DefaultPaintType;               0; 06/26/2025 00:00:00;                                                      ;        ; 0     ;                                                                                                                   ;     ; BE            ; BE            ; 10485760;       0.602;            0.602; BA            ; BA            ; 16777215;       0.12 ;            0.12 ; NO            ; NO            ;        0;      13.179;           13.179; VR            ; VR            ;    26112;       0.638;            0.638;               ;               ;     ;            ;                 ;               ;               ;     ;            ;                 ;               ;               ;     ;            ;                 ;           ;         ;          ;            ;           ;                 ; 2507070A3HS008
A3-HS      ; 08/16/2025 10:00:39; 20250816100039386;              1;        1; C            ; C            ; Verginia TEXTURA               ; Verginia TEXTURA               ; GRENAT RJ 41-4523               ; RJ 41-4523   ; MAESTRIA Phenix        ; MAESTRIA Phenix        ;             ;        ;         ;        ;      ;        ;  4012966;             3833   ;        3.833 ; KG      ;            1; DefaultPaintType;               0; 06/26/2025 00:00:00;                                                      ;        ; 0     ;                                                                                                                   ;     ; BA            ; BA            ; 16777215;       0.375;            0.375; NO            ; NO            ;        0;       0.045;            0.045; MA            ; MA            ;  1513356;       4.687;            4.687; RV            ; RV            ;      255;       9.433;            9.433;               ;               ;     ;            ;                 ;               ;               ;     ;            ;                 ;               ;               ;     ;            ;                 ;           ;         ;          ;            ;           ;                 ; 2507070A3HS008
A3-HS      ; 08/16/2025 09:54:28; 20250816095428204;              1;        1; A            ; A            ; Verginia TEXTURA               ; Verginia TEXTURA               ; PLEUROTE GRIS VB 63-0100        ; VB 63-0100   ; MAESTRIA Phenix        ; MAESTRIA Phenix        ;             ;        ;         ;        ;      ;        ;  9934996;             3833   ;        3.833 ; KG      ;            1; DefaultPaintType;               0; 06/26/2025 00:00:00;                                                      ;        ; 0     ;                                                                                                                   ;     ; BA            ; BA            ; 16777215;      38.33 ;           38.33 ; JO            ; JO            ;    39372;       4.466;            4.466; RH            ; RH            ;     9366;       0.092;            0.092; NO            ; NO            ;        0;      19.414;           19.414;               ;               ;     ;            ;                 ;               ;               ;     ;            ;                 ;               ;               ;     ;            ;                 ;           ;         ;          ;            ;           ;                 ; 2507070A3HS008
A3-HS      ; 08/16/2025 09:52:24; 20250816095224964;              1;        1; A            ; A            ; Verginia TEXTURA               ; Verginia TEXTURA               ; TUTU RJ 82-1903                 ; RJ 82-1903   ; MAESTRIA Phenix        ; MAESTRIA Phenix        ;             ;        ;         ;        ;      ;        ; 12959728;             3833   ;        3.833 ; KG      ;            1; DefaultPaintType;               0; 06/26/2025 00:00:00;                                                      ;        ; 0     ;                                                                                                                   ;     ; BA            ; BA            ; 16777215;      38.33 ;           38.33 ; NO            ; NO            ;        0;       0.153;            0.153; RP            ; RP            ;      255;       3.039;            3.039; MA            ; MA            ;  1513356;       0.276;            0.276;               ;               ;     ;            ;                 ;               ;               ;     ;            ;                 ;               ;               ;     ;            ;                 ;           ;         ;          ;            ;           ;                 ; 2507070A3HS008
A3-HS      ; 08/16/2025 09:49:47; 20250816094947204;              1;        1; A            ; A            ; Verginia TEXTURA               ; Verginia TEXTURA               ; FROMENT JR 89-0427              ; JR 89-0427   ; MAESTRIA Phenix        ; MAESTRIA Phenix        ;             ;        ;         ;        ;      ;        ; 11197435;             3833   ;        3.833 ; KG      ;            1; DefaultPaintType;               0; 06/26/2025 00:00:00;                                                      ;        ; 0     ;                                                                                                                   ;     ; BA            ; BA            ; 16777215;      38.33 ;           38.33 ; JO            ; JO            ;    39372;       1.688;            1.688; OP            ; OP            ;  3373284;       2.333;            2.333; JP            ; JP            ;    56575;       5.863;            5.863;               ;               ;     ;            ;                 ;               ;               ;     ;            ;                 ;               ;               ;     ;            ;                 ;           ;         ;          ;            ;           ;                 ; 2507070A3HS008
A3-HS      ; 08/15/2025 14:54:50; 20250815145450938;              1;        1;              ;              ;                                ;                                ;                                 ;              ;                        ;                        ;             ;        ;         ;        ;      ;        ; 16711680;                0   ;        1     ; L       ;            3; DefaultPaintType;               0; 08/15/2025 14:54:50;                                                      ;        ; 0     ;                                                                                                                   ;     ; BE            ; BE            ; 10485760;       3.17 ;            3.17 ; BA            ; BA            ; 16777215;       0.87 ;            0.87 ; NO            ; NO            ;        0;       0.3  ;            0.3  ; VR            ; VR            ;    26112;       1.45 ;            1.45 ;               ;               ;     ;            ;                 ;               ;               ;     ;            ;                 ;               ;               ;     ;            ;                 ;           ;         ;          ;            ;           ;                 ; 2507070A3HS008
A3-HS      ; 08/15/2025 14:50:33; 20250815145033748;              1;        1;              ;              ;                                ;                                ;                                 ;              ;                        ;                        ;             ;        ;         ;        ;      ;        ; 16711680;                0   ;        1     ; L       ;            3; DefaultPaintType;               0; 08/15/2025 14:50:33;                                                      ;        ; 0     ;                                                                                                                   ;     ; BA            ; BA            ; 16777215;       1.16 ;            1.16 ; JO            ; JO            ;    39372;       3.172;            3.172; RH            ; RH            ;     9366;       1.443;            1.443; NO            ; NO            ;        0;       0.036;            0.036;               ;               ;     ;            ;                 ;               ;               ;     ;            ;                 ;               ;               ;     ;            ;                 ;           ;         ;          ;            ;           ;                 ; 2507070A3HS008
A3-HS      ; 08/15/2025 14:46:26; 20250815144626966;              1;        1;              ;              ;                                ;                                ;                                 ;              ;                        ;                        ;             ;        ;         ;        ;      ;        ; 16711680;                0   ;        1     ; L       ;            3; DefaultPaintType;               0; 08/15/2025 14:46:26;                                                      ;        ; 0     ;                                                                                                                   ;     ; BA            ; BA            ; 16777215;       0.71 ;            0.71 ; MA            ; MA            ;  1513356;       2.04 ;            2.04 ; RV            ; RV            ;      255;       3.06 ;            3.06 ;               ;               ;         ;            ;                 ;               ;               ;     ;            ;                 ;               ;               ;     ;            ;                 ;               ;               ;     ;            ;                 ;           ;         ;          ;            ;           ;                 ; 2507070A3HS008
A3-HS      ; 08/15/2025 13:39:14; 20250815133914012;              1;        1;              ;              ;                                ;                                ;                                 ;              ;                        ;                        ;             ;        ;         ;        ;      ;        ; 16711680;                0   ;        0.8   ; L       ;            3; DefaultPaintType;               0; 08/15/2025 13:39:14;                                                      ;        ; 0     ;                                                                                                                   ;     ; BA            ; BA            ; 16777215;       2.31 ;            2.31 ; JO            ; JO            ;    39372;       4.603;            4.603; RH            ; RH            ;     9366;       2.738;            2.738; NO            ; NO            ;        0;       0.071;            0.071;               ;               ;     ;            ;                 ;               ;               ;     ;            ;                 ;               ;               ;     ;            ;                 ;           ;         ;          ;            ;           ;                 ; 2507070A3HS008
A3-HS      ; 08/15/2025 13:37:39; 20250815133739332;              1;        1;              ;              ;                                ;                                ;                                 ;              ;                        ;                        ;             ;        ;         ;        ;      ;        ; 16711680;                0   ;        0.8   ; L       ;            3; DefaultPaintType;               0; 08/15/2025 13:37:39;                                                      ;        ; -1    ; Abort : Abort Job                                                                                                 ;     ; BA            ; BA            ; 16777215;       2.31 ;            0    ; JO            ; JO            ;    39372;       4.603;            0    ; RH            ; RH            ;     9366;       2.738;            0    ; NO            ; NO            ;        0;       0.071;            0    ;               ;               ;     ;            ;                 ;               ;               ;     ;            ;                 ;               ;               ;     ;            ;                 ;           ;         ;          ;            ;           ;                 ; 2507070A3HS008
A3-HS      ; 08/15/2025 10:44:14; 20250815104414043;              1;        1;              ;              ;                                ;                                ;                                 ;              ;                        ;                        ;             ;        ;         ;        ;      ;        ; 16711680;                0   ;        0.8   ; L       ;            3; DefaultPaintType;               0; 08/15/2025 10:44:14;                                                      ;        ; 0     ;                                                                                                                   ;     ; BA            ; BA            ; 16777215;       1.158;            1.158; JO            ; JO            ;    39372;       3.172;            3.172; RH            ; RH            ;     9366;       1.443;            1.443; NO            ; NO            ;        0;       0.036;            0.036;               ;               ;     ;            ;                 ;               ;               ;     ;            ;                 ;               ;               ;     ;            ;                 ;           ;         ;          ;            ;           ;                 ; 2507070A3HS008
A3-HS      ; 08/15/2025 10:32:30; 20250815103230966;              1;        1;              ;              ;                                ;                                ;                                 ;              ;                        ;                        ;             ;        ;         ;        ;      ;        ; 16711680;                0   ;        0.8   ; L       ;            3; DefaultPaintType;               0; 08/15/2025 10:32:30;                                                      ;        ; 0     ;                                                                                                                   ;     ; BA            ; BA            ; 16777215;       0.71 ;            0.71 ; MA            ; MA            ;  1513356;       2.039;            2.039; RV            ; RV            ;      255;       3.052;            3.052;               ;               ;         ;            ;                 ;               ;               ;     ;            ;                 ;               ;               ;     ;            ;                 ;               ;               ;     ;            ;                 ;           ;         ;          ;            ;           ;                 ; 2507070A3HS008
A3-HS      ; 08/15/2025 10:28:14; 20250815102814734;              1;        1;              ;              ;                                ;                                ;                                 ;              ;                        ;                        ;             ;        ;         ;        ;      ;        ; 16711680;                0   ;        0.8   ; L       ;            3; DefaultPaintType;               0; 08/15/2025 10:28:14;                                                      ;        ; 0     ;                                                                                                                   ;     ; BE            ; BE            ; 10485760;       3.17 ;            3.17 ; BA            ; BA            ; 16777215;       0.87 ;            0.87 ; NO            ; NO            ;        0;       0.29 ;            0.29 ; VR            ; VR            ;    26112;       1.448;            1.448;               ;               ;     ;            ;                 ;               ;               ;     ;            ;                 ;               ;               ;     ;            ;                 ;           ;         ;          ;            ;           ;                 ; 2507070A3HS008
A3-HS      ; 08/15/2025 08:54:57; 20250815085457451;              1;        1;              ;              ;                                ;                                ;                                 ;              ;                        ;                        ;             ;        ;         ;        ;      ;        ; 16711680;                0   ;        0.8   ; L       ;            3; DefaultPaintType;               0; 08/15/2025 08:54:57;                                                      ;        ; 0     ;                                                                                                                   ;     ; BE            ; BE            ; 10485760;       0.015;            0.015; NO            ; NO            ;        0;       1.429;            1.429; VI            ; VI            ;  5189455;       0.013;            0.013;               ;               ;         ;            ;                 ;               ;               ;     ;            ;                 ;               ;               ;     ;            ;                 ;               ;               ;     ;            ;                 ;           ;         ;          ;            ;           ;                 ; 2507070A3HS008
A3-HS      ; 08/15/2025 08:52:21; 20250815085221092;              1;        1;              ;              ;                                ;                                ;                                 ;              ;                        ;                        ;             ;        ;         ;        ;      ;        ; 16711680;                0   ;        0.8   ; L       ;            3; DefaultPaintType;               0; 08/15/2025 08:52:21;                                                      ;        ; 0     ;                                                                                                                   ;     ; RH            ; RH            ;     9366;       0.02 ;            0.02 ; OP            ; OP            ;  3373284;       0.329;            0.329;               ;               ;         ;            ;                 ;               ;               ;         ;            ;                 ;               ;               ;     ;            ;                 ;               ;               ;     ;            ;                 ;               ;               ;     ;            ;                 ;           ;         ;          ;            ;           ;                 ; 2507070A3HS008
A3-HS      ; 08/15/2025 08:37:03; 20250815083703088;              1;        1;              ;              ;                                ;                                ;                                 ;              ;                        ;                        ;             ;        ;         ;        ;      ;        ; 16711680;                0   ;        0.8   ; L       ;            3; DefaultPaintType;               0; 08/15/2025 08:37:03;                                                      ;        ; 0     ;                                                                                                                   ;     ; RH            ; RH            ;     9366;       0.054;            0.054; RP            ; RP            ;      255;       0.129;            0.129;               ;               ;         ;            ;                 ;               ;               ;         ;            ;                 ;               ;               ;     ;            ;                 ;               ;               ;     ;            ;                 ;               ;               ;     ;            ;                 ;           ;         ;          ;            ;           ;                 ; 2507070A3HS008
A3-HS      ; 08/14/2025 17:39:26; 20250814173926362;              1;        1;              ;              ;                                ;                                ;                                 ;              ;                        ;                        ;             ;        ;         ;        ;      ;        ; 16711680;                0   ;        0.8   ; L       ;            3; DefaultPaintType;               0; 08/14/2025 17:39:26;                                                      ;        ; 0     ;                                                                                                                   ;     ; BE            ; BE            ; 10485760;       0.304;            0.304; NO            ; NO            ;        0;       0.01 ;            0.01 ; VI            ; VI            ;  5189455;       0.106;            0.106;               ;               ;         ;            ;                 ;               ;               ;     ;            ;                 ;               ;               ;     ;            ;                 ;               ;               ;     ;            ;                 ;           ;         ;          ;            ;           ;                 ; 2507070A3HS008
A3-HS      ; 08/14/2025 17:36:32; 20250814173632747;              1;        1;              ;              ;                                ;                                ;                                 ;              ;                        ;                        ;             ;        ;         ;        ;      ;        ; 16711680;                0   ;        0.8   ; L       ;            3; DefaultPaintType;               0; 08/14/2025 17:36:32;                                                      ;        ; 0     ;                                                                                                                   ;     ; RH            ; RH            ;     9366;       0.036;            0.036; OP            ; OP            ;  3373284;       0.798;            0.798; RP            ; RP            ;      255;       0.731;            0.731;               ;               ;         ;            ;                 ;               ;               ;     ;            ;                 ;               ;               ;     ;            ;                 ;               ;               ;     ;            ;                 ;           ;         ;          ;            ;           ;                 ; 2507070A3HS008
A3-HS      ; 08/14/2025 17:33:45; 20250814173345663;              1;        1;              ;              ;                                ;                                ;                                 ;              ;                        ;                        ;             ;        ;         ;        ;      ;        ; 16711680;                0   ;        0.8   ; L       ;            3; DefaultPaintType;               0; 08/14/2025 17:33:45;                                                      ;        ; 0     ;                                                                                                                   ;     ; JO            ; JO            ;    39372;       0.146;            0.146; NO            ; NO            ;        0;       0.009;            0.009; JP            ; JP            ;    56575;       0.124;            0.124;               ;               ;         ;            ;                 ;               ;               ;     ;            ;                 ;               ;               ;     ;            ;                 ;               ;               ;     ;            ;                 ;           ;         ;          ;            ;           ;                 ; 2507070A3HS008
A3-HS      ; 08/14/2025 17:03:28; 20250814170328457;              1;        1;              ;              ;                                ;                                ;                                 ;              ;                        ;                        ;             ;        ;         ;        ;      ;        ; 16711680;                0   ;        0.8   ; L       ;            3; DefaultPaintType;               0; 08/14/2025 17:03:28;                                                      ;        ; 0     ;                                                                                                                   ;     ; RH            ; RH            ;     9366;       0.081;            0.081; RP            ; RP            ;      255;       0.193;            0.193;               ;               ;         ;            ;                 ;               ;               ;         ;            ;                 ;               ;               ;     ;            ;                 ;               ;               ;     ;            ;                 ;               ;               ;     ;            ;                 ;           ;         ;          ;            ;           ;                 ; 2507070A3HS008
A3-HS      ; 08/14/2025 17:02:02; 20250814170202851;              1;        1;              ;              ;                                ;                                ;                                 ;              ;                        ;                        ;             ;        ;         ;        ;      ;        ; 16711680;                0   ;        0.8   ; L       ;            3; DefaultPaintType;               0; 08/14/2025 17:02:02;                                                      ;        ; 0     ;                                                                                                                   ;     ; RH            ; RH            ;     9366;       0.03 ;            0.03 ; OP            ; OP            ;  3373284;       0.493;            0.493;               ;               ;         ;            ;                 ;               ;               ;         ;            ;                 ;               ;               ;     ;            ;                 ;               ;               ;     ;            ;                 ;               ;               ;     ;            ;                 ;           ;         ;          ;            ;           ;                 ; 2507070A3HS008
A3-HS      ; 08/14/2025 17:00:04; 20250814170004404;              1;        1;              ;              ;                                ;                                ;                                 ;              ;                        ;                        ;             ;        ;         ;        ;      ;        ; 16711680;                0   ;        1     ; L       ;            3; DefaultPaintType;               0; 08/14/2025 17:00:04;                                                      ;        ; 0     ;                                                                                                                   ;     ; BE            ; BE            ; 10485760;       0.023;            0.023; NO            ; NO            ;        0;       2.14 ;            2.14 ; VI            ; VI            ;  5189455;       0.02 ;            0.02 ;               ;               ;         ;            ;                 ;               ;               ;     ;            ;                 ;               ;               ;     ;            ;                 ;               ;               ;     ;            ;                 ;           ;         ;          ;            ;           ;                 ; 2507070A3HS008
A3-HS      ; 08/14/2025 14:25:09; 20250814142509469;              1;        1; A            ; A            ; Verginia TINTA MURO            ; Verginia TINTA MURO            ; PINK FOLK JR 90-0711            ; JR 90-0711   ; VERGINIA Phenix        ; VERGINIA Phenix        ;             ;        ;         ;        ;      ;        ; 13360377;              800   ;        0.8   ; L       ;            1; DefaultPaintType;               0; 06/26/2025 00:00:00;                                                      ;        ; 0     ;                                                                                                                   ;     ; RH            ; RH            ;     9366;       0.1  ;            0.1  ; OP            ; OP            ;  3373284;       1.643;            1.643;               ;               ;         ;            ;                 ;               ;               ;         ;            ;                 ;               ;               ;     ;            ;                 ;               ;               ;     ;            ;                 ;               ;               ;     ;            ;                 ;           ;         ;          ;            ;           ;                 ; 2507070A3HS008
A3-HS      ; 08/14/2025 14:23:58; 20250814142358230;              1;        1; A            ; A            ; Verginia TINTA MURO            ; Verginia TINTA MURO            ; CREME AMANDIER RJ 88-1104       ; RJ 88-1104   ; VERGINIA Phenix        ; VERGINIA Phenix        ;             ;        ;         ;        ;      ;        ; 13817077;              800   ;        0.8   ; L       ;            1; DefaultPaintType;               0; 06/26/2025 00:00:00;                                                      ;        ; 0     ;                                                                                                                   ;     ; RH            ; RH            ;     9366;       0.271;            0.271; RP            ; RP            ;      255;       0.644;            0.644;               ;               ;         ;            ;                 ;               ;               ;         ;            ;                 ;               ;               ;     ;            ;                 ;               ;               ;     ;            ;                 ;               ;               ;     ;            ;                 ;           ;         ;          ;            ;           ;                 ; 2507070A3HS008
A3-HS      ; 08/14/2025 14:21:45; 20250814142145089;              1;        1; A            ; A            ; Verginia TINTA MURO            ; Verginia TINTA MURO            ; GRIS DU GABON BV 73-0104        ; BV 73-0104   ; VERGINIA Phenix        ; VERGINIA Phenix        ;             ;        ;         ;        ;      ;        ; 12039084;              800   ;        0.8   ; L       ;            1; DefaultPaintType;               0; 06/26/2025 00:00:00;                                                      ;        ; 0     ;                                                                                                                   ;     ; BE            ; BE            ; 10485760;       0.076;            0.076; NO            ; NO            ;        0;       7.146;            7.146; VI            ; VI            ;  5189455;       0.066;            0.066;               ;               ;         ;            ;                 ;               ;               ;     ;            ;                 ;               ;               ;     ;            ;                 ;               ;               ;     ;            ;                 ;           ;         ;          ;            ;           ;                 ; 2507070A3HS008
A3-HS      ; 08/14/2025 14:03:30; 20250814140330890;              1;        1; IM           ; IM           ; LATEXOR Fosco                  ; LATEXOR Fosco                  ; TINTA BASE BM                   ; TINTA BASE BM;                        ;                        ; VERGINIA    ;        ; CURITIBA;        ;      ;        ;        0;              150   ;        0.15  ; L       ;            2; DefaultPaintType;               0; 05/08/2025 08:52:23; FORMULA PARA CONTROLE DE BASES BM TINTAS             ;        ; 0     ;                                                                                                                   ;     ; BE            ; BE            ; 10485760;       6    ;            6    ; BA            ; BA            ; 16777215;       3    ;            3    ;               ;               ;         ;            ;                 ;               ;               ;         ;            ;                 ;               ;               ;     ;            ;                 ;               ;               ;     ;            ;                 ;               ;               ;     ;            ;                 ;           ;         ;          ;            ;           ;                 ; 2507070A3HS008
A3-HS      ; 08/14/2025 08:17:38; 20250814081738921;              1;        1;              ;              ;                                ;                                ;                                 ;              ;                        ;                        ;             ;        ;         ;        ;      ;        ; 16711680;                0   ;        0.8   ; L       ;            3; DefaultPaintType;               0; 08/14/2025 08:17:38;                                                      ;        ; 0     ;                                                                                                                   ;     ; BE            ; BE            ; 10485760;       6.639;            6.639; NO            ; NO            ;        0;       1.705;            1.705; VR            ; VR            ;    26112;       3.517;            3.517;               ;               ;         ;            ;                 ;               ;               ;     ;            ;                 ;               ;               ;     ;            ;                 ;               ;               ;     ;            ;                 ;           ;         ;          ;            ;           ;                 ; 2507070A3HS008
A3-HS      ; 08/13/2025 17:23:00; 20250813172300626;              1;        1;              ;              ;                                ;                                ;                                 ;              ;                        ;                        ;             ;        ;         ;        ;      ;        ; 16711680;                0   ;        0.8   ; L       ;            3; DefaultPaintType;               0; 08/13/2025 17:23:00;                                                      ;        ; 0     ;                                                                                                                   ;     ; BE            ; BE            ; 10485760;       6.639;            6.639; NO            ; NO            ;        0;       1.705;            1.705; RV            ; RV            ;      255;       3.517;            3.517;               ;               ;         ;            ;                 ;               ;               ;     ;            ;                 ;               ;               ;     ;            ;                 ;               ;               ;     ;            ;                 ;           ;         ;          ;            ;           ;                 ; 2507070A3HS008
A3-HS      ; 08/13/2025 17:20:59; 20250813172059643;              1;        1;              ;              ;                                ;                                ;                                 ;              ;                        ;                        ;             ;        ;         ;        ;      ;        ; 16711680;                0   ;        0.8   ; L       ;            3; DefaultPaintType;               0; 08/13/2025 17:20:59;                                                      ;        ; 0     ;                                                                                                                   ;     ; RH            ; RH            ;     9366;       3.648;            3.648; OP            ; OP            ;  3373284;       7.426;            7.426; RP            ; RP            ;      255;       4.776;            4.776;               ;               ;         ;            ;                 ;               ;               ;     ;            ;                 ;               ;               ;     ;            ;                 ;               ;               ;     ;            ;                 ;           ;         ;          ;            ;           ;                 ; 2507070A3HS008
A3-HS      ; 08/13/2025 17:19:15; 20250813171915908;              1;        1;              ;              ;                                ;                                ;                                 ;              ;                        ;                        ;             ;        ;         ;        ;      ;        ; 16711680;                0   ;        0.8   ; L       ;            3; DefaultPaintType;               0; 08/13/2025 17:19:15;                                                      ;        ; 0     ;                                                                                                                   ;     ; OP            ; OP            ;  3373284;       1.338;            1.338; JP            ; JP            ;    56575;      14.302;           14.302;               ;               ;         ;            ;                 ;               ;               ;         ;            ;                 ;               ;               ;     ;            ;                 ;               ;               ;     ;            ;                 ;               ;               ;     ;            ;                 ;           ;         ;          ;            ;           ;                 ; 2507070A3HS008
A3-HS      ; 08/13/2025 17:16:06; 20250813171606396;              1;        1;              ;              ;                                ;                                ;                                 ;              ;                        ;                        ;             ;        ;         ;        ;      ;        ; 16711680;                0   ;        0.8   ; L       ;            3; DefaultPaintType;               0; 08/13/2025 17:16:06;                                                      ;        ; 0     ;                                                                                                                   ;     ; RH            ; RH            ;     9366;       0.393;            0.393; NO            ; NO            ;        0;       4.041;            4.041; MA            ; MA            ;  1513356;      20.494;           20.494;               ;               ;         ;            ;                 ;               ;               ;     ;            ;                 ;               ;               ;     ;            ;                 ;               ;               ;     ;            ;                 ;           ;         ;          ;            ;           ;                 ; 2507070A3HS008
A3-HS      ; 08/13/2025 16:22:14; 20250813162214409;              1;        1; AP           ; AP           ; LATEXOR Fosco                  ; LATEXOR Fosco                  ; TINTA BASE AP                   ; TINTA BASE AP;                        ;                        ; VERGINIA    ;        ; CURITIBA;        ;      ;        ;        0;              150   ;        0.15  ; L       ;            2; DefaultPaintType;               0; 05/08/2025 08:48:47; FORMULA PARA CONTROLE DE QUALIDADE DE BASES AP TINTAS;        ; 0     ;                                                                                                                   ;     ; BE            ; BE            ; 10485760;       5    ;            5    ;               ;               ;         ;            ;                 ;               ;               ;         ;            ;                 ;               ;               ;         ;            ;                 ;               ;               ;     ;            ;                 ;               ;               ;     ;            ;                 ;               ;               ;     ;            ;                 ;           ;         ;          ;            ;           ;                 ; 2507070A3HS008
A3-HS      ; 08/13/2025 15:03:35; 20250813150335610;              1;        1;              ;              ;                                ;                                ;                                 ;              ;                        ;                        ;             ;        ;         ;        ;      ;        ; 16711680;                0   ;        0.8   ; L       ;            3; DefaultPaintType;               0; 08/13/2025 15:03:35;                                                      ;        ; 0     ;                                                                                                                   ;     ; RH            ; RH            ;     9366;       0.34 ;            0.34 ; NO            ; NO            ;        0;       3.502;            3.502; MA            ; MA            ;  1513356;      17.761;           17.761;               ;               ;         ;            ;                 ;               ;               ;     ;            ;                 ;               ;               ;     ;            ;                 ;               ;               ;     ;            ;                 ;           ;         ;          ;            ;           ;                 ; 2507070A3HS008
A3-HS      ; 08/13/2025 15:00:15; 20250813150015176;              1;        1;              ;              ;                                ;                                ;                                 ;              ;                        ;                        ;             ;        ;         ;        ;      ;        ; 16711680;                0   ;        0.8   ; L       ;            3; DefaultPaintType;               0; 08/13/2025 15:00:15;                                                      ;        ; 0     ;                                                                                                                   ;     ; RH            ; RH            ;     9366;       3.161;            3.161; OP            ; OP            ;  3373284;       6.436;            6.436; RP            ; RP            ;      255;       4.139;            4.139;               ;               ;         ;            ;                 ;               ;               ;     ;            ;                 ;               ;               ;     ;            ;                 ;               ;               ;     ;            ;                 ;           ;         ;          ;            ;           ;                 ; 2507070A3HS008
A3-HS      ; 08/13/2025 14:58:26; 20250813145826395;              1;        1;              ;              ;                                ;                                ;                                 ;              ;                        ;                        ;             ;        ;         ;        ;      ;        ; 16711680;                0   ;        0.8   ; L       ;            3; DefaultPaintType;               0; 08/13/2025 14:58:26;                                                      ;        ; 0     ;                                                                                                                   ;     ; OP            ; OP            ;  3373284;       1.159;            1.159; JP            ; JP            ;    56575;      12.395;           12.395;               ;               ;         ;            ;                 ;               ;               ;         ;            ;                 ;               ;               ;     ;            ;                 ;               ;               ;     ;            ;                 ;               ;               ;     ;            ;                 ;           ;         ;          ;            ;           ;                 ; 2507070A3HS008
A3-HS      ; 08/13/2025 14:56:33; 20250813145633782;              1;        1;              ;              ;                                ;                                ;                                 ;              ;                        ;                        ;             ;        ;         ;        ;      ;        ; 16711680;                0   ;        0.8   ; L       ;            3; DefaultPaintType;               0; 08/13/2025 14:56:33;                                                      ;        ; 0     ;                                                                                                                   ;     ; BE            ; BE            ; 10485760;       4.602;            4.602; NO            ; NO            ;        0;       1.176;            1.176; VR            ; VR            ;    26112;       2.438;            2.438;               ;               ;         ;            ;                 ;               ;               ;     ;            ;                 ;               ;               ;     ;            ;                 ;               ;               ;     ;            ;                 ;           ;         ;          ;            ;           ;                 ; 2507070A3HS008
A3-HS      ; 08/13/2025 11:59:23; 20250813115923742;              1;        1; AP           ; AP           ; LATEXOR Fosco                  ; LATEXOR Fosco                  ; TINTA BASE AP                   ; TINTA BASE AP;                        ;                        ; VERGINIA    ;        ; CURITIBA;        ;      ;        ;        0;              150   ;        0.15  ; L       ;            2; DefaultPaintType;               0; 05/08/2025 08:48:47; FORMULA PARA CONTROLE DE QUALIDADE DE BASES AP TINTAS;        ; 0     ;                                                                                                                   ;     ; BE            ; BE            ; 10485760;       5    ;            5    ;               ;               ;         ;            ;                 ;               ;               ;         ;            ;                 ;               ;               ;         ;            ;                 ;               ;               ;     ;            ;                 ;               ;               ;     ;            ;                 ;               ;               ;     ;            ;                 ;           ;         ;          ;            ;           ;                 ; 2507070A3HS008
A3-HS      ; 08/13/2025 11:23:46; 20250813112346827;              1;        1; AP           ; AP           ; LATEXOR Fosco                  ; LATEXOR Fosco                  ; TINTA BASE AP                   ; TINTA BASE AP;                        ;                        ; VERGINIA    ;        ; CURITIBA;        ;      ;        ;        0;              150   ;        0.15  ; L       ;            2; DefaultPaintType;               0; 05/08/2025 08:48:47; FORMULA PARA CONTROLE DE QUALIDADE DE BASES AP TINTAS;        ; 0     ;                                                                                                                   ;     ; BE            ; BE            ; 10485760;       5    ;            5    ;               ;               ;         ;            ;                 ;               ;               ;         ;            ;                 ;               ;               ;         ;            ;                 ;               ;               ;     ;            ;                 ;               ;               ;     ;            ;                 ;               ;               ;     ;            ;                 ;           ;         ;          ;            ;           ;                 ; 2507070A3HS008
A3-HS      ; 08/12/2025 15:30:05; 20250812153005795;              1;        1; AP           ; AP           ; LATEXOR Fosco                  ; LATEXOR Fosco                  ; TINTA BASE AP                   ; TINTA BASE AP;                        ;                        ; VERGINIA    ;        ; CURITIBA;        ;      ;        ;        0;              150   ;        0.15  ; L       ;            2; DefaultPaintType;               0; 05/08/2025 08:48:47; FORMULA PARA CONTROLE DE QUALIDADE DE BASES AP TINTAS;        ; 0     ;                                                                                                                   ;     ; BE            ; BE            ; 10485760;       5    ;            5    ;               ;               ;         ;            ;                 ;               ;               ;         ;            ;                 ;               ;               ;         ;            ;                 ;               ;               ;     ;            ;                 ;               ;               ;     ;            ;                 ;               ;               ;     ;            ;                 ;           ;         ;          ;            ;           ;                 ; 2507070A3HS008
A3-HS      ; 08/11/2025 17:49:12; 20250811174912641;              1;        1;              ;              ;                                ;                                ;                                 ;              ;                        ;                        ;             ;        ;         ;        ;      ;        ; 16711680;                0   ;        0.8   ; L       ;            3; DefaultPaintType;               0; 08/11/2025 17:49:12;                                                      ;        ; 0     ;                                                                                                                   ;     ; BE            ; BE            ; 10485760;      78.502;           78.502; BA            ; BA            ; 16777215;       1.522;            1.522; NO            ; NO            ;        0;       0.246;            0.246;               ;               ;         ;            ;                 ;               ;               ;     ;            ;                 ;               ;               ;     ;            ;                 ;               ;               ;     ;            ;                 ;           ;         ;          ;            ;           ;                 ; 2507070A3HS008
A3-HS      ; 08/11/2025 17:46:30; 20250811174630586;              1;        1;              ;              ;                                ;                                ;                                 ;              ;                        ;                        ;             ;        ;         ;        ;      ;        ; 16711680;                0   ;        0.8   ; L       ;            3; DefaultPaintType;               0; 08/11/2025 17:46:30;                                                      ;        ; 0     ;                                                                                                                   ;     ; BA            ; BA            ; 16777215;       3.639;            3.639; NO            ; NO            ;        0;       0.147;            0.147; MA            ; MA            ;  1513356;      10.678;           10.678; RV            ; RV            ;      255;      65.535;           65.535;               ;               ;     ;            ;                 ;               ;               ;     ;            ;                 ;               ;               ;     ;            ;                 ;           ;         ;          ;            ;           ;                 ; 2507070A3HS008
A3-HS      ; 08/11/2025 17:41:12; 20250811174112458;              1;        1;              ;              ;                                ;                                ;                                 ;              ;                        ;                        ;             ;        ;         ;        ;      ;        ; 16711680;                0   ;        0.8   ; L       ;            3; DefaultPaintType;               0; 08/11/2025 17:41:12;                                                      ;        ; 0     ;                                                                                                                   ;     ; BE            ; BE            ; 10485760;       1.465;            1.465; BA            ; BA            ; 16777215;       6.554;            6.554; NO            ; NO            ;        0;      69.822;           69.822; VI            ; VI            ;  5189455;       2.157;            2.157;               ;               ;     ;            ;                 ;               ;               ;     ;            ;                 ;               ;               ;     ;            ;                 ;           ;         ;          ;            ;           ;                 ; 2507070A3HS008
A3-HS      ; 08/11/2025 17:37:44; 20250811173744594;              1;        1;              ;              ;                                ;                                ;                                 ;              ;                        ;                        ;             ;        ;         ;        ;      ;        ; 16711680;                0   ;        0.8   ; L       ;            3; DefaultPaintType;               0; 08/11/2025 17:37:44;                                                      ;        ; 0     ;                                                                                                                   ;     ; BA            ; BA            ; 16777215;       1.602;            1.602; RH            ; RH            ;     9366;       0.616;            0.616; OP            ; OP            ;  3373284;      66.158;           66.158; OV            ; OV            ;    42495;      11.975;           11.975;               ;               ;     ;            ;                 ;               ;               ;     ;            ;                 ;               ;               ;     ;            ;                 ;           ;         ;          ;            ;           ;                 ; 2507070A3HS008
A3-HS      ; 08/11/2025 17:01:53; 20250811170153881;              1;        1;              ;              ;                                ;                                ;                                 ;              ;                        ;                        ;             ;        ;         ;        ;      ;        ; 16711680;                0   ;        0.8   ; L       ;            3; DefaultPaintType;               0; 08/11/2025 17:01:53;                                                      ;        ; 0     ;                                                                                                                   ;     ; BA            ; BA            ; 16777215;      19.504;           19.504; JO            ; JO            ;    39372;       1.512;            1.512; JP            ; JP            ;    56575;       7.448;            7.448; RV            ; RV            ;      255;      13.176;           13.176;               ;               ;     ;            ;                 ;               ;               ;     ;            ;                 ;               ;               ;     ;            ;                 ;           ;         ;          ;            ;           ;                 ; 2507070A3HS008
A3-HS      ; 08/11/2025 16:58:25; 20250811165825097;              1;        1;              ;              ;                                ;                                ;                                 ;              ;                        ;                        ;             ;        ;         ;        ;      ;        ; 16711680;                0   ;        0.8   ; L       ;            3; DefaultPaintType;               0; 08/11/2025 16:58:25;                                                      ;        ; 0     ;                                                                                                                   ;     ; BA            ; BA            ; 16777215;       4.341;            4.341; JO            ; JO            ;    39372;      29.439;           29.439; RH            ; RH            ;     9366;       4.082;            4.082;               ;               ;         ;            ;                 ;               ;               ;     ;            ;                 ;               ;               ;     ;            ;                 ;               ;               ;     ;            ;                 ;           ;         ;          ;            ;           ;                 ; 2507070A3HS008
A3-HS      ; 08/11/2025 16:55:25; 20250811165525898;              1;        1;              ;              ;                                ;                                ;                                 ;              ;                        ;                        ;             ;        ;         ;        ;      ;        ; 16711680;                0   ;        0.8   ; L       ;            3; DefaultPaintType;               0; 08/11/2025 16:55:25;                                                      ;        ; 0     ;                                                                                                                   ;     ; BE            ; BE            ; 10485760;      13.24 ;           13.24 ; BA            ; BA            ; 16777215;      11.037;           11.037; NO            ; NO            ;        0;       1.056;            1.056; VI            ; VI            ;  5189455;      12.527;           12.527;               ;               ;     ;            ;                 ;               ;               ;     ;            ;                 ;               ;               ;     ;            ;                 ;           ;         ;          ;            ;           ;                 ; 2507070A3HS008
A3-HS      ; 08/11/2025 16:51:27; 20250811165127738;              1;        1;              ;              ;                                ;                                ;                                 ;              ;                        ;                        ;             ;        ;         ;        ;      ;        ; 16711680;                0   ;        0.8   ; L       ;            3; DefaultPaintType;               0; 08/11/2025 16:51:27;                                                      ;        ; 0     ;                                                                                                                   ;     ; BA            ; BA            ; 16777215;      16.544;           16.544; JP            ; JP            ;    56575;      21.253;           21.253; RV            ; RV            ;      255;       0.064;            0.064;               ;               ;         ;            ;                 ;               ;               ;     ;            ;                 ;               ;               ;     ;            ;                 ;               ;               ;     ;            ;                 ;           ;         ;          ;            ;           ;                 ; 2507070A3HS008
A3-HS      ; 08/09/2025 10:39:20; 20250809103920770;              1;        1;              ;              ;                                ;                                ;                                 ;              ;                        ;                        ;             ;        ;         ;        ;      ;        ; 16711680;                0   ;        0.8   ; L       ;            3; DefaultPaintType;               0; 08/09/2025 10:39:20;                                                      ;        ; 0     ;                                                                                                                   ;     ; BE            ; BE            ; 10485760;      24.048;           24.048; BA            ; BA            ; 16777215;       8.629;            8.629; NO            ; NO            ;        0;       3.388;            3.388; VR            ; VR            ;    26112;      37.277;           37.277;               ;               ;     ;            ;                 ;               ;               ;     ;            ;                 ;               ;               ;     ;            ;                 ;           ;         ;          ;            ;           ;                 ; 2507070A3HS008
A3-HS      ; 08/09/2025 10:34:46; 20250809103446747;              1;        1;              ;              ;                                ;                                ;                                 ;              ;                        ;                        ;             ;        ;         ;        ;      ;        ; 16711680;                0   ;        0.8   ; L       ;            3; DefaultPaintType;               0; 08/09/2025 10:34:46;                                                      ;        ; 0     ;                                                                                                                   ;     ; BA            ; BA            ; 16777215;       3.049;            3.049; NO            ; NO            ;        0;       0.105;            0.105; JV            ; JV            ;    59135;      53.792;           53.792; OV            ; OV            ;    42495;       0.175;            0.175;               ;               ;     ;            ;                 ;               ;               ;     ;            ;                 ;               ;               ;     ;            ;                 ;           ;         ;          ;            ;           ;                 ; 2507070A3HS008
A3-HS      ; 08/09/2025 10:31:11; 20250809103111397;              1;        1;              ;              ;                                ;                                ;                                 ;              ;                        ;                        ;             ;        ;         ;        ;      ;        ; 16711680;                0   ;        0.8   ; L       ;            3; DefaultPaintType;               0; 08/09/2025 10:31:11;                                                      ;        ; 0     ;                                                                                                                   ;     ; JO            ; JO            ;    39372;      24.071;           24.071; RH            ; RH            ;     9366;      21.751;           21.751; NO            ; NO            ;        0;       2.631;            2.631;               ;               ;         ;            ;                 ;               ;               ;     ;            ;                 ;               ;               ;     ;            ;                 ;               ;               ;     ;            ;                 ;           ;         ;          ;            ;           ;                 ; 2507070A3HS008
A3-HS      ; 08/09/2025 10:27:10; 20250809102710294;              1;        1;              ;              ;                                ;                                ;                                 ;              ;                        ;                        ;             ;        ;         ;        ;      ;        ; 16711680;                0   ;        0.8   ; L       ;            3; DefaultPaintType;               0; 08/09/2025 10:27:10;                                                      ;        ; 0     ;                                                                                                                   ;     ; BA            ; BA            ; 16777215;       2.803;            2.803; OP            ; OP            ;  3373284;      14.608;           14.608; RV            ; RV            ;      255;      53.699;           53.699;               ;               ;         ;            ;                 ;               ;               ;     ;            ;                 ;               ;               ;     ;            ;                 ;               ;               ;     ;            ;                 ;           ;         ;          ;            ;           ;                 ; 2507070A3HS008
A3-HS      ; 08/09/2025 10:22:12; 20250809102212661;              1;        1;              ;              ;                                ;                                ;                                 ;              ;                        ;                        ;             ;        ;         ;        ;      ;        ; 16711680;                0   ;        0.8   ; L       ;            3; DefaultPaintType;               0; 08/09/2025 10:22:12;                                                      ;        ; 0     ;                                                                                                                   ;     ; BA            ; BA            ; 16777215;       3.63 ;            3.63 ; RH            ; RH            ;     9366;      15.4  ;           15.4  ; NO            ; NO            ;        0;      35.45 ;           35.45 ; MA            ; MA            ;  1513356;       2.65 ;            2.65 ;               ;               ;     ;            ;                 ;               ;               ;     ;            ;                 ;               ;               ;     ;            ;                 ;           ;         ;          ;            ;           ;                 ; 2507070A3HS008
A3-HS      ; 08/09/2025 10:22:01; 20250809102201501;              1;        1;              ;              ;                                ;                                ;                                 ;              ;                        ;                        ;             ;        ;         ;        ;      ;        ; 16711680;                0   ;        1     ; L       ;            3; DefaultPaintType;               0; 08/09/2025 10:22:01;                                                      ;        ; -1    ; Abort : Abort Job                                                                                                 ;     ; BA            ; BA            ; 16777215;       4.533;            0    ; RH            ; RH            ;     9366;      19.252;            0    ; NO            ; NO            ;        0;      44.308;            0    ; MA            ; MA            ;  1513356;       3.307;            0    ;               ;               ;     ;            ;                 ;               ;               ;     ;            ;                 ;               ;               ;     ;            ;                 ;           ;         ;          ;            ;           ;                 ; 2507070A3HS008
A3-HS      ; 08/09/2025 10:17:19; 20250809101719454;              1;        1;              ;              ;                                ;                                ;                                 ;              ;                        ;                        ;             ;        ;         ;        ;      ;        ; 16711680;                0   ;        0.8   ; L       ;            3; DefaultPaintType;               0; 08/09/2025 10:17:19;                                                      ;        ; 0     ;                                                                                                                   ;     ; BE            ; BE            ; 10485760;      28.621;           28.621; BA            ; BA            ; 16777215;      19.046;           19.046; NO            ; NO            ;        0;       3.694;            3.694; VI            ; VI            ;  5189455;       5.523;            5.523;               ;               ;     ;            ;                 ;               ;               ;     ;            ;                 ;               ;               ;     ;            ;                 ;           ;         ;          ;            ;           ;                 ; 2507070A3HS008
A3-HS      ; 08/09/2025 10:17:00; 20250809101700571;              1;        1;              ;              ;                                ;                                ;                                 ;              ;                        ;                        ;             ;        ;         ;        ;      ;        ; 16711680;                0   ;        1     ; L       ;            3; DefaultPaintType;               0; 08/09/2025 10:17:00;                                                      ;        ; -1    ; Abort : Abort Job                                                                                                 ;     ; BE            ; BE            ; 10485760;      35.776;            0    ; BA            ; BA            ; 16777215;      23.808;            0    ; NO            ; NO            ;        0;       4.618;            0    ; VI            ; VI            ;  5189455;       6.904;            0    ;               ;               ;     ;            ;                 ;               ;               ;     ;            ;                 ;               ;               ;     ;            ;                 ;           ;         ;          ;            ;           ;                 ; 2507070A3HS008
A3-HS      ; 08/08/2025 08:58:48; 20250808085848585;              1;        1; IM           ; IM           ; LATEXOR Fosco                  ; LATEXOR Fosco                  ; TINTA BASE BM                   ; TINTA BASE BM;                        ;                        ; VERGINIA    ;        ; CURITIBA;        ;      ;        ;        0;              150   ;        0.15  ; L       ;            2; DefaultPaintType;               0; 05/08/2025 08:52:23; FORMULA PARA CONTROLE DE BASES BM TINTAS             ;        ; 0     ;                                                                                                                   ;     ; BE            ; BE            ; 10485760;       6    ;            6    ; BA            ; BA            ; 16777215;       3    ;            3    ;               ;               ;         ;            ;                 ;               ;               ;         ;            ;                 ;               ;               ;     ;            ;                 ;               ;               ;     ;            ;                 ;               ;               ;     ;            ;                 ;           ;         ;          ;            ;           ;                 ; 2507070A3HS008
A3-HS      ; 08/07/2025 09:26:07; 20250807092607960;              1;        1; IM           ; IM           ; LATEXOR Fosco                  ; LATEXOR Fosco                  ; TINTA BASE BM                   ; TINTA BASE BM;                        ;                        ; VERGINIA    ;        ; CURITIBA;        ;      ;        ;        0;              150   ;        0.15  ; L       ;            2; DefaultPaintType;               0; 05/08/2025 08:52:23; FORMULA PARA CONTROLE DE BASES BM TINTAS             ;        ; 0     ;                                                                                                                   ;     ; BE            ; BE            ; 10485760;       6    ;            6    ; BA            ; BA            ; 16777215;       3    ;            3    ;               ;               ;         ;            ;                 ;               ;               ;         ;            ;                 ;               ;               ;     ;            ;                 ;               ;               ;     ;            ;                 ;               ;               ;     ;            ;                 ;           ;         ;          ;            ;           ;                 ; 2507070A3HS008
A3-HS      ; 08/04/2025 11:16:52; 20250804111652797;              1;        1; IM           ; IM           ; LATEXOR Fosco                  ; LATEXOR Fosco                  ; TINTA BASE BM                   ; TINTA BASE BM;                        ;                        ; VERGINIA    ;        ; CURITIBA;        ;      ;        ;        0;              150   ;        0.15  ; L       ;            2; DefaultPaintType;               0; 05/08/2025 08:52:23; FORMULA PARA CONTROLE DE BASES BM TINTAS             ;        ; 0     ;                                                                                                                   ;     ; BE            ; BE            ; 10485760;       6    ;            6    ; BA            ; BA            ; 16777215;       3    ;            3    ;               ;               ;         ;            ;                 ;               ;               ;         ;            ;                 ;               ;               ;     ;            ;                 ;               ;               ;     ;            ;                 ;               ;               ;     ;            ;                 ;           ;         ;          ;            ;           ;                 ; 2507070A3HS008
A3-HS      ; 08/01/2025 11:44:52; 20250801114452185;              1;        1; B            ; B            ; Verginia ESMALTE h2o BRILHANTE ; Verginia ESMALTE h2o BRILHANTE ; EMERAUDE VB 59-4106             ; VB 59-4106   ; VERGINIA Phenix        ; VERGINIA Phenix        ;             ;        ;         ;        ;      ;        ; 10002432;              800   ;        0.8   ; L       ;            1; DefaultPaintType;               0; 06/26/2025 00:00:00;                                                      ;        ; 0     ;                                                                                                                   ;     ; BE            ; BE            ; 10485760;       9.463;            9.463; BA            ; BA            ; 16777215;      10.683;           10.683; NO            ; NO            ;        0;       0.871;            0.871; VR            ; VR            ;    26112;      27.616;           27.616;               ;               ;     ;            ;                 ;               ;               ;     ;            ;                 ;               ;               ;     ;            ;                 ;           ;         ;          ;            ;           ;                 ; 2507070A3HS008
A3-HS      ; 08/01/2025 10:44:46; 20250801104446626;              1;        1; IM           ; IM           ; LATEXOR Fosco                  ; LATEXOR Fosco                  ; TINTA BASE BM                   ; TINTA BASE BM;                        ;                        ; VERGINIA    ;        ; CURITIBA;        ;      ;        ;        0;              150   ;        0.15  ; L       ;            2; DefaultPaintType;               0; 05/08/2025 08:52:23; FORMULA PARA CONTROLE DE BASES BM TINTAS             ;        ; 0     ;                                                                                                                   ;     ; BE            ; BE            ; 10485760;       6    ;            6    ; BA            ; BA            ; 16777215;       3    ;            3    ;               ;               ;         ;            ;                 ;               ;               ;         ;            ;                 ;               ;               ;     ;            ;                 ;               ;               ;     ;            ;                 ;               ;               ;     ;            ;                 ;           ;         ;          ;            ;           ;                 ; 2507070A3HS008
A3-HS      ; 08/01/2025 10:43:30; 20250801104330954;              1;        1; IM           ; IM           ; LATEXOR Fosco                  ; LATEXOR Fosco                  ; TINTA BASE BM                   ; TINTA BASE BM;                        ;                        ; VERGINIA    ;        ; CURITIBA;        ;      ;        ;        0;              150   ;        0.15  ; L       ;            2; DefaultPaintType;               0; 05/08/2025 08:52:23; FORMULA PARA CONTROLE DE BASES BM TINTAS             ;        ; 0     ;                                                                                                                   ;     ; BE            ; BE            ; 10485760;       6    ;            6    ; BA            ; BA            ; 16777215;       3    ;            3    ;               ;               ;         ;            ;                 ;               ;               ;         ;            ;                 ;               ;               ;     ;            ;                 ;               ;               ;     ;            ;                 ;               ;               ;     ;            ;                 ;           ;         ;          ;            ;           ;                 ; 2507070A3HS008
A3-HS      ; 07/31/2025 17:32:57; 20250731173257387;              1;        1; C            ; C            ; Verginia ESMALTE h2o BRILHANTE ; Verginia ESMALTE h2o BRILHANTE ; BRASIER JR 68-4563              ; JR 68-4563   ; VERGINIA Phenix        ; VERGINIA Phenix        ;             ;        ;         ;        ;      ;        ;  3047935;              800   ;        0.8   ; L       ;            1; DefaultPaintType;               0; 06/26/2025 00:00:00;                                                      ;        ; 0     ;                                                                                                                   ;     ; BA            ; BA            ; 16777215;       2.902;            2.902; OP            ; OP            ;  3373284;      77.288;           77.288; JV            ; JV            ;    59135;       9.062;            9.062;               ;               ;         ;            ;                 ;               ;               ;     ;            ;                 ;               ;               ;     ;            ;                 ;               ;               ;     ;            ;                 ;           ;         ;          ;            ;           ;                 ; 2507070A3HS008
A3-HS      ; 07/30/2025 11:51:35; 20250730115135157;              1;        1;              ;              ;                                ;                                ;                                 ;              ;                        ;                        ;             ;        ;         ;        ;      ;        ; 16711680;                0   ;        1     ; L       ;            3; DefaultPaintType;               0; 07/30/2025 11:51:35;                                                      ;        ; 0     ;                                                                                                                   ;     ; JO            ; JO            ;    39372;       7.299;            7.299; RH            ; RH            ;     9366;       1.072;            1.072; NO            ; NO            ;        0;       5.968;            5.968;               ;               ;         ;            ;                 ;               ;               ;     ;            ;                 ;               ;               ;     ;            ;                 ;               ;               ;     ;            ;                 ;           ;         ;          ;            ;           ;                 ; 2507070A3HS008
A3-HS      ; 07/30/2025 11:49:23; 20250730114923885;              1;        1;              ;              ;                                ;                                ;                                 ;              ;                        ;                        ;             ;        ;         ;        ;      ;        ; 16711680;                0   ;        1     ; L       ;            3; DefaultPaintType;               0; 07/30/2025 11:49:23;                                                      ;        ; 0     ;                                                                                                                   ;     ; JO            ; JO            ;    39372;       7.368;            7.368; JP            ; JP            ;    56575;       4.325;            4.325; VR            ; VR            ;    26112;       1.868;            1.868;               ;               ;         ;            ;                 ;               ;               ;     ;            ;                 ;               ;               ;     ;            ;                 ;               ;               ;     ;            ;                 ;           ;         ;          ;            ;           ;                 ; 2507070A3HS008
A3-HS      ; 07/30/2025 11:47:15; 20250730114715398;              1;        1;              ;              ;                                ;                                ;                                 ;              ;                        ;                        ;             ;        ;         ;        ;      ;        ; 16711680;                0   ;        1     ; L       ;            3; DefaultPaintType;               0; 07/30/2025 11:47:15;                                                      ;        ; 0     ;                                                                                                                   ;     ; BE            ; BE            ; 10485760;       4.326;            4.326; NO            ; NO            ;        0;       5.885;            5.885; VI            ; VI            ;  5189455;       3.289;            3.289;               ;               ;         ;            ;                 ;               ;               ;     ;            ;                 ;               ;               ;     ;            ;                 ;               ;               ;     ;            ;                 ;           ;         ;          ;            ;           ;                 ; 2507070A3HS008
A3-HS      ; 07/30/2025 11:44:12; 20250730114412326;              1;        1;              ;              ;                                ;                                ;                                 ;              ;                        ;                        ;             ;        ;         ;        ;      ;        ; 16711680;                0   ;        1     ; L       ;            3; DefaultPaintType;               0; 07/30/2025 11:44:12;                                                      ;        ; 0     ;                                                                                                                   ;     ; BE            ; BE            ; 10485760;       4.2  ;            4.2  ; NO            ; NO            ;        0;       1.176;            1.176; VI            ; VI            ;  5189455;       2    ;            2    ;               ;               ;         ;            ;                 ;               ;               ;     ;            ;                 ;               ;               ;     ;            ;                 ;               ;               ;     ;            ;                 ;           ;         ;          ;            ;           ;                 ; 2507070A3HS008
A3-HS      ; 07/30/2025 11:42:01; 20250730114201334;              1;        1;              ;              ;                                ;                                ;                                 ;              ;                        ;                        ;             ;        ;         ;        ;      ;        ; 16711680;                0   ;        1     ; L       ;            3; DefaultPaintType;               0; 07/30/2025 11:42:01;                                                      ;        ; 0     ;                                                                                                                   ;     ; BE            ; BE            ; 10485760;       0.145;            0.145; NO            ; NO            ;        0;       0.114;            0.114; VI            ; VI            ;  5189455;       0.252;            0.252;               ;               ;         ;            ;                 ;               ;               ;     ;            ;                 ;               ;               ;     ;            ;                 ;               ;               ;     ;            ;                 ;           ;         ;          ;            ;           ;                 ; 2507070A3HS008
A3-HS      ; 07/30/2025 11:39:41; 20250730113941552;              1;        1;              ;              ;                                ;                                ;                                 ;              ;                        ;                        ;             ;        ;         ;        ;      ;        ; 16711680;                0   ;        1     ; L       ;            3; DefaultPaintType;               0; 07/30/2025 11:39:41;                                                      ;        ; 0     ;                                                                                                                   ;     ; JO            ; JO            ;    39372;       0.819;            0.819; RH            ; RH            ;     9366;       0.128;            0.128; NO            ; NO            ;        0;       0.054;            0.054;               ;               ;         ;            ;                 ;               ;               ;     ;            ;                 ;               ;               ;     ;            ;                 ;               ;               ;     ;            ;                 ;           ;         ;          ;            ;           ;                 ; 2507070A3HS008
A3-HS      ; 07/30/2025 11:37:09; 20250730113709224;              1;        1;              ;              ;                                ;                                ;                                 ;              ;                        ;                        ;             ;        ;         ;        ;      ;        ; 16711680;                0   ;        1     ; L       ;            3; DefaultPaintType;               0; 07/30/2025 11:37:09;                                                      ;        ; 0     ;                                                                                                                   ;     ; JO            ; JO            ;    39372;       1.272;            1.272; JP            ; JP            ;    56575;       6.3  ;            6.3  ; VR            ; VR            ;    26112;       0.259;            0.259;               ;               ;         ;            ;                 ;               ;               ;     ;            ;                 ;               ;               ;     ;            ;                 ;               ;               ;     ;            ;                 ;           ;         ;          ;            ;           ;                 ; 2507070A3HS008
A3-HS      ; 07/30/2025 11:34:37; 20250730113437516;              1;        1;              ;              ;                                ;                                ;                                 ;              ;                        ;                        ;             ;        ;         ;        ;      ;        ; 16711680;                0   ;        1     ; L       ;            3; DefaultPaintType;               0; 07/30/2025 11:34:37;                                                      ;        ; 0     ;                                                                                                                   ;     ; RP            ; RP            ;      255;       0.784;            0.784; MA            ; MA            ;  1513356;       0.214;            0.214;               ;               ;         ;            ;                 ;               ;               ;         ;            ;                 ;               ;               ;     ;            ;                 ;               ;               ;     ;            ;                 ;               ;               ;     ;            ;                 ;           ;         ;          ;            ;           ;                 ; 2507070A3HS008
A3-HS      ; 07/30/2025 10:42:05; 20250730104205336;              1;        1; B            ; B            ; Verginia EMBORRACHADO          ; Verginia EMBORRACHADO          ; TERRE DU TECH JR 65-0616        ; JR 65-0616   ; VERGINIA Phenix        ; VERGINIA Phenix        ;             ;        ;         ;        ;      ;        ;  8493490;              800   ;        0.8   ; L       ;            1; DefaultPaintType;               0; 06/26/2025 00:00:00;                                                      ;        ; 0     ;                                                                                                                   ;     ; BA            ; BA            ; 16777215;      31.111;           31.111; JO            ; JO            ;    39372;      20.662;           20.662; RH            ; RH            ;     9366;       2.993;            2.993; NO            ; NO            ;        0;       8.277;            8.277;               ;               ;     ;            ;                 ;               ;               ;     ;            ;                 ;               ;               ;     ;            ;                 ;           ;         ;          ;            ;           ;                 ; 2507070A3HS008
A3-HS      ; 07/30/2025 10:37:27; 20250730103727065;              1;        1; B            ; B            ; Verginia EMBORRACHADO          ; Verginia EMBORRACHADO          ; BOIS DE HETRE JR 78-0242        ; JR 78-0242   ; VERGINIA Phenix        ; VERGINIA Phenix        ;             ;        ;         ;        ;      ;        ;  7585502;              800   ;        0.8   ; L       ;            1; DefaultPaintType;               0; 06/26/2025 00:00:00;                                                      ;        ; 0     ;                                                                                                                   ;     ; BA            ; BA            ; 16777215;      11.068;           11.068; JO            ; JO            ;    39372;      14.298;           14.298; NO            ; NO            ;        0;       0.793;            0.793; JP            ; JP            ;    56575;      25.307;           25.307;               ;               ;     ;            ;                 ;               ;               ;     ;            ;                 ;               ;               ;     ;            ;                 ;           ;         ;          ;            ;           ;                 ; 2507070A3HS008
A3-HS      ; 07/30/2025 10:34:00; 20250730103400484;              1;        1; B            ; B            ; Verginia EMBORRACHADO          ; Verginia EMBORRACHADO          ; NAUTILE VB 57-3614              ; VB 57-3614   ; VERGINIA Phenix        ; VERGINIA Phenix        ;             ;        ;         ;        ;      ;        ; 10525696;              800   ;        0.8   ; L       ;            1; DefaultPaintType;               0; 06/26/2025 00:00:00;                                                      ;        ; 0     ;                                                                                                                   ;     ; BE            ; BE            ; 10485760;      19.875;           19.875; BA            ; BA            ; 16777215;      12.771;           12.771; NO            ; NO            ;        0;       0.94 ;            0.94 ; VR            ; VR            ;    26112;      23.311;           23.311;               ;               ;     ;            ;                 ;               ;               ;     ;            ;                 ;               ;               ;     ;            ;                 ;           ;         ;          ;            ;           ;                 ; 2507070A3HS008
A3-HS      ; 07/30/2025 08:50:04; 20250730085004792;              1;        1; IM           ; IM           ; LATEXOR Fosco                  ; LATEXOR Fosco                  ; TINTA BASE BM                   ; TINTA BASE BM;                        ;                        ; VERGINIA    ;        ; CURITIBA;        ;      ;        ;        0;              150   ;        0.15  ; L       ;            2; DefaultPaintType;               0; 05/08/2025 08:52:23; FORMULA PARA CONTROLE DE BASES BM TINTAS             ;        ; 0     ;                                                                                                                   ;     ; BE            ; BE            ; 10485760;       6    ;            6    ; BA            ; BA            ; 16777215;       3    ;            3    ;               ;               ;         ;            ;                 ;               ;               ;         ;            ;                 ;               ;               ;     ;            ;                 ;               ;               ;     ;            ;                 ;               ;               ;     ;            ;                 ;           ;         ;          ;            ;           ;                 ; 2507070A3HS008
A3-HS      ; 07/30/2025 08:19:34; 20250730081934064;              1;        1;              ;              ;                                ;                                ;                                 ;              ;                        ;                        ;             ;        ;         ;        ;      ;        ; 16711680;                0   ;        1     ; L       ;            3; DefaultPaintType;               0; 07/30/2025 08:19:34;                                                      ;        ; 0     ;                                                                                                                   ;     ; RH            ; RH            ;     9366;       0.046;            0.046; NO            ; NO            ;        0;       0.385;            0.385; MA            ; MA            ;  1513356;       1.178;            1.178;               ;               ;         ;            ;                 ;               ;               ;     ;            ;                 ;               ;               ;     ;            ;                 ;               ;               ;     ;            ;                 ;           ;         ;          ;            ;           ;                 ; 2507070A3HS008
A3-HS      ; 07/30/2025 08:17:33; 20250730081733027;              1;        1;              ;              ;                                ;                                ;                                 ;              ;                        ;                        ;             ;        ;         ;        ;      ;        ; 16711680;                0   ;        1     ; L       ;            3; DefaultPaintType;               0; 07/30/2025 08:17:33;                                                      ;        ; 0     ;                                                                                                                   ;     ; JO            ; JO            ;    39372;       0.315;            0.315; NO            ; NO            ;        0;       0.061;            0.061; VR            ; VR            ;    26112;       1.149;            1.149;               ;               ;         ;            ;                 ;               ;               ;     ;            ;                 ;               ;               ;     ;            ;                 ;               ;               ;     ;            ;                 ;           ;         ;          ;            ;           ;                 ; 2507070A3HS008
A3-HS      ; 07/30/2025 08:15:30; 20250730081530475;              1;        1;              ;              ;                                ;                                ;                                 ;              ;                        ;                        ;             ;        ;         ;        ;      ;        ; 16711680;                0   ;        1     ; L       ;            3; DefaultPaintType;               0; 07/30/2025 08:15:30;                                                      ;        ; 0     ;                                                                                                                   ;     ; RH            ; RH            ;     9366;       0.169;            0.169; OP            ; OP            ;  3373284;       1.837;            1.837; RP            ; RP            ;      255;       1.029;            1.029;               ;               ;         ;            ;                 ;               ;               ;     ;            ;                 ;               ;               ;     ;            ;                 ;               ;               ;     ;            ;                 ;           ;         ;          ;            ;           ;                 ; 2507070A3HS008
A3-HS      ; 07/30/2025 08:13:07; 20250730081307829;              1;        1;              ;              ;                                ;                                ;                                 ;              ;                        ;                        ;             ;        ;         ;        ;      ;        ; 16711680;                0   ;        1     ; L       ;            3; DefaultPaintType;               0; 07/30/2025 08:13:07;                                                      ;        ; 0     ;                                                                                                                   ;     ; BE            ; BE            ; 10485760;       0.358;            0.358; NO            ; NO            ;        0;       0.135;            0.135; VI            ; VI            ;  5189455;       1.04 ;            1.04 ;               ;               ;         ;            ;                 ;               ;               ;     ;            ;                 ;               ;               ;     ;            ;                 ;               ;               ;     ;            ;                 ;           ;         ;          ;            ;           ;                 ; 2507070A3HS008
A3-HS      ; 07/29/2025 17:56:52; 20250729175652474;              1;        1; IM           ; IM           ; LATEXOR Fosco                  ; LATEXOR Fosco                  ; TINTA BASE BM                   ; TINTA BASE BM;                        ;                        ; VERGINIA    ;        ; CURITIBA;        ;      ;        ;        0;              150   ;        0.15  ; L       ;            2; DefaultPaintType;               0; 05/08/2025 08:52:23; FORMULA PARA CONTROLE DE BASES BM TINTAS             ;        ; 0     ;                                                                                                                   ;     ; BE            ; BE            ; 10485760;       6    ;            6    ; BA            ; BA            ; 16777215;       3    ;            3    ;               ;               ;         ;            ;                 ;               ;               ;         ;            ;                 ;               ;               ;     ;            ;                 ;               ;               ;     ;            ;                 ;               ;               ;     ;            ;                 ;           ;         ;          ;            ;           ;                 ; 2507070A3HS008
A3-HS      ; 07/29/2025 16:41:03; 20250729164103071;              1;        1;              ;              ;                                ;                                ;                                 ;              ;                        ;                        ;             ;        ;         ;        ;      ;        ; 16711680;                0   ;        1     ; L       ;            3; DefaultPaintType;               0; 07/29/2025 16:41:03;                                                      ;        ; 0     ;                                                                                                                   ;     ; OP            ; OP            ;  3373284;      96.48 ;           96.48 ; RV            ; RV            ;      255;      10.61 ;           10.61 ;               ;               ;         ;            ;                 ;               ;               ;         ;            ;                 ;               ;               ;     ;            ;                 ;               ;               ;     ;            ;                 ;               ;               ;     ;            ;                 ;           ;         ;          ;            ;           ;                 ; 2507070A3HS008
A3-HS      ; 07/29/2025 16:39:12; 20250729163912136;              1;        1;              ;              ;                                ;                                ;                                 ;              ;                        ;                        ;             ;        ;         ;        ;      ;        ; 16711680;                0   ;        1     ; L       ;            3; DefaultPaintType;               0; 07/29/2025 16:39:12;                                                      ;        ; 0     ;                                                                                                                   ;     ; BA            ; BA            ; 16777215;      17.13 ;           17.13 ; NO            ; NO            ;        0;       9.13 ;            9.13 ; MA            ; MA            ;  1513356;      72.32 ;           72.32 ;               ;               ;         ;            ;                 ;               ;               ;     ;            ;                 ;               ;               ;     ;            ;                 ;               ;               ;     ;            ;                 ;           ;         ;          ;            ;           ;                 ; 2507070A3HS008
A3-HS      ; 07/29/2025 16:35:07; 20250729163507608;              1;        1;              ;              ;                                ;                                ;                                 ;              ;                        ;                        ;             ;        ;         ;        ;      ;        ; 16711680;                0   ;        1     ; L       ;            3; DefaultPaintType;               0; 07/29/2025 16:35:07;                                                      ;        ; 0     ;                                                                                                                   ;     ; BA            ; BA            ; 16777215;       1.807;            1.807; JO            ; JO            ;    39372;      34.16 ;           34.16 ; RH            ; RH            ;     9366;       0.46 ;            0.46 ; OP            ; OP            ;  3373284;      70.66 ;           70.66 ;               ;               ;     ;            ;                 ;               ;               ;     ;            ;                 ;               ;               ;     ;            ;                 ;           ;         ;          ;            ;           ;                 ; 2507070A3HS008
A3-HS      ; 07/29/2025 16:32:47; 20250729163247177;              1;        1;              ;              ;                                ;                                ;                                 ;              ;                        ;                        ;             ;        ;         ;        ;      ;        ; 16711680;                0   ;        1     ; L       ;            3; DefaultPaintType;               0; 07/29/2025 16:32:47;                                                      ;        ; 0     ;                                                                                                                   ;     ; BA            ; BA            ; 16777215;       1.61 ;            1.61 ; OP            ; OP            ;  3373284;      25.94 ;           25.94 ; RV            ; RV            ;      255;      79.11 ;           79.11 ;               ;               ;         ;            ;                 ;               ;               ;     ;            ;                 ;               ;               ;     ;            ;                 ;               ;               ;     ;            ;                 ;           ;         ;          ;            ;           ;                 ; 2507070A3HS008
A3-HS      ; 07/29/2025 16:28:53; 20250729162853421;              1;        1;              ;              ;                                ;                                ;                                 ;              ;                        ;                        ;             ;        ;         ;        ;      ;        ; 16711680;                0   ;        1     ; L       ;            3; DefaultPaintType;               0; 07/29/2025 16:28:53;                                                      ;        ; 0     ;                                                                                                                   ;     ; BE            ; BE            ; 10485760;      95.75 ;           95.75 ; BA            ; BA            ; 16777215;       1.89 ;            1.89 ; NO            ; NO            ;        0;       0.301;            0.301;               ;               ;         ;            ;                 ;               ;               ;     ;            ;                 ;               ;               ;     ;            ;                 ;               ;               ;     ;            ;                 ;           ;         ;          ;            ;           ;                 ; 2507070A3HS008
A3-HS      ; 07/29/2025 16:26:34; 20250729162634873;              1;        1;              ;              ;                                ;                                ;                                 ;              ;                        ;                        ;             ;        ;         ;        ;      ;        ; 16711680;                0   ;        1     ; L       ;            3; DefaultPaintType;               0; 07/29/2025 16:26:34;                                                      ;        ; 0     ;                                                                                                                   ;     ; BA            ; BA            ; 16777215;       6.8  ;            6.8  ; NO            ; NO            ;        0;       0.15 ;            0.15 ; MA            ; MA            ;  1513356;      56.01 ;           56.01 ; RV            ; RV            ;      255;      35.2  ;           35.2  ;               ;               ;     ;            ;                 ;               ;               ;     ;            ;                 ;               ;               ;     ;            ;                 ;           ;         ;          ;            ;           ;                 ; 2507070A3HS008
A3-HS      ; 07/29/2025 16:23:57; 20250729162357811;              1;        1;              ;              ;                                ;                                ;                                 ;              ;                        ;                        ;             ;        ;         ;        ;      ;        ; 16711680;                0   ;        1     ; L       ;            3; DefaultPaintType;               0; 07/29/2025 16:23:57;                                                      ;        ; 0     ;                                                                                                                   ;     ; BE            ; BE            ; 10485760;      12.15 ;           12.15 ; BA            ; BA            ; 16777215;      44.15 ;           44.15 ; NO            ; NO            ;        0;       3.235;            3.235; VR            ; VR            ;    26112;      38.23 ;           38.23 ;               ;               ;     ;            ;                 ;               ;               ;     ;            ;                 ;               ;               ;     ;            ;                 ;           ;         ;          ;            ;           ;                 ; 2507070A3HS008
A3-HS      ; 07/29/2025 16:19:45; 20250729161945547;              1;        1;              ;              ;                                ;                                ;                                 ;              ;                        ;                        ;             ;        ;         ;        ;      ;        ; 16711680;                0   ;        1     ; L       ;            3; DefaultPaintType;               0; 07/29/2025 16:19:45;                                                      ;        ; 0     ;                                                                                                                   ;     ; BA            ; BA            ; 16777215;       3.07 ;            3.07 ; JO            ; JO            ;    39372;      17.28 ;           17.28 ; NO            ; NO            ;        0;       0.873;            0.873; PV            ; PV            ;    65535;      76.94 ;           76.94 ;               ;               ;     ;            ;                 ;               ;               ;     ;            ;                 ;               ;               ;     ;            ;                 ;           ;         ;          ;            ;           ;                 ; 2507070A3HS008
A3-HS      ; 07/29/2025 16:04:10; 20250729160410910;              1;        1;              ;              ;                                ;                                ;                                 ;              ;                        ;                        ;             ;        ;         ;        ;      ;        ; 16711680;                0   ;        1     ; L       ;            3; DefaultPaintType;               0; 07/29/2025 16:04:10;                                                      ;        ; -1    ; Abort : Abort Job                                                                                                 ;     ; BA            ; BA            ; 16777215;      27.223;           27.223; NO            ; NO            ;        0;       0.6  ;            0    ; MA            ; MA            ;  1513356;     224.061;           97.872; RV            ; RV            ;      255;     140.081;          140.081;               ;               ;     ;            ;                 ;               ;               ;     ;            ;                 ;               ;               ;     ;            ;                 ;           ;         ;          ;            ;           ;                 ; 2507070A3HS008
A3-HS      ; 07/21/2025 15:18:57; 20250721151857483;              1;        1; IM           ; IM           ; LATEXOR Fosco                  ; LATEXOR Fosco                  ; TINTA BASE BM                   ; TINTA BASE BM;                        ;                        ; VERGINIA    ;        ; CURITIBA;        ;      ;        ;        0;              150   ;        0.15  ; L       ;            2; DefaultPaintType;               0; 05/08/2025 08:52:23; FORMULA PARA CONTROLE DE BASES BM TINTAS             ;        ; 0     ;                                                                                                                   ;     ; BE            ; BE            ; 10485760;       6    ;            6    ; BA            ; BA            ; 16777215;       3    ;            3    ;               ;               ;         ;            ;                 ;               ;               ;         ;            ;                 ;               ;               ;     ;            ;                 ;               ;               ;     ;            ;                 ;               ;               ;     ;            ;                 ;           ;         ;          ;            ;           ;                 ; 2507070A3HS008
A3-HS      ; 07/21/2025 15:17:57; 20250721151757826;              1;        1; AP           ; AP           ; LATEXOR Fosco                  ; LATEXOR Fosco                  ; TINTA BASE AP                   ; TINTA BASE AP;                        ;                        ; VERGINIA    ;        ; CURITIBA;        ;      ;        ;        0;              150   ;        0.15  ; L       ;            2; DefaultPaintType;               0; 05/08/2025 08:48:47; FORMULA PARA CONTROLE DE QUALIDADE DE BASES AP TINTAS;        ; 0     ;                                                                                                                   ;     ; BE            ; BE            ; 10485760;       5    ;            5    ;               ;               ;         ;            ;                 ;               ;               ;         ;            ;                 ;               ;               ;         ;            ;                 ;               ;               ;     ;            ;                 ;               ;               ;     ;            ;                 ;               ;               ;     ;            ;                 ;           ;         ;          ;            ;           ;                 ; 2507070A3HS008
A3-HS      ; 07/21/2025 14:44:35; 20250721144435417;              1;        1; IM           ; IM           ; LATEXOR Fosco                  ; LATEXOR Fosco                  ; TINTA BASE BM                   ; TINTA BASE BM;                        ;                        ; VERGINIA    ;        ; CURITIBA;        ;      ;        ;        0;              150   ;        0.15  ; L       ;            2; DefaultPaintType;               0; 05/08/2025 08:52:23; FORMULA PARA CONTROLE DE BASES BM TINTAS             ;        ; 0     ;                                                                                                                   ;     ; BE            ; BE            ; 10485760;       6    ;            6    ; BA            ; BA            ; 16777215;       3    ;            3    ;               ;               ;         ;            ;                 ;               ;               ;         ;            ;                 ;               ;               ;     ;            ;                 ;               ;               ;     ;            ;                 ;               ;               ;     ;            ;                 ;           ;         ;          ;            ;           ;                 ; 2507070A3HS008
A3-HS      ; 07/21/2025 14:43:39; 20250721144339497;              1;        1; AP           ; AP           ; LATEXOR Fosco                  ; LATEXOR Fosco                  ; TINTA BASE AP                   ; TINTA BASE AP;                        ;                        ; VERGINIA    ;        ; CURITIBA;        ;      ;        ;        0;              150   ;        0.15  ; L       ;            2; DefaultPaintType;               0; 05/08/2025 08:48:47; FORMULA PARA CONTROLE DE QUALIDADE DE BASES AP TINTAS;        ; 0     ;                                                                                                                   ;     ; BE            ; BE            ; 10485760;       5    ;            5    ;               ;               ;         ;            ;                 ;               ;               ;         ;            ;                 ;               ;               ;         ;            ;                 ;               ;               ;     ;            ;                 ;               ;               ;     ;            ;                 ;               ;               ;     ;            ;                 ;           ;         ;          ;            ;           ;                 ; 2507070A3HS008
A3-HS      ; 07/21/2025 13:41:10; 20250721134110166;              1;        1; AP           ; AP           ; LATEXOR Fosco                  ; LATEXOR Fosco                  ; TINTA BASE AP                   ; TINTA BASE AP;                        ;                        ; VERGINIA    ;        ; CURITIBA;        ;      ;        ;        0;              150   ;        0.15  ; L       ;            2; DefaultPaintType;               0; 05/08/2025 08:48:47; FORMULA PARA CONTROLE DE QUALIDADE DE BASES AP TINTAS;        ; 0     ;                                                                                                                   ;     ; BE            ; BE            ; 10485760;       5    ;            5    ;               ;               ;         ;            ;                 ;               ;               ;         ;            ;                 ;               ;               ;         ;            ;                 ;               ;               ;     ;            ;                 ;               ;               ;     ;            ;                 ;               ;               ;     ;            ;                 ;           ;         ;          ;            ;           ;                 ; 2507070A3HS008
A3-HS      ; 07/21/2025 13:40:04; 20250721134004374;              1;        1; AP           ; AP           ; LATEXOR Fosco                  ; LATEXOR Fosco                  ; TINTA BASE AP                   ; TINTA BASE AP;                        ;                        ; VERGINIA    ;        ; CURITIBA;        ;      ;        ;        0;              150   ;        0.15  ; L       ;            2; DefaultPaintType;               0; 05/08/2025 08:48:47; FORMULA PARA CONTROLE DE QUALIDADE DE BASES AP TINTAS;        ; 0     ;                                                                                                                   ;     ; BE            ; BE            ; 10485760;       5    ;            5    ;               ;               ;         ;            ;                 ;               ;               ;         ;            ;                 ;               ;               ;         ;            ;                 ;               ;               ;     ;            ;                 ;               ;               ;     ;            ;                 ;               ;               ;     ;            ;                 ;           ;         ;          ;            ;           ;                 ; 2507070A3HS008
A3-HS      ; 07/21/2025 11:17:12; 20250721111712117;              1;        1; IM           ; IM           ; LATEXOR Fosco                  ; LATEXOR Fosco                  ; TINTA BASE BM                   ; TINTA BASE BM;                        ;                        ; VERGINIA    ;        ; CURITIBA;        ;      ;        ;        0;              150   ;        0.15  ; L       ;            2; DefaultPaintType;               0; 05/08/2025 08:52:23; FORMULA PARA CONTROLE DE BASES BM TINTAS             ;        ; 0     ;                                                                                                                   ;     ; BE            ; BE            ; 10485760;       6    ;            6    ; BA            ; BA            ; 16777215;       3    ;            3    ;               ;               ;         ;            ;                 ;               ;               ;         ;            ;                 ;               ;               ;     ;            ;                 ;               ;               ;     ;            ;                 ;               ;               ;     ;            ;                 ;           ;         ;          ;            ;           ;                 ; 2507070A3HS008
A3-HS      ; 07/21/2025 11:15:46; 20250721111546772;              1;        1; AP           ; AP           ; LATEXOR Fosco                  ; LATEXOR Fosco                  ; TINTA BASE AP                   ; TINTA BASE AP;                        ;                        ; VERGINIA    ;        ; CURITIBA;        ;      ;        ;        0;              150   ;        0.15  ; L       ;            2; DefaultPaintType;               0; 05/08/2025 08:48:47; FORMULA PARA CONTROLE DE QUALIDADE DE BASES AP TINTAS;        ; 0     ;                                                                                                                   ;     ; BE            ; BE            ; 10485760;       5    ;            5    ;               ;               ;         ;            ;                 ;               ;               ;         ;            ;                 ;               ;               ;         ;            ;                 ;               ;               ;     ;            ;                 ;               ;               ;     ;            ;                 ;               ;               ;     ;            ;                 ;           ;         ;          ;            ;           ;                 ; 2507070A3HS008
A3-HS      ; 07/21/2025 11:15:27; 20250721111527964;              1;        1; AP           ; AP           ; LATEXOR Fosco                  ; LATEXOR Fosco                  ; TINTA BASE AP                   ; TINTA BASE AP;                        ;                        ; VERGINIA    ;        ; CURITIBA;        ;      ;        ;        0;              150   ;        0.15  ; L       ;            2; DefaultPaintType;               0; 05/08/2025 08:48:47; FORMULA PARA CONTROLE DE QUALIDADE DE BASES AP TINTAS;        ; -1    ; E18 : Base-paint canister has been moved away Please don't move base-paint canister before dispensing is finished.;     ; BE            ; BE            ; 10485760;       5    ;            0    ;               ;               ;         ;            ;                 ;               ;               ;         ;            ;                 ;               ;               ;         ;            ;                 ;               ;               ;     ;            ;                 ;               ;               ;     ;            ;                 ;               ;               ;     ;            ;                 ;           ;         ;          ;            ;           ;                 ; 2507070A3HS008
A3-HS      ; 07/21/2025 10:26:12; 20250721102612054;              1;        1; IM           ; IM           ; LATEXOR Fosco                  ; LATEXOR Fosco                  ; TINTA BASE BM                   ; TINTA BASE BM;                        ;                        ; VERGINIA    ;        ; CURITIBA;        ;      ;        ;        0;              150   ;        0.15  ; L       ;            2; DefaultPaintType;               0; 05/08/2025 08:52:23; FORMULA PARA CONTROLE DE BASES BM TINTAS             ;        ; 0     ;                                                                                                                   ;     ; BE            ; BE            ; 10485760;       6    ;            6    ; BA            ; BA            ; 16777215;       3    ;            3    ;               ;               ;         ;            ;                 ;               ;               ;         ;            ;                 ;               ;               ;     ;            ;                 ;               ;               ;     ;            ;                 ;               ;               ;     ;            ;                 ;           ;         ;          ;            ;           ;                 ; 2507070A3HS008
A3-HS      ; 07/21/2025 10:23:02; 20250721102302366;              1;        1; AP           ; AP           ; LATEXOR Fosco                  ; LATEXOR Fosco                  ; TINTA BASE AP                   ; TINTA BASE AP;                        ;                        ; VERGINIA    ;        ; CURITIBA;        ;      ;        ;        0;              150   ;        0.15  ; L       ;            2; DefaultPaintType;               0; 05/08/2025 08:48:47; FORMULA PARA CONTROLE DE QUALIDADE DE BASES AP TINTAS;        ; 0     ;                                                                                                                   ;     ; BE            ; BE            ; 10485760;       5    ;            5    ;               ;               ;         ;            ;                 ;               ;               ;         ;            ;                 ;               ;               ;         ;            ;                 ;               ;               ;     ;            ;                 ;               ;               ;     ;            ;                 ;               ;               ;     ;            ;                 ;           ;         ;          ;            ;           ;                 ; 2507070A3HS008
A3-HS      ; 07/21/2025 10:22:32; 20250721102232542;              1;        1; AP           ; AP           ; LATEXOR Fosco                  ; LATEXOR Fosco                  ; TINTA BASE AP                   ; TINTA BASE AP;                        ;                        ; VERGINIA    ;        ; CURITIBA;        ;      ;        ;        0;              150   ;        0.15  ; L       ;            2; DefaultPaintType;               0; 05/08/2025 08:48:47; FORMULA PARA CONTROLE DE QUALIDADE DE BASES AP TINTAS;        ; -1    ; E18 : Base-paint canister has been moved away Please don't move base-paint canister before dispensing is finished.;     ; BE            ; BE            ; 10485760;       5    ;            0    ;               ;               ;         ;            ;                 ;               ;               ;         ;            ;                 ;               ;               ;         ;            ;                 ;               ;               ;     ;            ;                 ;               ;               ;     ;            ;                 ;               ;               ;     ;            ;                 ;           ;         ;          ;            ;           ;                 ; 2507070A3HS008
A3-HS      ; 07/21/2025 08:41:13; 20250721084113467;              1;        1; IM           ; IM           ; LATEXOR Fosco                  ; LATEXOR Fosco                  ; TINTA BASE BM                   ; TINTA BASE BM;                        ;                        ; VERGINIA    ;        ; CURITIBA;        ;      ;        ;        0;              150   ;        0.15  ; L       ;            2; DefaultPaintType;               0; 05/08/2025 08:52:23; FORMULA PARA CONTROLE DE BASES BM TINTAS             ;        ; 0     ;                                                                                                                   ;     ; BE            ; BE            ; 10485760;       6    ;            6    ; BA            ; BA            ; 16777215;       3    ;            3    ;               ;               ;         ;            ;                 ;               ;               ;         ;            ;                 ;               ;               ;     ;            ;                 ;               ;               ;     ;            ;                 ;               ;               ;     ;            ;                 ;           ;         ;          ;            ;           ;                 ; 2507070A3HS008
A3-HS      ; 07/21/2025 08:33:25; 20250721083325061;              1;        1; AP           ; AP           ; LATEXOR Fosco                  ; LATEXOR Fosco                  ; TINTA BASE AP                   ; TINTA BASE AP;                        ;                        ; VERGINIA    ;        ; CURITIBA;        ;      ;        ;        0;              150   ;        0.15  ; L       ;            2; DefaultPaintType;               0; 05/08/2025 08:48:47; FORMULA PARA CONTROLE DE QUALIDADE DE BASES AP TINTAS;        ; 0     ;                                                                                                                   ;     ; BE            ; BE            ; 10485760;       5    ;            5    ;               ;               ;         ;            ;                 ;               ;               ;         ;            ;                 ;               ;               ;         ;            ;                 ;               ;               ;     ;            ;                 ;               ;               ;     ;            ;                 ;               ;               ;     ;            ;                 ;           ;         ;          ;            ;           ;                 ; 2507070A3HS008
A3-HS      ; 07/21/2025 08:32:43; 20250721083243760;              1;        1; AP           ; AP           ; LATEXOR Fosco                  ; LATEXOR Fosco                  ; TINTA BASE AP                   ; TINTA BASE AP;                        ;                        ; VERGINIA    ;        ; CURITIBA;        ;      ;        ;        0;              150   ;        0.15  ; L       ;            2; DefaultPaintType;               0; 05/08/2025 08:48:47; FORMULA PARA CONTROLE DE QUALIDADE DE BASES AP TINTAS;        ; -1    ; E18 : Base-paint canister has been moved away Please don't move base-paint canister before dispensing is finished.;     ; BE            ; BE            ; 10485760;       5    ;            0    ;               ;               ;         ;            ;                 ;               ;               ;         ;            ;                 ;               ;               ;         ;            ;                 ;               ;               ;     ;            ;                 ;               ;               ;     ;            ;                 ;               ;               ;     ;            ;                 ;           ;         ;          ;            ;           ;                 ; 2507070A3HS008
A3-HS      ; 07/18/2025 16:37:49; 20250718163749228;              1;        1; C            ; C            ; Verginia SELADOR Arenoso       ; Verginia SELADOR Arenoso       ; CURRY JR 64-1956                ; JR 64-1956   ; MAESTRIA Phenix        ; MAESTRIA Phenix        ;             ;        ;         ;        ;      ;        ;  3444178;              800   ;        0.8   ; L       ;            1; DefaultPaintType;               0; 06/26/2025 00:00:00;                                                      ;        ; 0     ;                                                                                                                   ;     ; BA            ; BA            ; 16777215;       0.324;            0.324; NO            ; NO            ;        0;       0.139;            0.139; JV            ; JV            ;    59135;       6.709;            6.709; OV            ; OV            ;    42495;       0.829;            0.829;               ;               ;     ;            ;                 ;               ;               ;     ;            ;                 ;               ;               ;     ;            ;                 ;           ;         ;          ;            ;           ;                 ; 2507070A3HS008
A3-HS      ; 07/18/2025 16:35:38; 20250718163538220;              1;        1; C            ; C            ; Verginia SELADOR Arenoso       ; Verginia SELADOR Arenoso       ; SANGRIA RJ 43-4817              ; RJ 43-4817   ; MAESTRIA Phenix        ; MAESTRIA Phenix        ;             ;        ;         ;        ;      ;        ;  4997040;              800   ;        0.8   ; L       ;            1; DefaultPaintType;               0; 06/26/2025 00:00:00;                                                      ;        ; 0     ;                                                                                                                   ;     ; BA            ; BA            ; 16777215;       1.42 ;            1.42 ; MA            ; MA            ;  1513356;       4.079;            4.079; RV            ; RV            ;      255;       6.104;            6.104;               ;               ;         ;            ;                 ;               ;               ;     ;            ;                 ;               ;               ;     ;            ;                 ;               ;               ;     ;            ;                 ;           ;         ;          ;            ;           ;                 ; 2507070A3HS008
A3-HS      ; 07/18/2025 16:33:37; 20250718163337005;              1;        1; C            ; C            ; Verginia SELADOR Arenoso       ; Verginia SELADOR Arenoso       ; BAROQUE RB 39-3608              ; RB 39-3608   ; MAESTRIA Phenix        ; MAESTRIA Phenix        ;             ;        ;         ;        ;      ;        ;  6833034;              800   ;        0.8   ; L       ;            1; DefaultPaintType;               0; 06/26/2025 00:00:00;                                                      ;        ; 0     ;                                                                                                                   ;     ; BA            ; BA            ; 16777215;       2.499;            2.499; RH            ; RH            ;     9366;       0.11 ;            0.11 ; NO            ; NO            ;        0;       0.374;            0.374; MA            ; MA            ;  1513356;       8.617;            8.617;               ;               ;     ;            ;                 ;               ;               ;     ;            ;                 ;               ;               ;     ;            ;                 ;           ;         ;          ;            ;           ;                 ; 2507070A3HS008
A3-HS      ; 07/18/2025 16:31:20; 20250718163120005;              1;        1; C            ; C            ; Verginia SELADOR Arenoso       ; Verginia SELADOR Arenoso       ; SPIRULINE VB 37-2205            ; VB 37-2205   ; MAESTRIA Phenix        ; MAESTRIA Phenix        ;             ;        ;         ;        ;      ;        ;  6119187;              800   ;        0.8   ; L       ;            1; DefaultPaintType;               0; 06/26/2025 00:00:00;                                                      ;        ; 0     ;                                                                                                                   ;     ; BE            ; BE            ; 10485760;       1.965;            1.965; BA            ; BA            ; 16777215;       2.025;            2.025; NO            ; NO            ;        0;       1.313;            1.313; VR            ; VR            ;    26112;       6.339;            6.339;               ;               ;     ;            ;                 ;               ;               ;     ;            ;                 ;               ;               ;     ;            ;                 ;           ;         ;          ;            ;           ;                 ; 2507070A3HS008
A3-HS      ; 07/18/2025 16:27:15; 20250718162715142;              1;        1; C            ; C            ; Verginia SELADOR Arenoso       ; Verginia SELADOR Arenoso       ; SARCELLE BV 36-1616             ; BV 36-1616   ; MAESTRIA Phenix        ; MAESTRIA Phenix        ;             ;        ;         ;        ;      ;        ;  7167245;              800   ;        0.8   ; L       ;            1; DefaultPaintType;               0; 06/26/2025 00:00:00;                                                      ;        ; 0     ;                                                                                                                   ;     ; BE            ; BE            ; 10485760;       6.341;            6.341; BA            ; BA            ; 16777215;       1.739;            1.739; NO            ; NO            ;        0;       0.58 ;            0.58 ; VR            ; VR            ;    26112;       2.895;            2.895;               ;               ;     ;            ;                 ;               ;               ;     ;            ;                 ;               ;               ;     ;            ;                 ;           ;         ;          ;            ;           ;                 ; 2507070A3HS008
A3-HS      ; 07/18/2025 16:23:29; 20250718162329376;              1;        1; C            ; C            ; Verginia SELADOR Arenoso       ; Verginia SELADOR Arenoso       ; PIERRE DE LAVE RJ 47-2725       ; RJ 47-2725   ; MAESTRIA Phenix        ; MAESTRIA Phenix        ;             ;        ;         ;        ;      ;        ;  4677282;              800   ;        0.8   ; L       ;            1; DefaultPaintType;               0; 06/26/2025 00:00:00;                                                      ;        ; 0     ;                                                                                                                   ;     ; BA            ; BA            ; 16777215;       2.316;            2.316; JO            ; JO            ;    39372;       6.343;            6.343; RH            ; RH            ;     9366;       2.886;            2.886; NO            ; NO            ;        0;       0.071;            0.071;               ;               ;     ;            ;                 ;               ;               ;     ;            ;                 ;               ;               ;     ;            ;                 ;           ;         ;          ;            ;           ;                 ; 2507070A3HS008
A3-HS      ; 07/18/2025 12:03:58; 20250718120358722;              1;        1; A            ; A            ; Verginia SELADOR Arenoso       ; Verginia SELADOR Arenoso       ; POUDRE AMANDIER RJ 90-0903      ; RJ 90-0903   ; MAESTRIA Phenix        ; MAESTRIA Phenix        ;             ;        ;         ;        ;      ;        ; 14343415;              800   ;        0.8   ; L       ;            1; DefaultPaintType;               0; 06/26/2025 00:00:00;                                                      ;        ; 0     ;                                                                                                                   ;     ; RH            ; RH            ;     9366;       0.035;            0.035; RP            ; RP            ;      255;       0.111;            0.111;               ;               ;         ;            ;                 ;               ;               ;         ;            ;                 ;               ;               ;     ;            ;                 ;               ;               ;     ;            ;                 ;               ;               ;     ;            ;                 ;           ;         ;          ;            ;           ;                 ; 2507070A3HS008
A3-HS      ; 07/18/2025 12:01:51; 20250718120151626;              1;        1; A            ; A            ; Verginia SELADOR Arenoso       ; Verginia SELADOR Arenoso       ; IVOIRE JV 91-0015               ; JV 91-0015   ; MAESTRIA Phenix        ; MAESTRIA Phenix        ;             ;        ;         ;        ;      ;        ; 13100529;              800   ;        0.8   ; L       ;            1; DefaultPaintType;               0; 06/26/2025 00:00:00;                                                      ;        ; 0     ;                                                                                                                   ;     ; JO            ; JO            ;    39372;       0.291;            0.291; NO            ; NO            ;        0;       0.018;            0.018; JP            ; JP            ;    56575;       0.248;            0.248;               ;               ;         ;            ;                 ;               ;               ;     ;            ;                 ;               ;               ;     ;            ;                 ;               ;               ;     ;            ;                 ;           ;         ;          ;            ;           ;                 ; 2507070A3HS008
A3-HS      ; 07/18/2025 11:59:59; 20250718115959739;              1;        1; A            ; A            ; Verginia SELADOR Arenoso       ; Verginia SELADOR Arenoso       ; MILK SHAKE RJ 77-2816           ; RJ 77-2816   ; MAESTRIA Phenix        ; MAESTRIA Phenix        ;             ;        ;         ;        ;      ;        ; 10529270;              800   ;        0.8   ; L       ;            1; DefaultPaintType;               0; 06/26/2025 00:00:00;                                                      ;        ; 0     ;                                                                                                                   ;     ; RH            ; RH            ;     9366;       0.071;            0.071; OP            ; OP            ;  3373284;       1.597;            1.597; RP            ; RP            ;      255;       1.462;            1.462;               ;               ;         ;            ;                 ;               ;               ;     ;            ;                 ;               ;               ;     ;            ;                 ;               ;               ;     ;            ;                 ;           ;         ;          ;            ;           ;                 ; 2507070A3HS008
A3-HS      ; 07/18/2025 11:58:16; 20250718115816066;              1;        1; A            ; A            ; Verginia SELADOR Arenoso       ; Verginia SELADOR Arenoso       ; BLEU TENDRE BV 78-0921          ; BV 78-0921   ; MAESTRIA Phenix        ; MAESTRIA Phenix        ;             ;        ;         ;        ;      ;        ; 15058836;              800   ;        0.8   ; L       ;            1; DefaultPaintType;               0; 06/26/2025 00:00:00;                                                      ;        ; 0     ;                                                                                                                   ;     ; BE            ; BE            ; 10485760;       0.607;            0.607; NO            ; NO            ;        0;       0.021;            0.021; VI            ; VI            ;  5189455;       0.213;            0.213;               ;               ;         ;            ;                 ;               ;               ;     ;            ;                 ;               ;               ;     ;            ;                 ;               ;               ;     ;            ;                 ;           ;         ;          ;            ;           ;                 ; 2507070A3HS008
A3-HS      ; 07/18/2025 11:56:31; 20250718115631794;              1;        1; A            ; A            ; Verginia SELADOR Arenoso       ; Verginia SELADOR Arenoso       ; BOURGEON VJ 83-1505             ; VJ 83-1505   ; MAESTRIA Phenix        ; MAESTRIA Phenix        ;             ;        ;         ;        ;      ;        ; 12965813;              800   ;        0.8   ; L       ;            1; DefaultPaintType;               0; 06/26/2025 00:00:00;                                                      ;        ; 0     ;                                                                                                                   ;     ; JO            ; JO            ;    39372;       0.472;            0.472; NO            ; NO            ;        0;       0.099;            0.099; VR            ; VR            ;    26112;       0.394;            0.394;               ;               ;         ;            ;                 ;               ;               ;     ;            ;                 ;               ;               ;     ;            ;                 ;               ;               ;     ;            ;                 ;           ;         ;          ;            ;           ;                 ; 2507070A3HS008
A3-HS      ; 07/18/2025 11:54:41; 20250718115441155;              1;        1; A            ; A            ; Verginia SELADOR Arenoso       ; Verginia SELADOR Arenoso       ; SILEX CLAIR JR 83-1022          ; JR 83-1022   ; MAESTRIA Phenix        ; MAESTRIA Phenix        ;             ;        ;         ;        ;      ;        ; 10930414;              800   ;        0.8   ; L       ;            1; DefaultPaintType;               0; 06/26/2025 00:00:00;                                                      ;        ; 0     ;                                                                                                                   ;     ; JO            ; JO            ;    39372;       1.74 ;            1.74 ; RH            ; RH            ;     9366;       0.142;            0.142;               ;               ;         ;            ;                 ;               ;               ;         ;            ;                 ;               ;               ;     ;            ;                 ;               ;               ;     ;            ;                 ;               ;               ;     ;            ;                 ;           ;         ;          ;            ;           ;                 ; 2507070A3HS008
A3-HS      ; 07/17/2025 16:59:53; 20250717165953348;              1;        1; A            ; A            ; Verginia GRAFIATO              ; Verginia GRAFIATO              ; VIOLET POUDRE BR 84-0513        ; BR 84-0513   ; MAESTRIA Phenix        ; MAESTRIA Phenix        ;             ;        ;         ;        ;      ;        ; 15191758;              500   ;        0.5   ; L       ;            1; DefaultPaintType;               0; 06/26/2025 00:00:00;                                                      ;        ; 0     ;                                                                                                                   ;     ; BE            ; BE            ; 10485760;       0.003;            0.003; BA            ; BA            ; 16777215;       5    ;            5    ; NO            ; NO            ;        0;       0.003;            0.003; VI            ; VI            ;  5189455;       0.126;            0.126;               ;               ;     ;            ;                 ;               ;               ;     ;            ;                 ;               ;               ;     ;            ;                 ;           ;         ;          ;            ;           ;                 ; 2507070A3HS008
A3-HS      ; 07/17/2025 16:30:56; 20250717163056801;              1;        1; C            ; C            ; Verginia ESMALTE h2o ACETINADO ; Verginia ESMALTE h2o ACETINADO ; CORNALINE JR 58-4751            ; JR 58-4751   ; MAESTRIA Phenix        ; MAESTRIA Phenix        ;             ;        ;         ;        ;      ;        ;  3303396;              800   ;        0.8   ; L       ;            1; DefaultPaintType;               0; 06/26/2025 00:00:00;                                                      ;        ; 0     ;                                                                                                                   ;     ; BA            ; BA            ; 16777215;       1.78 ;            1.78 ; RH            ; RH            ;     9366;       0.684;            0.684; OP            ; OP            ;  3373284;      73.509;           73.509; OV            ; OV            ;    42495;      13.306;           13.306;               ;               ;     ;            ;                 ;               ;               ;     ;            ;                 ;               ;               ;     ;            ;                 ;           ;         ;          ;            ;           ;                 ; 2507070A3HS008
A3-HS      ; 07/17/2025 16:29:05; 20250717162905873;              1;        1; C            ; C            ; Verginia ESMALTE h2o ACETINADO ; Verginia ESMALTE h2o ACETINADO ; ABYSSE BR 29-0425               ; BR 29-0425   ; MAESTRIA Phenix        ; MAESTRIA Phenix        ;             ;        ;         ;        ;      ;        ;  7095598;              800   ;        0.8   ; L       ;            1; DefaultPaintType;               0; 06/26/2025 00:00:00;                                                      ;        ; 0     ;                                                                                                                   ;     ; BE            ; BE            ; 10485760;      87.225;           87.225; BA            ; BA            ; 16777215;       1.725;            1.725; NO            ; NO            ;        0;       0.274;            0.274;               ;               ;         ;            ;                 ;               ;               ;     ;            ;                 ;               ;               ;     ;            ;                 ;               ;               ;     ;            ;                 ;           ;         ;          ;            ;           ;                 ; 2507070A3HS008
A3-HS      ; 07/17/2025 16:27:04; 20250717162704035;              1;        1; C            ; C            ; Verginia ESMALTE h2o ACETINADO ; Verginia ESMALTE h2o ACETINADO ; CHEDDAR JR 76-2666              ; JR 76-2666   ; MAESTRIA Phenix        ; MAESTRIA Phenix        ;             ;        ;         ;        ;      ;        ;  3844095;              800   ;        0.8   ; L       ;            1; DefaultPaintType;               0; 06/26/2025 00:00:00;                                                      ;        ; 0     ;                                                                                                                   ;     ; BA            ; BA            ; 16777215;      22.696;           22.696; OP            ; OP            ;  3373284;      19.274;           19.274; JV            ; JV            ;    59135;      47.309;           47.309;               ;               ;         ;            ;                 ;               ;               ;     ;            ;                 ;               ;               ;     ;            ;                 ;               ;               ;     ;            ;                 ;           ;         ;          ;            ;           ;                 ; 2507070A3HS008
A3-HS      ; 07/17/2025 16:24:49; 20250717162449475;              1;        1; C            ; C            ; Verginia ESMALTE h2o ACETINADO ; Verginia ESMALTE h2o ACETINADO ; SIAM RJ 43-4825                 ; RJ 43-4825   ; MAESTRIA Phenix        ; MAESTRIA Phenix        ;             ;        ;         ;        ;      ;        ;  4079026;              800   ;        0.8   ; L       ;            1; DefaultPaintType;               0; 06/26/2025 00:00:00;                                                      ;        ; 0     ;                                                                                                                   ;     ; BA            ; BA            ; 16777215;       4.044;            4.044; NO            ; NO            ;        0;       0.164;            0.164; MA            ; MA            ;  1513356;      11.865;           11.865; RV            ; RV            ;      255;      72.817;           72.817;               ;               ;     ;            ;                 ;               ;               ;     ;            ;                 ;               ;               ;     ;            ;                 ;           ;         ;          ;            ;           ;                 ; 2507070A3HS008
A3-HS      ; 07/17/2025 16:21:50; 20250717162150436;              1;        1; C            ; C            ; Verginia ESMALTE h2o ACETINADO ; Verginia ESMALTE h2o ACETINADO ; GENET JV 90-0864                ; JV 90-0864   ; MAESTRIA Phenix        ; MAESTRIA Phenix        ;             ;        ;         ;        ;      ;        ;  6612729;              800   ;        0.8   ; L       ;            1; DefaultPaintType;               0; 06/26/2025 00:00:00;                                                      ;        ; 0     ;                                                                                                                   ;     ; BA            ; BA            ; 16777215;      44.516;           44.516; VR            ; VR            ;    26112;       0.055;            0.055; PV            ; PV            ;    65535;      45.036;           45.036;               ;               ;         ;            ;                 ;               ;               ;     ;            ;                 ;               ;               ;     ;            ;                 ;               ;               ;     ;            ;                 ;           ;         ;          ;            ;           ;                 ; 2507070A3HS008
A3-HS      ; 07/17/2025 16:20:05; 20250717162005685;              1;        1; C            ; C            ; Verginia ESMALTE h2o ACETINADO ; Verginia ESMALTE h2o ACETINADO ; MOKA JR 38-0913                 ; JR 38-0913   ; MAESTRIA Phenix        ; MAESTRIA Phenix        ;             ;        ;         ;        ;      ;        ;  4478062;              800   ;        0.8   ; L       ;            1; DefaultPaintType;               0; 06/26/2025 00:00:00;                                                      ;        ; 0     ;                                                                                                                   ;     ; BA            ; BA            ; 16777215;       5.48 ;            5.48 ; JO            ; JO            ;    39372;      44.669;           44.669; RH            ; RH            ;     9366;      14.385;           14.385; NO            ; NO            ;        0;      24.355;           24.355;               ;               ;     ;            ;                 ;               ;               ;     ;            ;                 ;               ;               ;     ;            ;                 ;           ;         ;          ;            ;           ;                 ; 2507070A3HS008
A3-HS      ; 07/17/2025 16:18:06; 20250717161806731;              1;        1; C            ; C            ; Verginia ESMALTE h2o ACETINADO ; Verginia ESMALTE h2o ACETINADO ; TOURBIERE VJ 35-1605            ; VJ 35-1605   ; MAESTRIA Phenix        ; MAESTRIA Phenix        ;             ;        ;         ;        ;      ;        ;  4806969;              800   ;        0.8   ; L       ;            1; DefaultPaintType;               0; 06/26/2025 00:00:00;                                                      ;        ; 0     ;                                                                                                                   ;     ; BA            ; BA            ; 16777215;       4.244;            4.244; NO            ; NO            ;        0;      21.081;           21.081; VR            ; VR            ;    26112;      26.666;           26.666; PV            ; PV            ;    65535;      37.261;           37.261;               ;               ;     ;            ;                 ;               ;               ;     ;            ;                 ;               ;               ;     ;            ;                 ;           ;         ;          ;            ;           ;                 ; 2507070A3HS008
A3-HS      ; 07/17/2025 16:15:44; 20250717161544444;              1;        1; C            ; C            ; Verginia ESMALTE h2o ACETINADO ; Verginia ESMALTE h2o ACETINADO ; ONYX BV 29-0002                 ; BV 29-0002   ; MAESTRIA Phenix        ; MAESTRIA Phenix        ;             ;        ;         ;        ;      ;        ;  4670529;              800   ;        0.8   ; L       ;            1; DefaultPaintType;               0; 06/26/2025 00:00:00;                                                      ;        ; 0     ;                                                                                                                   ;     ; BE            ; BE            ; 10485760;       1.628;            1.628; BA            ; BA            ; 16777215;       7.283;            7.283; NO            ; NO            ;        0;      77.581;           77.581; VI            ; VI            ;  5189455;       2.397;            2.397;               ;               ;     ;            ;                 ;               ;               ;     ;            ;                 ;               ;               ;     ;            ;                 ;           ;         ;          ;            ;           ;                 ; 2507070A3HS008
A3-HS      ; 07/17/2025 14:31:59; 20250717143159549;              1;        1; B            ; B            ; Verginia ESMALTE h2o ACETINADO ; Verginia ESMALTE h2o ACETINADO ; IMMORTELLE JV 90-1147           ; JV 90-1147   ; MAESTRIA Phenix        ; MAESTRIA Phenix        ;             ;        ;         ;        ;      ;        ;  8775403;              800   ;        0.8   ; L       ;            1; DefaultPaintType;               0; 06/26/2025 00:00:00;                                                      ;        ; 0     ;                                                                                                                   ;     ; BA            ; BA            ; 16777215;      20.681;           20.681; JP            ; JP            ;    56575;      26.567;           26.567; VR            ; VR            ;    26112;       0.081;            0.081;               ;               ;         ;            ;                 ;               ;               ;     ;            ;                 ;               ;               ;     ;            ;                 ;               ;               ;     ;            ;                 ;           ;         ;          ;            ;           ;                 ; 2507070A3HS008
A3-HS      ; 07/17/2025 14:28:46; 20250717142846605;              1;        1; B            ; B            ; Verginia ESMALTE h2o ACETINADO ; Verginia ESMALTE h2o ACETINADO ; LIME VJ 74-3325                 ; VJ 74-3325   ; MAESTRIA Phenix        ; MAESTRIA Phenix        ;             ;        ;         ;        ;      ;        ;  8766850;              800   ;        0.8   ; L       ;            1; DefaultPaintType;               0; 06/26/2025 00:00:00;                                                      ;        ; 0     ;                                                                                                                   ;     ; BA            ; BA            ; 16777215;      15.498;           15.498; JO            ; JO            ;    39372;       3.458;            3.458; JP            ; JP            ;    56575;      23.948;           23.948; VR            ; VR            ;    26112;       6.344;            6.344;               ;               ;     ;            ;                 ;               ;               ;     ;            ;                 ;               ;               ;     ;            ;                 ;           ;         ;          ;            ;           ;                 ; 2507070A3HS008
A3-HS      ; 07/17/2025 14:24:18; 20250717142418638;              1;        1; B            ; B            ; Verginia ESMALTE h2o ACETINADO ; Verginia ESMALTE h2o ACETINADO ; CREME D ORANGE JR 87-0847       ; JR 87-0847   ; MAESTRIA Phenix        ; MAESTRIA Phenix        ;             ;        ;         ;        ;      ;        ;  8311807;              800   ;        0.8   ; L       ;            1; DefaultPaintType;               0; 06/26/2025 00:00:00;                                                      ;        ; 0     ;                                                                                                                   ;     ; BA            ; BA            ; 16777215;      17.523;           17.523; OP            ; OP            ;  3373284;       6.453;            6.453; JP            ; JP            ;    56575;      28.754;           28.754;               ;               ;         ;            ;                 ;               ;               ;     ;            ;                 ;               ;               ;     ;            ;                 ;               ;               ;     ;            ;                 ;           ;         ;          ;            ;           ;                 ; 2507070A3HS008
A3-HS      ; 07/17/2025 14:20:30; 20250717142030542;              1;        1; B            ; B            ; Verginia ESMALTE h2o ACETINADO ; Verginia ESMALTE h2o ACETINADO ; PATE DE COING JR 64-2030        ; JR 64-2030   ; MAESTRIA Phenix        ; MAESTRIA Phenix        ;             ;        ;         ;        ;      ;        ;  6786764;              800   ;        0.8   ; L       ;            1; DefaultPaintType;               0; 06/26/2025 00:00:00;                                                      ;        ; 0     ;                                                                                                                   ;     ; BA            ; BA            ; 16777215;       5.427;            5.427; JO            ; JO            ;    39372;      36.799;           36.799; RH            ; RH            ;     9366;       5.103;            5.103;               ;               ;         ;            ;                 ;               ;               ;     ;            ;                 ;               ;               ;     ;            ;                 ;               ;               ;     ;            ;                 ;           ;         ;          ;            ;           ;                 ; 2507070A3HS008
A3-HS      ; 07/17/2025 14:14:55; 20250717141455718;              1;        1; B            ; B            ; Verginia ESMALTE h2o ACETINADO ; Verginia ESMALTE h2o ACETINADO ; SCUBA BV 52-0035                ; BV 52-0035   ; MAESTRIA Phenix        ; MAESTRIA Phenix        ;             ;        ;         ;        ;      ;        ; 11959883;              800   ;        0.8   ; L       ;            1; DefaultPaintType;               0; 06/26/2025 00:00:00;                                                      ;        ; 0     ;                                                                                                                   ;     ; BE            ; BE            ; 10485760;      16.55 ;           16.55 ; BA            ; BA            ; 16777215;      13.797;           13.797; NO            ; NO            ;        0;       1.323;            1.323; VI            ; VI            ;  5189455;      15.659;           15.659;               ;               ;     ;            ;                 ;               ;               ;     ;            ;                 ;               ;               ;     ;            ;                 ;           ;         ;          ;            ;           ;                 ; 2507070A3HS008
A3-HS      ; 07/17/2025 14:12:37; 20250717141237779;              1;        1; B            ; B            ; Verginia ESMALTE h2o ACETINADO ; Verginia ESMALTE h2o ACETINADO ; PRASIN VJ 70-4010               ; VJ 70-4010   ; MAESTRIA Phenix        ; MAESTRIA Phenix        ;             ;        ;         ;        ;      ;        ;  9944655;              800   ;        0.8   ; L       ;            1; DefaultPaintType;               0; 06/26/2025 00:00:00;                                                      ;        ; 0     ;                                                                                                                   ;     ; BA            ; BA            ; 16777215;      24.38 ;           24.38 ; JO            ; JO            ;    39372;       1.89 ;            1.89 ; JP            ; JP            ;    56575;       9.315;            9.315; VR            ; VR            ;    26112;      16.47 ;           16.47 ;               ;               ;     ;            ;                 ;               ;               ;     ;            ;                 ;               ;               ;     ;            ;                 ;           ;         ;          ;            ;           ;                 ; 2507070A3HS008
A3-HS      ; 07/16/2025 14:18:37; 20250716141837344;              1;        1; A            ; A            ; Verginia ESMALTE h2o ACETINADO ; Verginia ESMALTE h2o ACETINADO ; CEDRE BLEU BV 66-1218           ; BV 66-1218   ; MAESTRIA Phenix        ; MAESTRIA Phenix        ;             ;        ;         ;        ;      ;        ; 12560753;              800   ;        0.8   ; L       ;            1; DefaultPaintType;               0; 06/26/2025 00:00:00;                                                      ;        ; 0     ;                                                                                                                   ;     ; BE            ; BE            ; 10485760;       7.53 ;            7.53 ; NO            ; NO            ;        0;       5.676;            5.676; VI            ; VI            ;  5189455;       0.659;            0.659;               ;               ;         ;            ;                 ;               ;               ;     ;            ;                 ;               ;               ;     ;            ;                 ;               ;               ;     ;            ;                 ;           ;         ;          ;            ;           ;                 ; 2507070A3HS008
A3-HS      ; 07/16/2025 14:15:40; 20250716141540936;              1;        1; A            ; A            ; Verginia ESMALTE h2o ACETINADO ; Verginia ESMALTE h2o ACETINADO ; RIZ AU LAIT JV 90-0125          ; JV 90-0125   ; MAESTRIA Phenix        ; MAESTRIA Phenix        ;             ;        ;         ;        ;      ;        ; 11526386;              800   ;        0.8   ; L       ;            1; DefaultPaintType;               0; 06/26/2025 00:00:00;                                                      ;        ; 0     ;                                                                                                                   ;     ; JO            ; JO            ;    39372;       2.635;            2.635; NO            ; NO            ;        0;       0.081;            0.081; JP            ; JP            ;    56575;       5.496;            5.496;               ;               ;         ;            ;                 ;               ;               ;     ;            ;                 ;               ;               ;     ;            ;                 ;               ;               ;     ;            ;                 ;           ;         ;          ;            ;           ;                 ; 2507070A3HS008
A3-HS      ; 07/16/2025 14:12:20; 20250716141220233;              1;        1; A            ; A            ; Verginia ESMALTE h2o ACETINADO ; Verginia ESMALTE h2o ACETINADO ; CHEVREFEUILLE JR 85-1132        ; JR 85-1132   ; MAESTRIA Phenix        ; MAESTRIA Phenix        ;             ;        ;         ;        ;      ;        ;  9948157;              800   ;        0.8   ; L       ;            1; DefaultPaintType;               0; 06/26/2025 00:00:00;                                                      ;        ; 0     ;                                                                                                                   ;     ; JO            ; JO            ;    39372;       3.984;            3.984; OP            ; OP            ;  3373284;       9.66 ;            9.66 ; JP            ; JP            ;    56575;       7.741;            7.741;               ;               ;         ;            ;                 ;               ;               ;     ;            ;                 ;               ;               ;     ;            ;                 ;               ;               ;     ;            ;                 ;           ;         ;          ;            ;           ;                 ; 2507070A3HS008
A3-HS      ; 07/16/2025 14:07:48; 20250716140748545;              1;        1; A            ; A            ; Verginia ESMALTE h2o ACETINADO ; Verginia ESMALTE h2o ACETINADO ; ZINC VJ 95-0100                 ; VJ 95-0100   ; MAESTRIA Phenix        ; MAESTRIA Phenix        ;             ;        ;         ;        ;      ;        ; 15593454;              800   ;        0.8   ; L       ;            1; DefaultPaintType;               0; 06/26/2025 00:00:00;                                                      ;        ; 0     ;                                                                                                                   ;     ; NO            ; NO            ;        0;       0.194;            0.194; VI            ; VI            ;  5189455;       0.015;            0.015;               ;               ;         ;            ;                 ;               ;               ;         ;            ;                 ;               ;               ;     ;            ;                 ;               ;               ;     ;            ;                 ;               ;               ;     ;            ;                 ;           ;         ;          ;            ;           ;                 ; 2507070A3HS008
A3-HS      ; 07/16/2025 14:04:03; 20250716140403418;              1;        1; A            ; A            ; Verginia ESMALTE h2o ACETINADO ; Verginia ESMALTE h2o ACETINADO ; BRUYERE RB 62-2606              ; RB 62-2606   ; MAESTRIA Phenix        ; MAESTRIA Phenix        ;             ;        ;         ;        ;      ;        ; 10520256;              800   ;        0.8   ; L       ;            1; DefaultPaintType;               0; 06/26/2025 00:00:00;                                                      ;        ; 0     ;                                                                                                                   ;     ; RH            ; RH            ;     9366;       3.838;            3.838; NO            ; NO            ;        0;       2.147;            2.147; MA            ; MA            ;  1513356;      14.62 ;           14.62 ;               ;               ;         ;            ;                 ;               ;               ;     ;            ;                 ;               ;               ;     ;            ;                 ;               ;               ;     ;            ;                 ;           ;         ;          ;            ;           ;                 ; 2507070A3HS008
A3-HS      ; 07/16/2025 14:00:12; 20250716140012419;              1;        1; A            ; A            ; Verginia ESMALTE h2o ACETINADO ; Verginia ESMALTE h2o ACETINADO ; CHROME BV 81-0304               ; BV 81-0304   ; MAESTRIA Phenix        ; MAESTRIA Phenix        ;             ;        ;         ;        ;      ;        ; 13617855;              800   ;        0.8   ; L       ;            1; DefaultPaintType;               0; 06/26/2025 00:00:00;                                                      ;        ; 0     ;                                                                                                                   ;     ; BE            ; BE            ; 10485760;       0.315;            0.315; NO            ; NO            ;        0;       2.732;            2.732; VI            ; VI            ;  5189455;       0.054;            0.054;               ;               ;         ;            ;                 ;               ;               ;     ;            ;                 ;               ;               ;     ;            ;                 ;               ;               ;     ;            ;                 ;           ;         ;          ;            ;           ;                 ; 2507070A3HS008
A3-HS      ; 07/16/2025 13:54:31; 20250716135431603;              1;        1; A            ; A            ; Verginia ESMALTE h2o ACETINADO ; Verginia ESMALTE h2o ACETINADO ; GRIS PLOMB BV 70-0310           ; BV 70-0310   ; MAESTRIA Phenix        ; MAESTRIA Phenix        ;             ;        ;         ;        ;      ;        ; 12365726;              800   ;        0.8   ; L       ;            1; DefaultPaintType;               0; 06/26/2025 00:00:00;                                                      ;        ; 0     ;                                                                                                                   ;     ; BE            ; BE            ; 10485760;       1.139;            1.139; NO            ; NO            ;        0;       6.672;            6.672; VI            ; VI            ;  5189455;       1.302;            1.302;               ;               ;         ;            ;                 ;               ;               ;     ;            ;                 ;               ;               ;     ;            ;                 ;               ;               ;     ;            ;                 ;           ;         ;          ;            ;           ;                 ; 2507070A3HS008
A3-HS      ; 07/16/2025 13:40:59; 20250716134059291;              1;        1; A            ; A            ; Verginia ESMALTE h2o BRILHANTE ; Verginia ESMALTE h2o BRILHANTE ; SPHINX JR 89-0522               ; JR 89-0522   ; VERGINIA Phenix        ; VERGINIA Phenix        ;             ;        ;         ;        ;      ;        ; 11852534;              800   ;        0.8   ; L       ;            1; DefaultPaintType;               0; 06/26/2025 00:00:00;                                                      ;        ; 0     ;                                                                                                                   ;     ; JO            ; JO            ;    39372;       5.341;            5.341; RH            ; RH            ;     9366;       0.045;            0.045;               ;               ;         ;            ;                 ;               ;               ;         ;            ;                 ;               ;               ;     ;            ;                 ;               ;               ;     ;            ;                 ;               ;               ;     ;            ;                 ;           ;         ;          ;            ;           ;                 ; 2507070A3HS008
A3-HS      ; 07/16/2025 08:51:20; 20250716085120692;              1;        1; C            ; C            ; Verginia ESMALTE h2o BRILHANTE ; Verginia ESMALTE h2o BRILHANTE ; VISON RJ 31-0806                ; RJ 31-0806   ; VERGINIA Phenix        ; VERGINIA Phenix        ;             ;        ;         ;        ;      ;        ;  4277849;              800   ;        0.8   ; L       ;            1; DefaultPaintType;               0; 06/26/2025 00:00:00;                                                      ;        ; 0     ;                                                                                                                   ;     ; BA            ; BA            ; 16777215;       5.667;            5.667; RH            ; RH            ;     9366;      24.065;           24.065; NO            ; NO            ;        0;      55.385;           55.385; MA            ; MA            ;  1513356;       4.134;            4.134;               ;               ;     ;            ;                 ;               ;               ;     ;            ;                 ;               ;               ;     ;            ;                 ;           ;         ;          ;            ;           ;                 ; 2507070A3HS008
A3-HS      ; 07/16/2025 08:46:48; 20250716084648059;              1;        1; C            ; C            ; Verginia ESMALTE h2o BRILHANTE ; Verginia ESMALTE h2o BRILHANTE ; BLEU ROI BV 40-0531             ; BV 40-0531   ; VERGINIA Phenix        ; VERGINIA Phenix        ;             ;        ;         ;        ;      ;        ;  9397021;              800   ;        0.8   ; L       ;            1; DefaultPaintType;               0; 06/26/2025 00:00:00;                                                      ;        ; 0     ;                                                                                                                   ;     ; BE            ; BE            ; 10485760;      44.725;           44.725; BA            ; BA            ; 16777215;      29.761;           29.761; NO            ; NO            ;        0;       5.773;            5.773; VI            ; VI            ;  5189455;       8.63 ;            8.63 ;               ;               ;     ;            ;                 ;               ;               ;     ;            ;                 ;               ;               ;     ;            ;                 ;           ;         ;          ;            ;           ;                 ; 2507070A3HS008
A3-HS      ; 07/16/2025 08:42:52; 20250716084252270;              1;        1; C            ; C            ; Verginia ESMALTE h2o BRILHANTE ; Verginia ESMALTE h2o BRILHANTE ; TARTES AUX FRAMBOISES RJ 47-4701; RJ 47-4701   ; VERGINIA Phenix        ; VERGINIA Phenix        ;             ;        ;         ;        ;      ;        ;  7294134;              800   ;        0.8   ; L       ;            1; DefaultPaintType;               0; 06/26/2025 00:00:00;                                                      ;        ; 0     ;                                                                                                                   ;     ; BA            ; BA            ; 16777215;      32.771;           32.771; MA            ; MA            ;  1513356;      39.917;           39.917; RV            ; RV            ;      255;      17.179;           17.179;               ;               ;         ;            ;                 ;               ;               ;     ;            ;                 ;               ;               ;     ;            ;                 ;               ;               ;     ;            ;                 ;           ;         ;          ;            ;           ;                 ; 2507070A3HS008
A3-HS      ; 07/16/2025 08:38:20; 20250716083820277;              1;        1; C            ; C            ; Verginia ESMALTE h2o BRILHANTE ; Verginia ESMALTE h2o BRILHANTE ; CARMIN RJ 47-5432               ; RJ 47-5432   ; VERGINIA Phenix        ; VERGINIA Phenix        ;             ;        ;         ;        ;      ;        ;  3882951;              800   ;        0.8   ; L       ;            1; DefaultPaintType;               0; 06/26/2025 00:00:00;                                                      ;        ; 0     ;                                                                                                                   ;     ; BA            ; BA            ; 16777215;       3.504;            3.504; OP            ; OP            ;  3373284;      18.261;           18.261; RV            ; RV            ;      255;      67.124;           67.124;               ;               ;         ;            ;                 ;               ;               ;     ;            ;                 ;               ;               ;     ;            ;                 ;               ;               ;     ;            ;                 ;           ;         ;          ;            ;           ;                 ; 2507070A3HS008
A3-HS      ; 07/15/2025 17:08:02; 20250715170802329;              1;        1; AP           ; AP           ; LATEXOR Fosco                  ; LATEXOR Fosco                  ; TINTA BASE AP                   ; TINTA BASE AP;                        ;                        ; VERGINIA    ;        ; CURITIBA;        ;      ;        ;        0;              150   ;        0.15  ; L       ;            2; DefaultPaintType;               0; 05/08/2025 08:48:47; FORMULA PARA CONTROLE DE QUALIDADE DE BASES AP TINTAS;        ; 0     ;                                                                                                                   ;     ; BE            ; BE            ; 10485760;       5    ;            5    ;               ;               ;         ;            ;                 ;               ;               ;         ;            ;                 ;               ;               ;         ;            ;                 ;               ;               ;     ;            ;                 ;               ;               ;     ;            ;                 ;               ;               ;     ;            ;                 ;           ;         ;          ;            ;           ;                 ; 2507070A3HS008
A3-HS      ; 07/15/2025 17:02:05; 20250715170205042;              1;        1; C            ; C            ; Verginia ESMALTE h2o BRILHANTE ; Verginia ESMALTE h2o BRILHANTE ; SANG DE BOEUF RJ 40-2421        ; RJ 40-2421   ; VERGINIA Phenix        ; VERGINIA Phenix        ;             ;        ;         ;        ;      ;        ;  4017803;              800   ;        0.8   ; L       ;            1; DefaultPaintType;               0; 06/26/2025 00:00:00;                                                      ;        ; 0     ;                                                                                                                   ;     ; JO            ; JO            ;    39372;      37.555;           37.555; RH            ; RH            ;     9366;      33.987;           33.987; NO            ; NO            ;        0;       4.112;            4.112;               ;               ;         ;            ;                 ;               ;               ;     ;            ;                 ;               ;               ;     ;            ;                 ;               ;               ;     ;            ;                 ;           ;         ;          ;            ;           ;                 ; 2507070A3HS008
A3-HS      ; 07/15/2025 16:58:28; 20250715165828633;              1;        1; C            ; C            ; Verginia ESMALTE h2o BRILHANTE ; Verginia ESMALTE h2o BRILHANTE ; GIROFLEE JR 80-0578             ; JR 80-0578   ; VERGINIA Phenix        ; VERGINIA Phenix        ;             ;        ;         ;        ;      ;        ;  1687793;              800   ;        0.8   ; L       ;            1; DefaultPaintType;               0; 06/26/2025 00:00:00;                                                      ;        ; 0     ;                                                                                                                   ;     ; BA            ; BA            ; 16777215;       4.764;            4.764; NO            ; NO            ;        0;       0.164;            0.164; JV            ; JV            ;    59135;      84.05 ;           84.05 ; OV            ; OV            ;    42495;       0.274;            0.274;               ;               ;     ;            ;                 ;               ;               ;     ;            ;                 ;               ;               ;     ;            ;                 ;           ;         ;          ;            ;           ;                 ; 2507070A3HS008
A3-HS      ; 07/15/2025 16:54:32; 20250715165432425;              1;        1; C            ; C            ; Verginia ESMALTE h2o BRILHANTE ; Verginia ESMALTE h2o BRILHANTE ; TRIANGLE DES BERMUDES VB 35-2008; VB 35-2008   ; VERGINIA Phenix        ; VERGINIA Phenix        ;             ;        ;         ;        ;      ;        ;  6183697;              800   ;        0.8   ; L       ;            1; DefaultPaintType;               0; 06/26/2025 00:00:00;                                                      ;        ; 0     ;                                                                                                                   ;     ; BE            ; BE            ; 10485760;      30.061;           30.061; BA            ; BA            ; 16777215;      10.787;           10.787; NO            ; NO            ;        0;       4.326;            4.326; VR            ; VR            ;    26112;      46.597;           46.597;               ;               ;     ;            ;                 ;               ;               ;     ;            ;                 ;               ;               ;     ;            ;                 ;           ;         ;          ;            ;           ;                 ; 2507070A3HS008
A3-HS      ; 07/15/2025 14:25:09; 20250715142509712;              1;        1; B            ; B            ; Verginia ESMALTE h2o BRILHANTE ; Verginia ESMALTE h2o BRILHANTE ; BUILDING BV 51-0104             ; BV 51-0104   ; VERGINIA Phenix        ; VERGINIA Phenix        ;             ;        ;         ;        ;      ;        ;  8223091;              800   ;        0.8   ; L       ;            1; DefaultPaintType;               0; 06/26/2025 00:00:00;                                                      ;        ; 0     ;                                                                                                                   ;     ; BA            ; BA            ; 16777215;       9.11 ;            9.11 ; JO            ; JO            ;    39372;       0.841;            0.841; NO            ; NO            ;        0;      36.681;           36.681;               ;               ;         ;            ;                 ;               ;               ;     ;            ;                 ;               ;               ;     ;            ;                 ;               ;               ;     ;            ;                 ;           ;         ;          ;            ;           ;                 ; 2507070A3HS008
A3-HS      ; 07/15/2025 14:20:26; 20250715142026123;              1;        1; B            ; B            ; Verginia ESMALTE h2o BRILHANTE ; Verginia ESMALTE h2o BRILHANTE ; EMERAUDE VB 59-4106             ; VB 59-4106   ; VERGINIA Phenix        ; VERGINIA Phenix        ;             ;        ;         ;        ;      ;        ; 10002432;              800   ;        0.8   ; L       ;            1; DefaultPaintType;               0; 06/26/2025 00:00:00;                                                      ;        ; 0     ;                                                                                                                   ;     ; BE            ; BE            ; 10485760;       9.463;            9.463; BA            ; BA            ; 16777215;      10.683;           10.683; NO            ; NO            ;        0;       0.871;            0.871; VR            ; VR            ;    26112;      27.616;           27.616;               ;               ;     ;            ;                 ;               ;               ;     ;            ;                 ;               ;               ;     ;            ;                 ;           ;         ;          ;            ;           ;                 ; 2507070A3HS008
A3-HS      ; 07/15/2025 14:18:24; 20250715141824082;              1;        1; B            ; B            ; Verginia ESMALTE h2o BRILHANTE ; Verginia ESMALTE h2o BRILHANTE ; LUPIN BR 53-0835                ; BR 53-0835   ; VERGINIA Phenix        ; VERGINIA Phenix        ;             ;        ;         ;        ;      ;        ; 12156005;              800   ;        0.8   ; L       ;            1; DefaultPaintType;               0; 06/26/2025 00:00:00;                                                      ;        ; 0     ;                                                                                                                   ;     ; BE            ; BE            ; 10485760;       6.599;            6.599; BA            ; BA            ; 16777215;      15.812;           15.812; VI            ; VI            ;  5189455;      21.266;           21.266;               ;               ;         ;            ;                 ;               ;               ;     ;            ;                 ;               ;               ;     ;            ;                 ;               ;               ;     ;            ;                 ;           ;         ;          ;            ;           ;                 ; 2507070A3HS008
A3-HS      ; 07/15/2025 14:14:37; 20250715141437306;              1;        1; B            ; B            ; Verginia ESMALTE h2o BRILHANTE ; Verginia ESMALTE h2o BRILHANTE ; OR ROSE RJ 67-3520              ; RJ 67-3520   ; VERGINIA Phenix        ; VERGINIA Phenix        ;             ;        ;         ;        ;      ;        ;  8292582;              800   ;        0.8   ; L       ;            1; DefaultPaintType;               0; 06/26/2025 00:00:00;                                                      ;        ; 0     ;                                                                                                                   ;     ; BA            ; BA            ; 16777215;      14.319;           14.319; RH            ; RH            ;     9366;       1.719;            1.719; OP            ; OP            ;  3373284;       9.886;            9.886; RP            ; RP            ;      255;      14.12 ;           14.12 ;               ;               ;     ;            ;                 ;               ;               ;     ;            ;                 ;               ;               ;     ;            ;                 ;           ;         ;          ;            ;           ;                 ; 2507070A3HS008
A3-HS      ; 07/15/2025 10:54:17; 20250715105417523;              1;        1;              ;              ;                                ;                                ;                                 ;              ;                        ;                        ;             ;        ;         ;        ;      ;        ; 16711680;                0   ;        1     ; L       ;            3; DefaultPaintType;               0; 07/15/2025 10:54:17;                                                      ;        ; 0     ;                                                                                                                   ;     ; BE            ; BE            ; 10485760;       5    ;            5    ;               ;               ;         ;            ;                 ;               ;               ;         ;            ;                 ;               ;               ;         ;            ;                 ;               ;               ;     ;            ;                 ;               ;               ;     ;            ;                 ;               ;               ;     ;            ;                 ;           ;         ;          ;            ;           ;                 ; 2507070A3HS008
A3-HS      ; 07/14/2025 17:10:35; 20250714171035506;              1;        1; A            ; A            ; Verginia ESMALTE h2o BRILHANTE ; Verginia ESMALTE h2o BRILHANTE ; CASSONADE JR 76-1423            ; JR 76-1423   ; VERGINIA Phenix        ; VERGINIA Phenix        ;             ;        ;         ;        ;      ;        ;  9548514;              800   ;        0.8   ; L       ;            1; DefaultPaintType;               0; 06/26/2025 00:00:00;                                                      ;        ; 0     ;                                                                                                                   ;     ; JO            ; JO            ;    39372;      15.862;           15.862; RH            ; RH            ;     9366;       2.329;            2.329; NO            ; NO            ;        0;       0.102;            0.102;               ;               ;         ;            ;                 ;               ;               ;     ;            ;                 ;               ;               ;     ;            ;                 ;               ;               ;     ;            ;                 ;           ;         ;          ;            ;           ;                 ; 2507070A3HS008
A3-HS      ; 07/14/2025 17:08:51; 20250714170851886;              1;        1; A            ; A            ; Verginia ESMALTE h2o BRILHANTE ; Verginia ESMALTE h2o BRILHANTE ; FICELLE JR 76-0011              ; JR 76-0011   ; VERGINIA Phenix        ; VERGINIA Phenix        ;             ;        ;         ;        ;      ;        ; 10795458;              800   ;        0.8   ; L       ;            1; DefaultPaintType;               0; 06/26/2025 00:00:00;                                                      ;        ; 0     ;                                                                                                                   ;     ; JO            ; JO            ;    39372;       7.855;            7.855; RH            ; RH            ;     9366;       0.238;            0.238; NO            ; NO            ;        0;       4.267;            4.267;               ;               ;         ;            ;                 ;               ;               ;     ;            ;                 ;               ;               ;     ;            ;                 ;               ;               ;     ;            ;                 ;           ;         ;          ;            ;           ;                 ; 2507070A3HS008
A3-HS      ; 07/14/2025 17:06:49; 20250714170649642;              1;        1; A            ; A            ; Verginia ESMALTE h2o BRILHANTE ; Verginia ESMALTE h2o BRILHANTE ; VERT TILLEUL VJ 81-2820         ; VJ 81-2820   ; VERGINIA Phenix        ; VERGINIA Phenix        ;             ;        ;         ;        ;      ;        ; 10737823;              800   ;        0.8   ; L       ;            1; DefaultPaintType;               0; 06/26/2025 00:00:00;                                                      ;        ; 0     ;                                                                                                                   ;     ; JO            ; JO            ;    39372;       1.241;            1.241; JP            ; JP            ;    56575;      15.148;           15.148; VR            ; VR            ;    26112;       3.758;            3.758;               ;               ;         ;            ;                 ;               ;               ;     ;            ;                 ;               ;               ;     ;            ;                 ;               ;               ;     ;            ;                 ;           ;         ;          ;            ;           ;                 ; 2507070A3HS008
A3-HS      ; 07/14/2025 17:04:57; 20250714170457633;              1;        1; A            ; A            ; Verginia ESMALTE h2o BRILHANTE ; Verginia ESMALTE h2o BRILHANTE ; PERVENCHE BR 68-0327            ; BR 68-0327   ; VERGINIA Phenix        ; VERGINIA Phenix        ;             ;        ;         ;        ;      ;        ; 14067341;              800   ;        0.8   ; L       ;            1; DefaultPaintType;               0; 06/26/2025 00:00:00;                                                      ;        ; 0     ;                                                                                                                   ;     ; BE            ; BE            ; 10485760;       3.044;            3.044; NO            ; NO            ;        0;       0.119;            0.119; VI            ; VI            ;  5189455;       7.634;            7.634;               ;               ;         ;            ;                 ;               ;               ;     ;            ;                 ;               ;               ;     ;            ;                 ;               ;               ;     ;            ;                 ;           ;         ;          ;            ;           ;                 ; 2507070A3HS008
A3-HS      ; 07/14/2025 17:03:26; 20250714170326377;              1;        1; A            ; A            ; Verginia ESMALTE h2o BRILHANTE ; Verginia ESMALTE h2o BRILHANTE ; COLCHIQUE RB 72-2313            ; RB 72-2313   ; VERGINIA Phenix        ; VERGINIA Phenix        ;             ;        ;         ;        ;      ;        ; 13017807;              800   ;        0.8   ; L       ;            1; DefaultPaintType;               0; 06/26/2025 00:00:00;                                                      ;        ; 0     ;                                                                                                                   ;     ; RH            ; RH            ;     9366;       0.255;            0.255; NO            ; NO            ;        0;       1.071;            1.071; MA            ; MA            ;  1513356;       6.852;            6.852;               ;               ;         ;            ;                 ;               ;               ;     ;            ;                 ;               ;               ;     ;            ;                 ;               ;               ;     ;            ;                 ;           ;         ;          ;            ;           ;                 ; 2507070A3HS008
A3-HS      ; 07/14/2025 17:01:54; 20250714170154651;              1;        1; A            ; A            ; Verginia ESMALTE h2o BRILHANTE ; Verginia ESMALTE h2o BRILHANTE ; POUSSE DE BAMBOU JV 87-1333     ; JV 87-1333   ; VERGINIA Phenix        ; VERGINIA Phenix        ;             ;        ;         ;        ;      ;        ; 10149847;              800   ;        0.8   ; L       ;            1; DefaultPaintType;               0; 06/26/2025 00:00:00;                                                      ;        ; 0     ;                                                                                                                   ;     ; JO            ; JO            ;    39372;       2.278;            2.278; JP            ; JP            ;    56575;      22.544;           22.544; VR            ; VR            ;    26112;       0.51 ;            0.51 ;               ;               ;         ;            ;                 ;               ;               ;     ;            ;                 ;               ;               ;     ;            ;                 ;               ;               ;     ;            ;                 ;           ;         ;          ;            ;           ;                 ; 2507070A3HS008
A3-HS      ; 07/14/2025 16:58:54; 20250714165854147;              1;        1; A            ; A            ; Verginia ESMALTE h2o BRILHANTE ; Verginia ESMALTE h2o BRILHANTE ; AQUA VB 88-0803                 ; VB 88-0803   ; VERGINIA Phenix        ; VERGINIA Phenix        ;             ;        ;         ;        ;      ;        ; 14737866;              800   ;        0.8   ; L       ;            1; DefaultPaintType;               0; 06/26/2025 00:00:00;                                                      ;        ; 0     ;                                                                                                                   ;     ; BE            ; BE            ; 10485760;       0.128;            0.128; NO            ; NO            ;        0;       0.431;            0.431; VR            ; VR            ;    26112;       0.406;            0.406;               ;               ;         ;            ;                 ;               ;               ;     ;            ;                 ;               ;               ;     ;            ;                 ;               ;               ;     ;            ;                 ;           ;         ;          ;            ;           ;                 ; 2507070A3HS008
A3-HS      ; 07/14/2025 16:18:17; 20250714161817336;              1;        1; A            ; A            ; Verginia ESMALTE h2o BRILHANTE ; Verginia ESMALTE h2o BRILHANTE ; GRES DE CORSE JR 75-1419        ; JR 75-1419   ; VERGINIA Phenix        ; VERGINIA Phenix        ;             ;        ;         ;        ;      ;        ;  9744350;              800   ;        0.8   ; L       ;            1; DefaultPaintType;               0; 06/26/2025 00:00:00;                                                      ;        ; 0     ;                                                                                                                   ;     ; JO            ; JO            ;    39372;      11.636;           11.636; RH            ; RH            ;     9366;       2.722;            2.722; NO            ; NO            ;        0;       0.17 ;            0.17 ;               ;               ;         ;            ;                 ;               ;               ;     ;            ;                 ;               ;               ;     ;            ;                 ;               ;               ;     ;            ;                 ;           ;         ;          ;            ;           ;                 ; 2507070A3HS008
A3-HS      ; 07/14/2025 12:01:35; 20250714120135593;              1;        1; A            ; A            ; Verginia TINTA MURO            ; Verginia TINTA MURO            ; RAPHIA JR 87-0422               ; JR 87-0422   ; VERGINIA Phenix        ; VERGINIA Phenix        ;             ;        ;         ;        ;      ;        ; 11589618;              800   ;        0.8   ; L       ;            1; DefaultPaintType;               0; 06/26/2025 00:00:00;                                                      ;        ; 0     ;                                                                                                                   ;     ; JO            ; JO            ;    39372;       5.373;            5.373; NO            ; NO            ;        0;       0.071;            0.071;               ;               ;         ;            ;                 ;               ;               ;         ;            ;                 ;               ;               ;     ;            ;                 ;               ;               ;     ;            ;                 ;               ;               ;     ;            ;                 ;           ;         ;          ;            ;           ;                 ; 2507070A3HS008
A3-HS      ; 07/14/2025 11:59:32; 20250714115932968;              1;        1; A            ; A            ; Verginia TINTA MURO            ; Verginia TINTA MURO            ; TOURTEAU JR 73-1622             ; JR 73-1622   ; VERGINIA Phenix        ; VERGINIA Phenix        ;             ;        ;         ;        ;      ;        ;  9152731;              800   ;        0.8   ; L       ;            1; DefaultPaintType;               0; 06/26/2025 00:00:00;                                                      ;        ; 0     ;                                                                                                                   ;     ; JO            ; JO            ;    39372;      14.391;           14.391; RH            ; RH            ;     9366;       3.144;            3.144; NO            ; NO            ;        0;       0.172;            0.172;               ;               ;         ;            ;                 ;               ;               ;     ;            ;                 ;               ;               ;     ;            ;                 ;               ;               ;     ;            ;                 ;           ;         ;          ;            ;           ;                 ; 2507070A3HS008
A3-HS      ; 07/14/2025 11:55:35; 20250714115535721;              1;        1; A            ; A            ; Verginia TINTA MURO            ; Verginia TINTA MURO            ; CREME AMANDIER RJ 88-1104       ; RJ 88-1104   ; VERGINIA Phenix        ; VERGINIA Phenix        ;             ;        ;         ;        ;      ;        ; 13817077;              800   ;        0.8   ; L       ;            1; DefaultPaintType;               0; 06/26/2025 00:00:00;                                                      ;        ; 0     ;                                                                                                                   ;     ; RH            ; RH            ;     9366;       0.271;            0.271; RP            ; RP            ;      255;       0.644;            0.644;               ;               ;         ;            ;                 ;               ;               ;         ;            ;                 ;               ;               ;     ;            ;                 ;               ;               ;     ;            ;                 ;               ;               ;     ;            ;                 ;           ;         ;          ;            ;           ;                 ; 2507070A3HS008
A3-HS      ; 07/14/2025 11:50:57; 20250714115057066;              1;        1; A            ; A            ; Verginia TINTA MURO            ; Verginia TINTA MURO            ; GRIS DU GABON BV 73-0104        ; BV 73-0104   ; VERGINIA Phenix        ; VERGINIA Phenix        ;             ;        ;         ;        ;      ;        ; 12039084;              800   ;        0.8   ; L       ;            1; DefaultPaintType;               0; 06/26/2025 00:00:00;                                                      ;        ; 0     ;                                                                                                                   ;     ; BE            ; BE            ; 10485760;       0.076;            0.076; NO            ; NO            ;        0;       7.146;            7.146; VI            ; VI            ;  5189455;       0.066;            0.066;               ;               ;         ;            ;                 ;               ;               ;     ;            ;                 ;               ;               ;     ;            ;                 ;               ;               ;     ;            ;                 ;           ;         ;          ;            ;           ;                 ; 2507070A3HS008
A3-HS      ; 07/14/2025 11:48:38; 20250714114838818;              1;        1; A            ; A            ; Verginia TINTA MURO            ; Verginia TINTA MURO            ; THALASSO VB 74-2911             ; VB 74-2911   ; VERGINIA Phenix        ; VERGINIA Phenix        ;             ;        ;         ;        ;      ;        ; 13223261;              800   ;        0.8   ; L       ;            1; DefaultPaintType;               0; 06/26/2025 00:00:00;                                                      ;        ; 0     ;                                                                                                                   ;     ; BE            ; BE            ; 10485760;       3.887;            3.887; NO            ; NO            ;        0;       0.172;            0.172; VR            ; VR            ;    26112;       5.274;            5.274;               ;               ;         ;            ;                 ;               ;               ;     ;            ;                 ;               ;               ;     ;            ;                 ;               ;               ;     ;            ;                 ;           ;         ;          ;            ;           ;                 ; 2507070A3HS008
A3-HS      ; 07/14/2025 11:45:09; 20250714114509971;              1;        1; A            ; A            ; Verginia TINTA MURO            ; Verginia TINTA MURO            ; PASTEL BV 74-0323               ; BV 74-0323   ; VERGINIA Phenix        ; VERGINIA Phenix        ;             ;        ;         ;        ;      ;        ; 14531222;              800   ;        0.8   ; L       ;            1; DefaultPaintType;               0; 06/26/2025 00:00:00;                                                      ;        ; 0     ;                                                                                                                   ;     ; BE            ; BE            ; 10485760;       2.129;            2.129; NO            ; NO            ;        0;       0.257;            0.257; VI            ; VI            ;  5189455;       2.487;            2.487;               ;               ;         ;            ;                 ;               ;               ;     ;            ;                 ;               ;               ;     ;            ;                 ;               ;               ;     ;            ;                 ;           ;         ;          ;            ;           ;                 ; 2507070A3HS008
A3-HS      ; 07/14/2025 11:43:12; 20250714114312315;              1;        1; A            ; A            ; Verginia TINTA MURO            ; Verginia TINTA MURO            ; PAVOT RB 77-2206                ; RB 77-2206   ; VERGINIA Phenix        ; VERGINIA Phenix        ;             ;        ;         ;        ;      ;        ; 13152481;              800   ;        0.8   ; L       ;            1; DefaultPaintType;               0; 06/26/2025 00:00:00;                                                      ;        ; 0     ;                                                                                                                   ;     ; RH            ; RH            ;     9366;       0.643;            0.643; NO            ; NO            ;        0;       0.071;            0.071; MA            ; MA            ;  1513356;       3.011;            3.011;               ;               ;         ;            ;                 ;               ;               ;     ;            ;                 ;               ;               ;     ;            ;                 ;               ;               ;     ;            ;                 ;           ;         ;          ;            ;           ;                 ; 2507070A3HS008
A3-HS      ; 07/14/2025 11:40:21; 20250714114021084;              1;        1; A            ; A            ; Verginia TINTA MURO            ; Verginia TINTA MURO            ; PINK FOLK JR 90-0711            ; JR 90-0711   ; VERGINIA Phenix        ; VERGINIA Phenix        ;             ;        ;         ;        ;      ;        ; 13360377;              800   ;        0.8   ; L       ;            1; DefaultPaintType;               0; 06/26/2025 00:00:00;                                                      ;        ; 0     ;                                                                                                                   ;     ; RH            ; RH            ;     9366;       0.1  ;            0.1  ; OP            ; OP            ;  3373284;       1.643;            1.643;               ;               ;         ;            ;                 ;               ;               ;         ;            ;                 ;               ;               ;     ;            ;                 ;               ;               ;     ;            ;                 ;               ;               ;     ;            ;                 ;           ;         ;          ;            ;           ;                 ; 2507070A3HS008
A3-HS      ; 07/14/2025 11:05:32; 20250714110532859;              1;        1; A            ; A            ; Verginia STANDARD Fosco        ; Verginia STANDARD Fosco        ; FLEUR DE VANILLE JV 93-0230     ; JV 93-0230   ; VERGINIA Phenix        ; VERGINIA Phenix        ;             ;        ;         ;        ;      ;        ; 11594492;              800   ;        0.8   ; L       ;            1; DefaultPaintType;               0; 06/26/2025 00:00:00;                                                      ;        ; 0     ;                                                                                                                   ;     ; OP            ; OP            ;  3373284;       0.892;            0.892; JP            ; JP            ;    56575;       9.535;            9.535;               ;               ;         ;            ;                 ;               ;               ;         ;            ;                 ;               ;               ;     ;            ;                 ;               ;               ;     ;            ;                 ;               ;               ;     ;            ;                 ;           ;         ;          ;            ;           ;                 ; 2507070A3HS008
A3-HS      ; 07/14/2025 10:59:27; 20250714105927898;              1;        1; A            ; A            ; Verginia STANDARD Fosco        ; Verginia STANDARD Fosco        ; PIERRE DE CARCASSONE JR 78-0717 ; JR 78-0717   ; VERGINIA Phenix        ; VERGINIA Phenix        ;             ;        ;         ;        ;      ;        ; 10402778;              800   ;        0.8   ; L       ;            1; DefaultPaintType;               0; 06/26/2025 00:00:00;                                                      ;        ; 0     ;                                                                                                                   ;     ; JO            ; JO            ;    39372;      10.853;           10.853; RH            ; RH            ;     9366;       1.12 ;            1.12 ; NO            ; NO            ;        0;       1.225;            1.225;               ;               ;         ;            ;                 ;               ;               ;     ;            ;                 ;               ;               ;     ;            ;                 ;               ;               ;     ;            ;                 ;           ;         ;          ;            ;           ;                 ; 2507070A3HS008
A3-HS      ; 07/14/2025 10:54:50; 20250714105450371;              1;        1; A            ; A            ; Verginia STANDARD Fosco        ; Verginia STANDARD Fosco        ; CUIR ROSE RJ 75-2112            ; RJ 75-2112   ; VERGINIA Phenix        ; VERGINIA Phenix        ;             ;        ;         ;        ;      ;        ; 10660582;              800   ;        0.8   ; L       ;            1; DefaultPaintType;               0; 06/26/2025 00:00:00;                                                      ;        ; 0     ;                                                                                                                   ;     ; RH            ; RH            ;     9366;       2.432;            2.432; OP            ; OP            ;  3373284;       4.951;            4.951; RP            ; RP            ;      255;       3.184;            3.184;               ;               ;         ;            ;                 ;               ;               ;     ;            ;                 ;               ;               ;     ;            ;                 ;               ;               ;     ;            ;                 ;           ;         ;          ;            ;           ;                 ; 2507070A3HS008
A3-HS      ; 07/14/2025 10:51:29; 20250714105129763;              1;        1; A            ; A            ; Verginia STANDARD Fosco        ; Verginia STANDARD Fosco        ; MER DU NORD VB 75-2014          ; VB 75-2014   ; VERGINIA Phenix        ; VERGINIA Phenix        ;             ;        ;         ;        ;      ;        ; 13747319;              800   ;        0.8   ; L       ;            1; DefaultPaintType;               0; 06/26/2025 00:00:00;                                                      ;        ; 0     ;                                                                                                                   ;     ; BE            ; BE            ; 10485760;       4.426;            4.426; NO            ; NO            ;        0;       1.137;            1.137; VR            ; VR            ;    26112;       2.345;            2.345;               ;               ;         ;            ;                 ;               ;               ;     ;            ;                 ;               ;               ;     ;            ;                 ;               ;               ;     ;            ;                 ;           ;         ;          ;            ;           ;                 ; 2507070A3HS008
A3-HS      ; 07/14/2025 10:47:38; 20250714104738244;              1;        1; A            ; A            ; Verginia STANDARD Fosco        ; Verginia STANDARD Fosco        ; KRILL JR 80-2025                ; JR 80-2025   ; VERGINIA Phenix        ; VERGINIA Phenix        ;             ;        ;         ;        ;      ;        ; 10009083;              800   ;        0.8   ; L       ;            1; DefaultPaintType;               0; 06/26/2025 00:00:00;                                                      ;        ; 0     ;                                                                                                                   ;     ; RH            ; RH            ;     9366;       0.612;            0.612; OP            ; OP            ;  3373284;      19.891;           19.891; RP            ; RP            ;      255;       0.532;            0.532;               ;               ;         ;            ;                 ;               ;               ;     ;            ;                 ;               ;               ;     ;            ;                 ;               ;               ;     ;            ;                 ;           ;         ;          ;            ;           ;                 ; 2507070A3HS008
A3-HS      ; 07/14/2025 10:27:49; 20250714102749663;              1;        1; A            ; A            ; Verginia STANDARD Fosco        ; Verginia STANDARD Fosco        ; CITRONNADE JV 91-1034           ; JV 91-1034   ; VERGINIA Phenix        ; VERGINIA Phenix        ;             ;        ;         ;        ;      ;        ; 10676971;              800   ;        0.8   ; L       ;            1; DefaultPaintType;               0; 06/26/2025 00:00:00;                                                      ;        ; 0     ;                                                                                                                   ;     ; JP            ; JP            ;    56575;      16.289;           16.289; VR            ; VR            ;    26112;       0.094;            0.094;               ;               ;         ;            ;                 ;               ;               ;         ;            ;                 ;               ;               ;     ;            ;                 ;               ;               ;     ;            ;                 ;               ;               ;     ;            ;                 ;           ;         ;          ;            ;           ;                 ; 2507070A3HS008
A3-HS      ; 07/14/2025 10:20:03; 20250714102003225;              1;        1; A            ; A            ; Verginia STANDARD Fosco        ; Verginia STANDARD Fosco        ; IRIS MAUVE RB 65-2615           ; RB 65-2615   ; VERGINIA Phenix        ; VERGINIA Phenix        ;             ;        ;         ;        ;      ;        ; 12095423;              800   ;        0.8   ; L       ;            1; DefaultPaintType;               0; 06/26/2025 00:00:00;                                                      ;        ; 0     ;                                                                                                                   ;     ; RH            ; RH            ;     9366;       0.262;            0.262; NO            ; NO            ;        0;       2.694;            2.694; MA            ; MA            ;  1513356;      13.663;           13.663;               ;               ;         ;            ;                 ;               ;               ;     ;            ;                 ;               ;               ;     ;            ;                 ;               ;               ;     ;            ;                 ;           ;         ;          ;            ;           ;                 ; 2507070A3HS008
A3-HS      ; 07/14/2025 10:13:20; 20250714101320584;              1;        1; A            ; A            ; Verginia STANDARD Fosco        ; Verginia STANDARD Fosco        ; MYOSOTIS BV 78-0317             ; BV 78-0317   ; VERGINIA Phenix        ; VERGINIA Phenix        ;             ;        ;         ;        ;      ;        ; 14533288;              800   ;        0.8   ; L       ;            1; DefaultPaintType;               0; 06/26/2025 00:00:00;                                                      ;        ; 0     ;                                                                                                                   ;     ; BE            ; BE            ; 10485760;       1.285;            1.285; NO            ; NO            ;        0;       0.647;            0.647; VI            ; VI            ;  5189455;       1.907;            1.907;               ;               ;         ;            ;                 ;               ;               ;     ;            ;                 ;               ;               ;     ;            ;                 ;               ;               ;     ;            ;                 ;           ;         ;          ;            ;           ;                 ; 2507070A3HS008
A3-HS      ; 07/11/2025 08:43:07; 20250711084307444;              1;        1; C            ; C            ; Verginia EMBORRACHADO          ; Verginia EMBORRACHADO          ; GITANE BV 41-0834               ; BV 41-0834   ; VERGINIA Phenix        ; VERGINIA Phenix        ;             ;        ;         ;        ;      ;        ;  9922304;              800   ;        0.8   ; L       ;            1; DefaultPaintType;               0; 06/26/2025 00:00:00;                                                      ;        ; 0     ;                                                                                                                   ;     ; BE            ; BE            ; 10485760;      53.962;           53.962; BA            ; BA            ; 16777215;      28.23 ;           28.23 ; NO            ; NO            ;        0;       3.449;            3.449; VI            ; VI            ;  5189455;       3.248;            3.248;               ;               ;     ;            ;                 ;               ;               ;     ;            ;                 ;               ;               ;     ;            ;                 ;           ;         ;          ;            ;           ;                 ; 2507070A3HS008
A3-HS      ; 07/11/2025 08:37:27; 20250711083727613;              1;        1; C            ; C            ; Verginia EMBORRACHADO          ; Verginia EMBORRACHADO          ; EPICEA VJ 34-2203               ; VJ 34-2203   ; VERGINIA Phenix        ; VERGINIA Phenix        ;             ;        ;         ;        ;      ;        ;  4938272;              800   ;        0.8   ; L       ;            1; DefaultPaintType;               0; 06/26/2025 00:00:00;                                                      ;        ; 0     ;                                                                                                                   ;     ; BA            ; BA            ; 16777215;       3.274;            3.274; JO            ; JO            ;    39372;       8.346;            8.346; NO            ; NO            ;        0;       1.095;            1.095; VR            ; VR            ;    26112;      76.173;           76.173;               ;               ;     ;            ;                 ;               ;               ;     ;            ;                 ;               ;               ;     ;            ;                 ;           ;         ;          ;            ;           ;                 ; 2507070A3HS008
A3-HS      ; 07/11/2025 08:34:01; 20250711083401004;              1;        1; C            ; C            ; Verginia EMBORRACHADO          ; Verginia EMBORRACHADO          ; MAUVE BR 38-1823                ; BR 38-1823   ; VERGINIA Phenix        ; VERGINIA Phenix        ;             ;        ;         ;        ;      ;        ;  8278373;              800   ;        0.8   ; L       ;            1; DefaultPaintType;               0; 06/26/2025 00:00:00;                                                      ;        ; 0     ;                                                                                                                   ;     ; BA            ; BA            ; 16777215;      31.554;           31.554; NO            ; NO            ;        0;       6.024;            6.024; VI            ; VI            ;  5189455;      29.947;           29.947; MA            ; MA            ;  1513356;      21.363;           21.363;               ;               ;     ;            ;                 ;               ;               ;     ;            ;                 ;               ;               ;     ;            ;                 ;           ;         ;          ;            ;           ;                 ; 2507070A3HS008
A3-HS      ; 07/11/2025 08:32:36; 20250711083236709;              1;        1; C            ; C            ; Verginia EMBORRACHADO          ; Verginia EMBORRACHADO          ; ENCRE DE CHINE BR 27-0000       ; BR 27-0000   ; VERGINIA Phenix        ; VERGINIA Phenix        ;             ;        ;         ;        ;      ;        ;  4144958;              800   ;        0.8   ; L       ;            1; DefaultPaintType;               0; 06/26/2025 00:00:00;                                                      ;        ; 0     ;                                                                                                                   ;     ; NO            ; NO            ;        0;      89.252;           89.252;               ;               ;         ;            ;                 ;               ;               ;         ;            ;                 ;               ;               ;         ;            ;                 ;               ;               ;     ;            ;                 ;               ;               ;     ;            ;                 ;               ;               ;     ;            ;                 ;           ;         ;          ;            ;           ;                 ; 2507070A3HS008
A3-HS      ; 07/11/2025 08:30:31; 20250711083031004;              1;        1; C            ; C            ; Verginia EMBORRACHADO          ; Verginia EMBORRACHADO          ; LIMBE VJ 47-3715                ; VJ 47-3715   ; VERGINIA Phenix        ; VERGINIA Phenix        ;             ;        ;         ;        ;      ;        ;  5668385;              800   ;        0.8   ; L       ;            1; DefaultPaintType;               0; 06/26/2025 00:00:00;                                                      ;        ; 0     ;                                                                                                                   ;     ; BA            ; BA            ; 16777215;      14.455;           14.455; NO            ; NO            ;        0;       5.311;            5.311; VR            ; VR            ;    26112;      32.251;           32.251; PV            ; PV            ;    65535;      37.261;           37.261;               ;               ;     ;            ;                 ;               ;               ;     ;            ;                 ;               ;               ;     ;            ;                 ;           ;         ;          ;            ;           ;                 ; 2507070A3HS008
A3-HS      ; 07/11/2025 08:28:17; 20250711082817094;              1;        1; C            ; C            ; Verginia EMBORRACHADO          ; Verginia EMBORRACHADO          ; CHAMOIS JR 37-1213              ; JR 37-1213   ; VERGINIA Phenix        ; VERGINIA Phenix        ;             ;        ;         ;        ;      ;        ;  4280175;              800   ;        0.8   ; L       ;            1; DefaultPaintType;               0; 06/26/2025 00:00:00;                                                      ;        ; 0     ;                                                                                                                   ;     ; BA            ; BA            ; 16777215;       2.782;            2.782; JO            ; JO            ;    39372;      41.439;           41.439; RH            ; RH            ;     9366;      20.716;           20.716; NO            ; NO            ;        0;      23.952;           23.952;               ;               ;     ;            ;                 ;               ;               ;     ;            ;                 ;               ;               ;     ;            ;                 ;           ;         ;          ;            ;           ;                 ; 2507070A3HS008
A3-HS      ; 07/11/2025 08:25:28; 20250711082528488;              1;        1; C            ; C            ; Verginia EMBORRACHADO          ; Verginia EMBORRACHADO          ; SOUCHET VB 44-3106              ; VB 44-3106   ; VERGINIA Phenix        ; VERGINIA Phenix        ;             ;        ;         ;        ;      ;        ;  7435776;              800   ;        0.8   ; L       ;            1; DefaultPaintType;               0; 06/26/2025 00:00:00;                                                      ;        ; 0     ;                                                                                                                   ;     ; BE            ; BE            ; 10485760;      13.168;           13.168; BA            ; BA            ; 16777215;      27.296;           27.296; NO            ; NO            ;        0;       6.516;            6.516; VR            ; VR            ;    26112;      42.545;           42.545;               ;               ;     ;            ;                 ;               ;               ;     ;            ;                 ;               ;               ;     ;            ;                 ;           ;         ;          ;            ;           ;                 ; 2507070A3HS008
A3-HS      ; 07/11/2025 08:23:29; 20250711082329278;              1;        1; C            ; C            ; Verginia EMBORRACHADO          ; Verginia EMBORRACHADO          ; BORDEAUX RJ 37-3919             ; RJ 37-3919   ; VERGINIA Phenix        ; VERGINIA Phenix        ;             ;        ;         ;        ;      ;        ;  4012950;              800   ;        0.8   ; L       ;            1; DefaultPaintType;               0; 06/26/2025 00:00:00;                                                      ;        ; 0     ;                                                                                                                   ;     ; BA            ; BA            ; 16777215;       1.533;            1.533; NO            ; NO            ;        0;       0.958;            0.958; MA            ; MA            ;  1513356;      33.209;           33.209; RV            ; RV            ;      255;      53.523;           53.523;               ;               ;     ;            ;                 ;               ;               ;     ;            ;                 ;               ;               ;     ;            ;                 ;           ;         ;          ;            ;           ;                 ; 2507070A3HS008
A3-HS      ; 07/10/2025 17:13:49; 20250710171349555;              1;        1; B            ; B            ; Verginia EMBORRACHADO          ; Verginia EMBORRACHADO          ; TERRE DU TECH JR 65-0616        ; JR 65-0616   ; VERGINIA Phenix        ; VERGINIA Phenix        ;             ;        ;         ;        ;      ;        ;  8493490;              800   ;        0.8   ; L       ;            1; DefaultPaintType;               0; 06/26/2025 00:00:00;                                                      ;        ; 0     ;                                                                                                                   ;     ; BA            ; BA            ; 16777215;      31.111;           31.111; JO            ; JO            ;    39372;      20.662;           20.662; RH            ; RH            ;     9366;       2.993;            2.993; NO            ; NO            ;        0;       8.277;            8.277;               ;               ;     ;            ;                 ;               ;               ;     ;            ;                 ;               ;               ;     ;            ;                 ;           ;         ;          ;            ;           ;                 ; 2507070A3HS008
A3-HS      ; 07/10/2025 17:11:59; 20250710171159757;              1;        1; A            ; A            ; Verginia EMBORRACHADO          ; Verginia EMBORRACHADO          ; SABLE SEPIA RJ 59-0908          ; RJ 59-0908   ; VERGINIA Phenix        ; VERGINIA Phenix        ;             ;        ;         ;        ;      ;        ;  8358307;              800   ;        0.8   ; L       ;            1; DefaultPaintType;               0; 06/26/2025 00:00:00;                                                      ;        ; 0     ;                                                                                                                   ;     ; JO            ; JO            ;    39372;      10.118;           10.118; RH            ; RH            ;     9366;       6.39 ;            6.39 ; NO            ; NO            ;        0;       9.32 ;            9.32 ;               ;               ;         ;            ;                 ;               ;               ;     ;            ;                 ;               ;               ;     ;            ;                 ;               ;               ;     ;            ;                 ;           ;         ;          ;            ;           ;                 ; 2507070A3HS008
A3-HS      ; 07/10/2025 17:09:05; 20250710170905238;              1;        1; B            ; B            ; Verginia EMBORRACHADO          ; Verginia EMBORRACHADO          ; BAIE DE MYRTE BR 50-1627        ; BR 50-1627   ; VERGINIA Phenix        ; VERGINIA Phenix        ;             ;        ;         ;        ;      ;        ; 10776700;              800   ;        0.8   ; L       ;            1; DefaultPaintType;               0; 06/26/2025 00:00:00;                                                      ;        ; 0     ;                                                                                                                   ;     ; BA            ; BA            ; 16777215;      24.191;           24.191; NO            ; NO            ;        0;       3.905;            3.905; VI            ; VI            ;  5189455;      29.27 ;           29.27 ; MA            ; MA            ;  1513356;       5.842;            5.842;               ;               ;     ;            ;                 ;               ;               ;     ;            ;                 ;               ;               ;     ;            ;                 ;           ;         ;          ;            ;           ;                 ; 2507070A3HS008
A3-HS      ; 07/10/2025 17:05:37; 20250710170537269;              1;        1; B            ; B            ; Verginia EMBORRACHADO          ; Verginia EMBORRACHADO          ; NEW YORK JV 53-0202             ; JV 53-0202   ; VERGINIA Phenix        ; VERGINIA Phenix        ;             ;        ;         ;        ;      ;        ;  7962235;              800   ;        0.8   ; L       ;            1; DefaultPaintType;               0; 06/26/2025 00:00:00;                                                      ;        ; 0     ;                                                                                                                   ;     ; BA            ; BA            ; 16777215;       7.134;            7.134; JO            ; JO            ;    39372;      11.062;           11.062; NO            ; NO            ;        0;      34.525;           34.525;               ;               ;         ;            ;                 ;               ;               ;     ;            ;                 ;               ;               ;     ;            ;                 ;               ;               ;     ;            ;                 ;           ;         ;          ;            ;           ;                 ; 2507070A3HS008
A3-HS      ; 07/10/2025 10:30:15; 20250710103015964;              1;        1; B            ; B            ; Verginia EMBORRACHADO          ; Verginia EMBORRACHADO          ; NAUTILE VB 57-3614              ; VB 57-3614   ; VERGINIA Phenix        ; VERGINIA Phenix        ;             ;        ;         ;        ;      ;        ; 10525696;              800   ;        0.8   ; L       ;            1; DefaultPaintType;               0; 06/26/2025 00:00:00;                                                      ;        ; 0     ;                                                                                                                   ;     ; BE            ; BE            ; 10485760;      19.875;           19.875; BA            ; BA            ; 16777215;      12.771;           12.771; NO            ; NO            ;        0;       0.94 ;            0.94 ; VR            ; VR            ;    26112;      23.311;           23.311;               ;               ;     ;            ;                 ;               ;               ;     ;            ;                 ;               ;               ;     ;            ;                 ;           ;         ;          ;            ;           ;                 ; 2507070A3HS008
A3-HS      ; 07/10/2025 10:28:05; 20250710102805436;              1;        1; B            ; B            ; Verginia EMBORRACHADO          ; Verginia EMBORRACHADO          ; ORCHIDEE VANDA BR 46-1727       ; BR 46-1727   ; VERGINIA Phenix        ; VERGINIA Phenix        ;             ;        ;         ;        ;      ;        ;  9921649;              800   ;        0.8   ; L       ;            1; DefaultPaintType;               0; 06/26/2025 00:00:00;                                                      ;        ; 0     ;                                                                                                                   ;     ; BA            ; BA            ; 16777215;       1.027;            1.027; NO            ; NO            ;        0;       4.844;            4.844; VI            ; VI            ;  5189455;      36.58 ;           36.58 ; MA            ; MA            ;  1513356;       9.013;            9.013;               ;               ;     ;            ;                 ;               ;               ;     ;            ;                 ;               ;               ;     ;            ;                 ;           ;         ;          ;            ;           ;                 ; 2507070A3HS008
A3-HS      ; 07/10/2025 10:25:46; 20250710102546869;              1;        1; B            ; B            ; Verginia EMBORRACHADO          ; Verginia EMBORRACHADO          ; ROSE ORANGE RJ 73-3432          ; RJ 73-3432   ; VERGINIA Phenix        ; VERGINIA Phenix        ;             ;        ;         ;        ;      ;        ;  8100860;              800   ;        0.8   ; L       ;            1; DefaultPaintType;               0; 06/26/2025 00:00:00;                                                      ;        ; 0     ;                                                                                                                   ;     ; BA            ; BA            ; 16777215;      11.772;           11.772; OP            ; OP            ;  3373284;      28.037;           28.037; RP            ; RP            ;      255;       7.759;            7.759;               ;               ;         ;            ;                 ;               ;               ;     ;            ;                 ;               ;               ;     ;            ;                 ;               ;               ;     ;            ;                 ;           ;         ;          ;            ;           ;                 ; 2507070A3HS008
A3-HS      ; 07/10/2025 10:21:01; 20250710102101542;              1;        1; B            ; B            ; Verginia EMBORRACHADO          ; Verginia EMBORRACHADO          ; BOIS DE HETRE JR 78-0242        ; JR 78-0242   ; VERGINIA Phenix        ; VERGINIA Phenix        ;             ;        ;         ;        ;      ;        ;  7585502;              800   ;        0.8   ; L       ;            1; DefaultPaintType;               0; 06/26/2025 00:00:00;                                                      ;        ; 0     ;                                                                                                                   ;     ; BA            ; BA            ; 16777215;      11.068;           11.068; JO            ; JO            ;    39372;      14.298;           14.298; NO            ; NO            ;        0;       0.793;            0.793; JP            ; JP            ;    56575;      25.307;           25.307;               ;               ;     ;            ;                 ;               ;               ;     ;            ;                 ;               ;               ;     ;            ;                 ;           ;         ;          ;            ;           ;                 ; 2507070A3HS008
A3-HS      ; 07/10/2025 09:31:27; 20250710093127349;              1;        1; B            ; B            ; Verginia EMBORRACHADO          ; Verginia EMBORRACHADO          ; TERRE DU TECH JR 65-0616        ; JR 65-0616   ; VERGINIA Phenix        ; VERGINIA Phenix        ;             ;        ;         ;        ;      ;        ;  8493490;                0.8 ;        0.8   ; ML      ;            1; DefaultPaintType;               0; 06/26/2025 00:00:00;                                                      ;        ; 0     ;                                                                                                                   ;     ; BA            ; BA            ; 16777215;       0.031;            0.031; JO            ; JO            ;    39372;       0.021;            0.021; RH            ; RH            ;     9366;       0.003;            0.003; NO            ; NO            ;        0;       0.008;            0.008;               ;               ;     ;            ;                 ;               ;               ;     ;            ;                 ;               ;               ;     ;            ;                 ;           ;         ;          ;            ;           ;                 ; 2507070A3HS008
A3-HS      ; 07/10/2025 09:26:29; 20250710092629447;              1;        1; A            ; A            ; Verginia EMBORRACHADO          ; Verginia EMBORRACHADO          ; SABLE SEPIA RJ 59-0908          ; RJ 59-0908   ; VERGINIA Phenix        ; VERGINIA Phenix        ;             ;        ;         ;        ;      ;        ;  8358307;                0.8 ;        0.8   ; ML      ;            1; DefaultPaintType;               0; 06/26/2025 00:00:00;                                                      ;        ; 0     ;                                                                                                                   ;     ; JO            ; JO            ;    39372;       0.01 ;            0.01 ; RH            ; RH            ;     9366;       0.006;            0.006; NO            ; NO            ;        0;       0.009;            0.009;               ;               ;         ;            ;                 ;               ;               ;     ;            ;                 ;               ;               ;     ;            ;                 ;               ;               ;     ;            ;                 ;           ;         ;          ;            ;           ;                 ; 2507070A3HS008
A3-HS      ; 07/10/2025 09:23:58; 20250710092358296;              1;        1; B            ; B            ; Verginia EMBORRACHADO          ; Verginia EMBORRACHADO          ; BAIE DE MYRTE BR 50-1627        ; BR 50-1627   ; VERGINIA Phenix        ; VERGINIA Phenix        ;             ;        ;         ;        ;      ;        ; 10776700;                0.8 ;        0.8   ; ML      ;            1; DefaultPaintType;               0; 06/26/2025 00:00:00;                                                      ;        ; 0     ;                                                                                                                   ;     ; BA            ; BA            ; 16777215;       0.024;            0.024; NO            ; NO            ;        0;       0.004;            0.004; VI            ; VI            ;  5189455;       0.029;            0.029; MA            ; MA            ;  1513356;       0.006;            0.006;               ;               ;     ;            ;                 ;               ;               ;     ;            ;                 ;               ;               ;     ;            ;                 ;           ;         ;          ;            ;           ;                 ; 2507070A3HS008
A3-HS      ; 07/10/2025 09:22:00; 20250710092200886;              1;        1; B            ; B            ; Verginia EMBORRACHADO          ; Verginia EMBORRACHADO          ; NEW YORK JV 53-0202             ; JV 53-0202   ; VERGINIA Phenix        ; VERGINIA Phenix        ;             ;        ;         ;        ;      ;        ;  7962235;                0.8 ;        0.8   ; ML      ;            1; DefaultPaintType;               0; 06/26/2025 00:00:00;                                                      ;        ; 0     ;                                                                                                                   ;     ; BA            ; BA            ; 16777215;       0.007;            0.007; JO            ; JO            ;    39372;       0.011;            0.011; NO            ; NO            ;        0;       0.035;            0.035;               ;               ;         ;            ;                 ;               ;               ;     ;            ;                 ;               ;               ;     ;            ;                 ;               ;               ;     ;            ;                 ;           ;         ;          ;            ;           ;                 ; 2507070A3HS008
A3-HS      ; 07/10/2025 09:19:26; 20250710091926857;              1;        1; B            ; B            ; Verginia EMBORRACHADO          ; Verginia EMBORRACHADO          ; NAUTILE VB 57-3614              ; VB 57-3614   ; VERGINIA Phenix        ; VERGINIA Phenix        ;             ;        ;         ;        ;      ;        ; 10525696;                0.8 ;        0.8   ; ML      ;            1; DefaultPaintType;               0; 06/26/2025 00:00:00;                                                      ;        ; 0     ;                                                                                                                   ;     ; BE            ; BE            ; 10485760;       0.02 ;            0.02 ; BA            ; BA            ; 16777215;       0.013;            0.013; NO            ; NO            ;        0;       0.001;            0.001; VR            ; VR            ;    26112;       0.023;            0.023;               ;               ;     ;            ;                 ;               ;               ;     ;            ;                 ;               ;               ;     ;            ;                 ;           ;         ;          ;            ;           ;                 ; 2507070A3HS008
A3-HS      ; 07/10/2025 09:15:44; 20250710091544456;              1;        1; B            ; B            ; Verginia EMBORRACHADO          ; Verginia EMBORRACHADO          ; ORCHIDEE VANDA BR 46-1727       ; BR 46-1727   ; VERGINIA Phenix        ; VERGINIA Phenix        ;             ;        ;         ;        ;      ;        ;  9921649;                0.8 ;        0.8   ; ML      ;            1; DefaultPaintType;               0; 06/26/2025 00:00:00;                                                      ;        ; 0     ;                                                                                                                   ;     ; BA            ; BA            ; 16777215;       0.001;            0.001; NO            ; NO            ;        0;       0.005;            0.005; VI            ; VI            ;  5189455;       0.037;            0.037; MA            ; MA            ;  1513356;       0.009;            0.009;               ;               ;     ;            ;                 ;               ;               ;     ;            ;                 ;               ;               ;     ;            ;                 ;           ;         ;          ;            ;           ;                 ; 2507070A3HS008
A3-HS      ; 07/10/2025 09:10:58; 20250710091058449;              1;        1; B            ; B            ; Verginia EMBORRACHADO          ; Verginia EMBORRACHADO          ; ROSE ORANGE RJ 73-3432          ; RJ 73-3432   ; VERGINIA Phenix        ; VERGINIA Phenix        ;             ;        ;         ;        ;      ;        ;  8100860;                0.8 ;        0.8   ; ML      ;            1; DefaultPaintType;               0; 06/26/2025 00:00:00;                                                      ;        ; 0     ;                                                                                                                   ;     ; BA            ; BA            ; 16777215;       0.012;            0.012; OP            ; OP            ;  3373284;       0.028;            0.028; RP            ; RP            ;      255;       0.008;            0.008;               ;               ;         ;            ;                 ;               ;               ;     ;            ;                 ;               ;               ;     ;            ;                 ;               ;               ;     ;            ;                 ;           ;         ;          ;            ;           ;                 ; 2507070A3HS008
A3-HS      ; 07/10/2025 09:07:33; 20250710090733731;              1;        1; B            ; B            ; Verginia EMBORRACHADO          ; Verginia EMBORRACHADO          ; BOIS DE HETRE JR 78-0242        ; JR 78-0242   ; VERGINIA Phenix        ; VERGINIA Phenix        ;             ;        ;         ;        ;      ;        ;  7585502;                0.8 ;        0.8   ; ML      ;            1; DefaultPaintType;               0; 06/26/2025 00:00:00;                                                      ;        ; 0     ;                                                                                                                   ;     ; BA            ; BA            ; 16777215;       0.011;            0.011; JO            ; JO            ;    39372;       0.014;            0.014; NO            ; NO            ;        0;       0.001;            0.001; JP            ; JP            ;    56575;       0.025;            0.025;               ;               ;     ;            ;                 ;               ;               ;     ;            ;                 ;               ;               ;     ;            ;                 ;           ;         ;          ;            ;           ;                 ; 2507070A3HS008
A3-HS      ; 07/08/2025 13:55:55; 20250708135555497;              1;        1; IM           ; IM           ; LATEXOR Fosco                  ; LATEXOR Fosco                  ; TINTA BASE BM                   ; TINTA BASE BM;                        ;                        ; VERGINIA    ;        ; CURITIBA;        ;      ;        ;        0;              150   ;        0.15  ; L       ;            2; DefaultPaintType;               0; 05/08/2025 08:52:23; FORMULA PARA CONTROLE DE BASES BM TINTAS             ;        ; 0     ;                                                                                                                   ;     ; BE            ; BE            ; 10485760;       6    ;            6    ; BA            ; BA            ; 16777215;       3    ;            3    ;               ;               ;         ;            ;                 ;               ;               ;         ;            ;                 ;               ;               ;     ;            ;                 ;               ;               ;     ;            ;                 ;               ;               ;     ;            ;                 ;           ;         ;          ;            ;           ;                 ; 2507070A3HS008
A3-HS      ; 07/07/2025 15:28:51; 20250707152851981;              1;        1; A            ; A            ; Verginia EMBORRACHADO          ; Verginia EMBORRACHADO          ; PACIFIQUE BV 73-0821            ; BV 73-0821   ; VERGINIA Phenix        ; VERGINIA Phenix        ;             ;        ;         ;        ;      ;        ; 14071942;              800   ;        0.8   ; L       ;            1; DefaultPaintType;               0; 06/26/2025 00:00:00;                                                      ;        ; 0     ;                                                                                                                   ;     ; BE            ; BE            ; 10485760;       3.231;            3.231; NO            ; NO            ;        0;       0.905;            0.905; VI            ; VI            ;  5189455;       1.539;            1.539;               ;               ;         ;            ;                 ;               ;               ;     ;            ;                 ;               ;               ;     ;            ;                 ;               ;               ;     ;            ;                 ;           ;         ;          ;            ;           ;                 ; 2507070A3HS008
A3-HS      ; 07/07/2025 15:25:55; 20250707152555197;              1;        1; A            ; A            ; Verginia EMBORRACHADO          ; Verginia EMBORRACHADO          ; HELLEBORE JV 90-0923            ; JV 90-0923   ; VERGINIA Phenix        ; VERGINIA Phenix        ;             ;        ;         ;        ;      ;        ; 11790048;              800   ;        0.8   ; L       ;            1; DefaultPaintType;               0; 06/26/2025 00:00:00;                                                      ;        ; 0     ;                                                                                                                   ;     ; JO            ; JO            ;    39372;       1.065;            1.065; JP            ; JP            ;    56575;       5.256;            5.256; VR            ; VR            ;    26112;       0.216;            0.216;               ;               ;         ;            ;                 ;               ;               ;     ;            ;                 ;               ;               ;     ;            ;                 ;               ;               ;     ;            ;                 ;           ;         ;          ;            ;           ;                 ; 2507070A3HS008
A3-HS      ; 07/07/2025 15:22:49; 20250707152249831;              1;        1; A            ; A            ; Verginia EMBORRACHADO          ; Verginia EMBORRACHADO          ; SCORIE JR 72-0208               ; JR 72-0208   ; VERGINIA Phenix        ; VERGINIA Phenix        ;             ;        ;         ;        ;      ;        ; 10530746;              800   ;        0.8   ; L       ;            1; DefaultPaintType;               0; 06/26/2025 00:00:00;                                                      ;        ; 0     ;                                                                                                                   ;     ; JO            ; JO            ;    39372;       5.615;            5.615; RH            ; RH            ;     9366;       0.825;            0.825; NO            ; NO            ;        0;       4.591;            4.591;               ;               ;         ;            ;                 ;               ;               ;     ;            ;                 ;               ;               ;     ;            ;                 ;               ;               ;     ;            ;                 ;           ;         ;          ;            ;           ;                 ; 2507070A3HS008
A3-HS      ; 07/07/2025 15:17:09; 20250707151709143;              1;        1; A            ; A            ; Verginia EMBORRACHADO          ; Verginia EMBORRACHADO          ; GALET BLEU BV 66-0618           ; BV 66-0618   ; VERGINIA Phenix        ; VERGINIA Phenix        ;             ;        ;         ;        ;      ;        ; 12494211;              800   ;        0.8   ; L       ;            1; DefaultPaintType;               0; 06/26/2025 00:00:00;                                                      ;        ; 0     ;                                                                                                                   ;     ; BE            ; BE            ; 10485760;       3.328;            3.328; NO            ; NO            ;        0;       4.527;            4.527; VI            ; VI            ;  5189455;       2.53 ;            2.53 ;               ;               ;         ;            ;                 ;               ;               ;     ;            ;                 ;               ;               ;     ;            ;                 ;               ;               ;     ;            ;                 ;           ;         ;          ;            ;           ;                 ; 2507070A3HS008
A3-HS      ; 07/07/2025 15:15:00; 20250707151500488;              1;        1; A            ; A            ; Verginia EMBORRACHADO          ; Verginia EMBORRACHADO          ; CREME BONBON RJ 91-1201         ; RJ 91-1201   ; VERGINIA Phenix        ; VERGINIA Phenix        ;             ;        ;         ;        ;      ;        ; 14605049;              800   ;        0.8   ; L       ;            1; DefaultPaintType;               0; 06/26/2025 00:00:00;                                                      ;        ; 0     ;                                                                                                                   ;     ; RP            ; RP            ;      255;       0.654;            0.654; MA            ; MA            ;  1513356;       0.179;            0.179;               ;               ;         ;            ;                 ;               ;               ;         ;            ;                 ;               ;               ;     ;            ;                 ;               ;               ;     ;            ;                 ;               ;               ;     ;            ;                 ;           ;         ;          ;            ;           ;                 ; 2507070A3HS008
A3-HS      ; 07/07/2025 15:13:06; 20250707151306217;              1;        1; A            ; A            ; Verginia EMBORRACHADO          ; Verginia EMBORRACHADO          ; CHOU CHINOIS JV 82-1418         ; JV 82-1418   ; VERGINIA Phenix        ; VERGINIA Phenix        ;             ;        ;         ;        ;      ;        ; 11195582;              800   ;        0.8   ; L       ;            1; DefaultPaintType;               0; 06/26/2025 00:00:00;                                                      ;        ; 0     ;                                                                                                                   ;     ; JO            ; JO            ;    39372;       5.668;            5.668; JP            ; JP            ;    56575;       3.327;            3.327; VR            ; VR            ;    26112;       1.437;            1.437;               ;               ;         ;            ;                 ;               ;               ;     ;            ;                 ;               ;               ;     ;            ;                 ;               ;               ;     ;            ;                 ;           ;         ;          ;            ;           ;                 ; 2507070A3HS008
A3-HS      ; 07/07/2025 15:09:43; 20250707150943122;              1;        1; A            ; A            ; Verginia EMBORRACHADO          ; Verginia EMBORRACHADO          ; ZEN BV 89-0206                  ; BV 89-0206   ; VERGINIA Phenix        ; VERGINIA Phenix        ;             ;        ;         ;        ;      ;        ; 15327702;              800   ;        0.8   ; L       ;            1; DefaultPaintType;               0; 06/26/2025 00:00:00;                                                      ;        ; 0     ;                                                                                                                   ;     ; BE            ; BE            ; 10485760;       0.121;            0.121; NO            ; NO            ;        0;       0.095;            0.095; VI            ; VI            ;  5189455;       0.21 ;            0.21 ;               ;               ;         ;            ;                 ;               ;               ;     ;            ;                 ;               ;               ;     ;            ;                 ;               ;               ;     ;            ;                 ;           ;         ;          ;            ;           ;                 ; 2507070A3HS008
A3-HS      ; 07/07/2025 14:59:09; 20250707145909276;              1;        1; A            ; A            ; Verginia EMBORRACHADO          ; Verginia EMBORRACHADO          ; NACRE JR 91-0308                ; JR 91-0308   ; VERGINIA Phenix        ; VERGINIA Phenix        ;             ;        ;         ;        ;      ;        ; 13886193;              800   ;        0.8   ; L       ;            1; DefaultPaintType;               0; 06/26/2025 00:00:00;                                                      ;        ; 0     ;                                                                                                                   ;     ; JO            ; JO            ;    39372;       0.683;            0.683; RH            ; RH            ;     9366;       0.107;            0.107; NO            ; NO            ;        0;       0.045;            0.045;               ;               ;         ;            ;                 ;               ;               ;     ;            ;                 ;               ;               ;     ;            ;                 ;               ;               ;     ;            ;                 ;           ;         ;          ;            ;           ;                 ; 2507070A3HS008
A3-HS      ; 07/07/2025 08:40:07; 20250707084007007;              1;        1; C            ; C            ; Verginia TINTA TEXTURA/GRAFIATO; Verginia TINTA TEXTURA/GRAFIATO; DANUBE VB 51-3706               ; VB 51-3706   ; VERGINIA Phenix        ; VERGINIA Phenix        ;             ;        ;         ;        ;      ;        ;  8554752;              800   ;        0.8   ; L       ;            1; DefaultPaintType;               0; 05/10/2025 00:00:00;                                                      ;        ; 0     ;                                                                                                                   ;     ; BE            ; BE            ; 10485760;      11.051;           11.051; BA            ; BA            ; 16777215;      40.137;           40.137; NO            ; NO            ;        0;       2.942;            2.942; VR            ; VR            ;    26112;      34.759;           34.759;               ;               ;     ;            ;                 ;               ;               ;     ;            ;                 ;               ;               ;     ;            ;                 ;           ;         ;          ;            ;           ;                 ; 2507070A3HS008
A3-HS      ; 07/07/2025 08:38:01; 20250707083801432;              1;        1; C            ; C            ; Verginia TINTA TEXTURA/GRAFIATO; Verginia TINTA TEXTURA/GRAFIATO; COQUELICOT RJ 46-5434           ; RJ 46-5434   ; VERGINIA Phenix        ; VERGINIA Phenix        ;             ;        ;         ;        ;      ;        ;  3685830;              800   ;        0.8   ; L       ;            1; DefaultPaintType;               0; 05/10/2025 00:00:00;                                                      ;        ; 0     ;                                                                                                                   ;     ; BA            ; BA            ; 16777215;       1.342;            1.342; OP            ; OP            ;  3373284;      21.618;           21.618; RV            ; RV            ;      255;      65.929;           65.929;               ;               ;         ;            ;                 ;               ;               ;     ;            ;                 ;               ;               ;     ;            ;                 ;               ;               ;     ;            ;                 ;           ;         ;          ;            ;           ;                 ; 2507070A3HS008
A3-HS      ; 07/07/2025 08:35:26; 20250707083526607;              1;        1; C            ; C            ; Verginia TINTA TEXTURA/GRAFIATO; Verginia TINTA TEXTURA/GRAFIATO; ABYSSE BR 29-0425               ; BR 29-0425   ; VERGINIA Phenix        ; VERGINIA Phenix        ;             ;        ;         ;        ;      ;        ;  7095598;              800   ;        0.8   ; L       ;            1; DefaultPaintType;               0; 05/10/2025 00:00:00;                                                      ;        ; 0     ;                                                                                                                   ;     ; BE            ; BE            ; 10485760;      87.225;           87.225; BA            ; BA            ; 16777215;       1.725;            1.725; NO            ; NO            ;        0;       0.274;            0.274;               ;               ;         ;            ;                 ;               ;               ;     ;            ;                 ;               ;               ;     ;            ;                 ;               ;               ;     ;            ;                 ;           ;         ;          ;            ;           ;                 ; 2507070A3HS008
A3-HS      ; 07/07/2025 08:32:56; 20250707083256152;              1;        1; C            ; C            ; Verginia TINTA TEXTURA/GRAFIATO; Verginia TINTA TEXTURA/GRAFIATO; TASTEVIN RB 35-2710             ; RB 35-2710   ; VERGINIA Phenix        ; VERGINIA Phenix        ;             ;        ;         ;        ;      ;        ;  6374003;              800   ;        0.8   ; L       ;            1; DefaultPaintType;               0; 05/10/2025 00:00:00;                                                      ;        ; 0     ;                                                                                                                   ;     ; BA            ; BA            ; 16777215;      14.483;           14.483; NO            ; NO            ;        0;       7.611;            7.611; MA            ; MA            ;  1513356;      67.322;           67.322;               ;               ;         ;            ;                 ;               ;               ;     ;            ;                 ;               ;               ;     ;            ;                 ;               ;               ;     ;            ;                 ;           ;         ;          ;            ;           ;                 ; 2507070A3HS008
A3-HS      ; 07/07/2025 08:30:33; 20250707083033881;              1;        1; C            ; C            ; Verginia TINTA TEXTURA/GRAFIATO; Verginia TINTA TEXTURA/GRAFIATO; JUS DE MURE RJ 40-4413          ; RJ 40-4413   ; VERGINIA Phenix        ; VERGINIA Phenix        ;             ;        ;         ;        ;      ;        ;  4799390;              800   ;        0.8   ; L       ;            1; DefaultPaintType;               0; 05/10/2025 00:00:00;                                                      ;        ; 0     ;                                                                                                                   ;     ; BA            ; BA            ; 16777215;       6.187;            6.187; NO            ; NO            ;        0;       0.137;            0.137; MA            ; MA            ;  1513356;      50.923;           50.923; RV            ; RV            ;      255;      32.004;           32.004;               ;               ;     ;            ;                 ;               ;               ;     ;            ;                 ;               ;               ;     ;            ;                 ;           ;         ;          ;            ;           ;                 ; 2507070A3HS008
A3-HS      ; 07/07/2025 08:28:31; 20250707082831625;              1;        1; C            ; C            ; Verginia TINTA TEXTURA/GRAFIATO; Verginia TINTA TEXTURA/GRAFIATO; PILI PILI RJ 57-5146            ; RJ 57-5146   ; VERGINIA Phenix        ; VERGINIA Phenix        ;             ;        ;         ;        ;      ;        ;  3562726;              800   ;        0.8   ; L       ;            1; DefaultPaintType;               0; 05/10/2025 00:00:00;                                                      ;        ; 0     ;                                                                                                                   ;     ; OP            ; OP            ;  3373284;      80.409;           80.409; RV            ; RV            ;      255;       8.843;            8.843;               ;               ;         ;            ;                 ;               ;               ;         ;            ;                 ;               ;               ;     ;            ;                 ;               ;               ;     ;            ;                 ;               ;               ;     ;            ;                 ;           ;         ;          ;            ;           ;                 ; 2507070A3HS008
A3-HS      ; 07/07/2025 08:25:02; 20250707082502979;              1;        1; C            ; C            ; Verginia TINTA TEXTURA/GRAFIATO; Verginia TINTA TEXTURA/GRAFIATO; CANNELLE JR 60-3252             ; JR 60-3252   ; VERGINIA Phenix        ; VERGINIA Phenix        ;             ;        ;         ;        ;      ;        ;  3438806;              800   ;        0.8   ; L       ;            1; DefaultPaintType;               0; 05/10/2025 00:00:00;                                                      ;        ; 0     ;                                                                                                                   ;     ; BA            ; BA            ; 16777215;       1.506;            1.506; JO            ; JO            ;    39372;      28.473;           28.473; RH            ; RH            ;     9366;       0.384;            0.384; OP            ; OP            ;  3373284;      58.89 ;           58.89 ;               ;               ;     ;            ;                 ;               ;               ;     ;            ;                 ;               ;               ;     ;            ;                 ;           ;         ;          ;            ;           ;                 ; 2507070A3HS008
A3-HS      ; 07/07/2025 08:22:38; 20250707082238826;              1;        1; C            ; C            ; Verginia TINTA TEXTURA/GRAFIATO; Verginia TINTA TEXTURA/GRAFIATO; COURGE JR 70-0862               ; JR 70-0862   ; VERGINIA Phenix        ; VERGINIA Phenix        ;             ;        ;         ;        ;      ;        ;  3187925;              800   ;        0.8   ; L       ;            1; DefaultPaintType;               0; 05/10/2025 00:00:00;                                                      ;        ; 0     ;                                                                                                                   ;     ; BA            ; BA            ; 16777215;       2.793;            2.793; JO            ; JO            ;    39372;      15.715;           15.715; NO            ; NO            ;        0;       0.794;            0.794; PV            ; PV            ;    65535;      69.951;           69.951;               ;               ;     ;            ;                 ;               ;               ;     ;            ;                 ;               ;               ;     ;            ;                 ;           ;         ;          ;            ;           ;                 ; 2507070A3HS008
A3-HS      ; 07/04/2025 14:09:36; 20250704140936455;              1;        1; B            ; B            ; Verginia TINTA TEXTURA/GRAFIATO; Verginia TINTA TEXTURA/GRAFIATO; PAPAYE JR 78-2350               ; JR 78-2350   ; VERGINIA Phenix        ; VERGINIA Phenix        ;             ;        ;         ;        ;      ;        ;  6401791;              800   ;        0.8   ; L       ;            1; DefaultPaintType;               0; 05/10/2025 00:00:00;                                                      ;        ; 0     ;                                                                                                                   ;     ; JO            ; JO            ;    39372;       0.562;            0.562; OP            ; OP            ;  3373284;      25.908;           25.908; JP            ; JP            ;    56575;      27.485;           27.485;               ;               ;         ;            ;                 ;               ;               ;     ;            ;                 ;               ;               ;     ;            ;                 ;               ;               ;     ;            ;                 ;           ;         ;          ;            ;           ;                 ; 2507070A3HS008
A3-HS      ; 07/04/2025 11:47:36; 20250704114736871;              1;        1; B            ; B            ; Verginia TINTA TEXTURA/GRAFIATO; Verginia TINTA TEXTURA/GRAFIATO; NEW YORK JV 53-0202             ; JV 53-0202   ; VERGINIA Phenix        ; VERGINIA Phenix        ;             ;        ;         ;        ;      ;        ;  7962235;              800   ;        0.8   ; L       ;            1; DefaultPaintType;               0; 05/10/2025 00:00:00;                                                      ;        ; 0     ;                                                                                                                   ;     ; BA            ; BA            ; 16777215;       6.497;            6.497; JO            ; JO            ;    39372;      10.074;           10.074; NO            ; NO            ;        0;      31.442;           31.442;               ;               ;         ;            ;                 ;               ;               ;     ;            ;                 ;               ;               ;     ;            ;                 ;               ;               ;     ;            ;                 ;           ;         ;          ;            ;           ;                 ; 2507070A3HS008
A3-HS      ; 07/04/2025 11:45:31; 20250704114531863;              1;        1; B            ; B            ; Verginia TINTA TEXTURA/GRAFIATO; Verginia TINTA TEXTURA/GRAFIATO; LIME VJ 74-3325                 ; VJ 74-3325   ; VERGINIA Phenix        ; VERGINIA Phenix        ;             ;        ;         ;        ;      ;        ;  8766850;              800   ;        0.8   ; L       ;            1; DefaultPaintType;               0; 05/10/2025 00:00:00;                                                      ;        ; 0     ;                                                                                                                   ;     ; BA            ; BA            ; 16777215;      15.347;           15.347; JO            ; JO            ;    39372;       3.425;            3.425; JP            ; JP            ;    56575;      23.716;           23.716; VR            ; VR            ;    26112;       6.283;            6.283;               ;               ;     ;            ;                 ;               ;               ;     ;            ;                 ;               ;               ;     ;            ;                 ;           ;         ;          ;            ;           ;                 ; 2507070A3HS008
A3-HS      ; 07/04/2025 11:42:59; 20250704114259144;              1;        1; B            ; B            ; Verginia TINTA TEXTURA/GRAFIATO; Verginia TINTA TEXTURA/GRAFIATO; BLEU BLEUET BR 52-0137          ; BR 52-0137   ; VERGINIA Phenix        ; VERGINIA Phenix        ;             ;        ;         ;        ;      ;        ; 12287563;              800   ;        0.8   ; L       ;            1; DefaultPaintType;               0; 05/10/2025 00:00:00;                                                      ;        ; 0     ;                                                                                                                   ;     ; BE            ; BE            ; 10485760;      16.443;           16.443; BA            ; BA            ; 16777215;      13.849;           13.849; VI            ; VI            ;  5189455;      16.63 ;           16.63 ;               ;               ;         ;            ;                 ;               ;               ;     ;            ;                 ;               ;               ;     ;            ;                 ;               ;               ;     ;            ;                 ;           ;         ;          ;            ;           ;                 ; 2507070A3HS008
A3-HS      ; 07/04/2025 11:40:16; 20250704114016201;              1;        1; B            ; B            ; Verginia TINTA TEXTURA/GRAFIATO; Verginia TINTA TEXTURA/GRAFIATO; FLEUR DE PEAU RJ 65-3515        ; RJ 65-3515   ; VERGINIA Phenix        ; VERGINIA Phenix        ;             ;        ;         ;        ;      ;        ;  8553438;              800   ;        0.8   ; L       ;            1; DefaultPaintType;               0; 05/10/2025 00:00:00;                                                      ;        ; 0     ;                                                                                                                   ;     ; BA            ; BA            ; 16777215;      19.25 ;           19.25 ; RH            ; RH            ;     9366;       2.727;            2.727; NO            ; NO            ;        0;       0.348;            0.348; RP            ; RP            ;      255;      23.315;           23.315;               ;               ;     ;            ;                 ;               ;               ;     ;            ;                 ;               ;               ;     ;            ;                 ;           ;         ;          ;            ;           ;                 ; 2507070A3HS008
A3-HS      ; 07/04/2025 11:35:58; 20250704113558162;              1;        1; B            ; B            ; Verginia TINTA TEXTURA/GRAFIATO; Verginia TINTA TEXTURA/GRAFIATO; CALCITE JR 70-3135              ; JR 70-3135   ; VERGINIA Phenix        ; VERGINIA Phenix        ;             ;        ;         ;        ;      ;        ;  7115759;              800   ;        0.8   ; L       ;            1; DefaultPaintType;               0; 05/10/2025 00:00:00;                                                      ;        ; 0     ;                                                                                                                   ;     ; BA            ; BA            ; 16777215;       2.058;            2.058; RH            ; RH            ;     9366;       1.872;            1.872; OP            ; OP            ;  3373284;      40.56 ;           40.56 ; RP            ; RP            ;      255;       3.449;            3.449;               ;               ;     ;            ;                 ;               ;               ;     ;            ;                 ;               ;               ;     ;            ;                 ;           ;         ;          ;            ;           ;                 ; 2507070A3HS008
A3-HS      ; 07/04/2025 11:35:43; 20250704113543465;              1;        1; B            ; B            ; Verginia TINTA TEXTURA/GRAFIATO; Verginia TINTA TEXTURA/GRAFIATO; CALCITE JR 70-3135              ; JR 70-3135   ; VERGINIA Phenix        ; VERGINIA Phenix        ;             ;        ;         ;        ;      ;        ;  7115759;             3200   ;        3.2   ; L       ;            1; DefaultPaintType;               0; 05/10/2025 00:00:00;                                                      ;        ; -1    ; Abort : Abort Job                                                                                                 ;     ; BA            ; BA            ; 16777215;       8.233;            0    ; RH            ; RH            ;     9366;       7.486;            0    ; OP            ; OP            ;  3373284;     162.241;            0    ; RP            ; RP            ;      255;      13.795;            0    ;               ;               ;     ;            ;                 ;               ;               ;     ;            ;                 ;               ;               ;     ;            ;                 ;           ;         ;          ;            ;           ;                 ; 2507070A3HS008
A3-HS      ; 07/04/2025 11:33:35; 20250704113335658;              1;        1; B            ; B            ; Verginia TINTA TEXTURA/GRAFIATO; Verginia TINTA TEXTURA/GRAFIATO; ORANGE SAUMONE JR 77-2544       ; JR 77-2544   ; VERGINIA Phenix        ; VERGINIA Phenix        ;             ;        ;         ;        ;      ;        ;  6990589;              800   ;        0.8   ; L       ;            1; DefaultPaintType;               0; 05/10/2025 00:00:00;                                                      ;        ; 0     ;                                                                                                                   ;     ; BA            ; BA            ; 16777215;       2.407;            2.407; JO            ; JO            ;    39372;       4.706;            4.706; OP            ; OP            ;  3373284;      31.871;           31.871; JP            ; JP            ;    56575;       5.883;            5.883;               ;               ;     ;            ;                 ;               ;               ;     ;            ;                 ;               ;               ;     ;            ;                 ;           ;         ;          ;            ;           ;                 ; 2507070A3HS008
A3-HS      ; 07/04/2025 11:31:01; 20250704113101859;              1;        1; B            ; B            ; Verginia TINTA TEXTURA/GRAFIATO; Verginia TINTA TEXTURA/GRAFIATO; CHAPEAU DE PAILLE JR 87-0149    ; JR 87-0149   ; VERGINIA Phenix        ; VERGINIA Phenix        ;             ;        ;         ;        ;      ;        ;  7984888;              800   ;        0.8   ; L       ;            1; DefaultPaintType;               0; 05/10/2025 00:00:00;                                                      ;        ; 0     ;                                                                                                                   ;     ; BA            ; BA            ; 16777215;      13.877;           13.877; JO            ; JO            ;    39372;       2.995;            2.995; OP            ; OP            ;  3373284;       1.043;            1.043; JP            ; JP            ;    56575;      29.01 ;           29.01 ;               ;               ;     ;            ;                 ;               ;               ;     ;            ;                 ;               ;               ;     ;            ;                 ;           ;         ;          ;            ;           ;                 ; 2507070A3HS008
A3-HS      ; 07/03/2025 16:17:55; 20250703161755470;              1;        1; A            ; A            ; Verginia TINTA TEXTURA/GRAFIATO; Verginia TINTA TEXTURA/GRAFIATO; RAVINE VJ 88-1501               ; VJ 88-1501   ; VERGINIA Phenix        ; VERGINIA Phenix        ;             ;        ;         ;        ;      ;        ; 14345918;              800   ;        0.8   ; L       ;            1; DefaultPaintType;               0; 05/10/2025 00:00:00;                                                      ;        ; 0     ;                                                                                                                   ;     ; JO            ; JO            ;    39372;       0.263;            0.263; NO            ; NO            ;        0;       0.051;            0.051; VR            ; VR            ;    26112;       0.958;            0.958;               ;               ;         ;            ;                 ;               ;               ;     ;            ;                 ;               ;               ;     ;            ;                 ;               ;               ;     ;            ;                 ;           ;         ;          ;            ;           ;                 ; 2507070A3HS008
A3-HS      ; 07/03/2025 16:12:22; 20250703161222815;              1;        1; A            ; A            ; Verginia TINTA TEXTURA/GRAFIATO; Verginia TINTA TEXTURA/GRAFIATO; NIGELLE BV 84-0013              ; BV 84-0013   ; VERGINIA Phenix        ; VERGINIA Phenix        ;             ;        ;         ;        ;      ;        ; 15126979;              800   ;        0.8   ; L       ;            1; DefaultPaintType;               0; 05/10/2025 00:00:00;                                                      ;        ; 0     ;                                                                                                                   ;     ; BE            ; BE            ; 10485760;       0.299;            0.299; NO            ; NO            ;        0;       0.113;            0.113; VI            ; VI            ;  5189455;       0.87 ;            0.87 ;               ;               ;         ;            ;                 ;               ;               ;     ;            ;                 ;               ;               ;     ;            ;                 ;               ;               ;     ;            ;                 ;           ;         ;          ;            ;           ;                 ; 2507070A3HS008
A3-HS      ; 07/03/2025 16:08:51; 20250703160851168;              1;        1; A            ; A            ; Verginia TINTA TEXTURA/GRAFIATO; Verginia TINTA TEXTURA/GRAFIATO; MIDINETTE RB 81-1609            ; RB 81-1609   ; VERGINIA Phenix        ; VERGINIA Phenix        ;             ;        ;         ;        ;      ;        ; 14270686;              800   ;        0.8   ; L       ;            1; DefaultPaintType;               0; 05/10/2025 00:00:00;                                                      ;        ; 0     ;                                                                                                                   ;     ; RH            ; RH            ;     9366;       0.039;            0.039; NO            ; NO            ;        0;       0.321;            0.321; MA            ; MA            ;  1513356;       1.499;            1.499;               ;               ;         ;            ;                 ;               ;               ;     ;            ;                 ;               ;               ;     ;            ;                 ;               ;               ;     ;            ;                 ;           ;         ;          ;            ;           ;                 ; 2507070A3HS008
A3-HS      ; 07/03/2025 16:05:57; 20250703160557841;              1;        1; A            ; A            ; Verginia TINTA TEXTURA/GRAFIATO; Verginia TINTA TEXTURA/GRAFIATO; CHERUBIN RJ 86-1510             ; RJ 86-1510   ; VERGINIA Phenix        ; VERGINIA Phenix        ;             ;        ;         ;        ;      ;        ; 12831991;              800   ;        0.8   ; L       ;            1; DefaultPaintType;               0; 05/10/2025 00:00:00;                                                      ;        ; 0     ;                                                                                                                   ;     ; RH            ; RH            ;     9366;       0.141;            0.141; OP            ; OP            ;  3373284;       1.531;            1.531; RP            ; RP            ;      255;       0.858;            0.858;               ;               ;         ;            ;                 ;               ;               ;     ;            ;                 ;               ;               ;     ;            ;                 ;               ;               ;     ;            ;                 ;           ;         ;          ;            ;           ;                 ; 2507070A3HS008
A3-HS      ; 07/03/2025 16:05:12; 20250703160512673;              1;        1; A            ; A            ; Verginia TINTA TEXTURA/GRAFIATO; Verginia TINTA TEXTURA/GRAFIATO; CHERUBIN RJ 86-1510             ; RJ 86-1510   ; VERGINIA Phenix        ; VERGINIA Phenix        ;             ;        ;         ;        ;      ;        ; 12831991;             3200   ;        3.2   ; L       ;            1; DefaultPaintType;               0; 05/10/2025 00:00:00;                                                      ;        ; -1    ; Abort : Abort Job                                                                                                 ;     ; RH            ; RH            ;     9366;       0.565;            0    ; OP            ; OP            ;  3373284;       6.122;            0    ; RP            ; RP            ;      255;       3.433;            0    ;               ;               ;         ;            ;                 ;               ;               ;     ;            ;                 ;               ;               ;     ;            ;                 ;               ;               ;     ;            ;                 ;           ;         ;          ;            ;           ;                 ; 2507070A3HS008
A3-HS      ; 07/03/2025 16:02:34; 20250703160234861;              1;        1; A            ; A            ; Verginia TINTA TEXTURA/GRAFIATO; Verginia TINTA TEXTURA/GRAFIATO; FLEUR DE VANILLE JV 93-0230     ; JV 93-0230   ; VERGINIA Phenix        ; VERGINIA Phenix        ;             ;        ;         ;        ;      ;        ; 11594492;              800   ;        0.8   ; L       ;            1; DefaultPaintType;               0; 05/10/2025 00:00:00;                                                      ;        ; 0     ;                                                                                                                   ;     ; OP            ; OP            ;  3373284;       0.654;            0.654; JP            ; JP            ;    56575;       6.983;            6.983;               ;               ;         ;            ;                 ;               ;               ;         ;            ;                 ;               ;               ;     ;            ;                 ;               ;               ;     ;            ;                 ;               ;               ;     ;            ;                 ;           ;         ;          ;            ;           ;                 ; 2507070A3HS008
A3-HS      ; 07/03/2025 15:59:20; 20250703155920319;              1;        1; A            ; A            ; Verginia TINTA TEXTURA/GRAFIATO; Verginia TINTA TEXTURA/GRAFIATO; FLEUR DE VANILLE JV 93-0230     ; JV 93-0230   ; VERGINIA Phenix        ; VERGINIA Phenix        ;             ;        ;         ;        ;      ;        ; 11594492;                0.8 ;        0.8   ; ML      ;            1; DefaultPaintType;               0; 05/10/2025 00:00:00;                                                      ;        ; 0     ;                                                                                                                   ;     ; OP            ; OP            ;  3373284;       0.001;            0.001; JP            ; JP            ;    56575;       0.007;            0.007;               ;               ;         ;            ;                 ;               ;               ;         ;            ;                 ;               ;               ;     ;            ;                 ;               ;               ;     ;            ;                 ;               ;               ;     ;            ;                 ;           ;         ;          ;            ;           ;                 ; 2507070A3HS008
A3-HS      ; 07/01/2025 17:39:16; 20250701173916309;              1;        1;              ;              ;                                ;                                ;                                 ;              ;                        ;                        ;             ;        ;         ;        ;      ;        ; 16711680;                0   ;        1     ; L       ;            3; DefaultPaintType;               0; 07/01/2025 17:39:16;                                                      ;        ; 0     ;                                                                                                                   ;     ; BA            ; BA            ; 16777215;      17.688;           17.688; JO            ; JO            ;    39372;      10.793;           10.793; RH            ; RH            ;     9366;       2.698;            2.698; NO            ; NO            ;        0;      26.382;           26.382;               ;               ;     ;            ;                 ;               ;               ;     ;            ;                 ;               ;               ;     ;            ;                 ;           ;         ;          ;            ;           ;                 ; 2507070A3HS008
A3-HS      ; 07/01/2025 17:30:09; 20250701173009775;              1;        1;              ;              ;                                ;                                ;                                 ;              ;                        ;                        ;             ;        ;         ;        ;      ;        ; 16711680;                0   ;        1     ; L       ;            3; DefaultPaintType;               0; 07/01/2025 17:30:09;                                                      ;        ; 0     ;                                                                                                                   ;     ; BE            ; BE            ; 10485760;      15.14 ;           15.14 ; BA            ; BA            ; 16777215;      23.86 ;           23.86 ; VI            ; VI            ;  5189455;      13.55 ;           13.55 ;               ;               ;         ;            ;                 ;               ;               ;     ;            ;                 ;               ;               ;     ;            ;                 ;               ;               ;     ;            ;                 ;           ;         ;          ;            ;           ;                 ; 2507070A3HS008
A3-HS      ; 07/01/2025 17:20:18; 20250701172018529;              1;        1;              ;              ;                                ;                                ;                                 ;              ;                        ;                        ;             ;        ;         ;        ;      ;        ; 16711680;                0   ;        1     ; L       ;            3; DefaultPaintType;               0; 07/01/2025 17:20:18;                                                      ;        ; 0     ;                                                                                                                   ;     ; BA            ; BA            ; 16777215;      10.97 ;           10.97 ; JO            ; JO            ;    39372;       1.013;            1.013; NO            ; NO            ;        0;      44.171;           44.171;               ;               ;         ;            ;                 ;               ;               ;     ;            ;                 ;               ;               ;     ;            ;                 ;               ;               ;     ;            ;                 ;           ;         ;          ;            ;           ;                 ; 2507070A3HS008
A3-HS      ; 07/01/2025 17:14:39; 20250701171439003;              1;        1;              ;              ;                                ;                                ;                                 ;              ;                        ;                        ;             ;        ;         ;        ;      ;        ; 16711680;                0   ;        1     ; L       ;            3; DefaultPaintType;               0; 07/01/2025 17:14:39;                                                      ;        ; 0     ;                                                                                                                   ;     ; BA            ; BA            ; 16777215;      26.329;           26.329; JO            ; JO            ;    39372;       2.759;            2.759; JP            ; JP            ;    56575;      22.46 ;           22.46 ; VR            ; VR            ;    26112;       1.95 ;            1.95 ;               ;               ;     ;            ;                 ;               ;               ;     ;            ;                 ;               ;               ;     ;            ;                 ;           ;         ;          ;            ;           ;                 ; 2507070A3HS008
A3-HS      ; 07/01/2025 17:07:34; 20250701170734107;              1;        1;              ;              ;                                ;                                ;                                 ;              ;                        ;                        ;             ;        ;         ;        ;      ;        ; 16711680;                0   ;        1     ; L       ;            3; DefaultPaintType;               0; 07/01/2025 17:07:34;                                                      ;        ; 0     ;                                                                                                                   ;     ; BE            ; BE            ; 10485760;      18.442;           18.442; BA            ; BA            ; 16777215;      15.533;           15.533; VI            ; VI            ;  5189455;      18.652;           18.652;               ;               ;         ;            ;                 ;               ;               ;     ;            ;                 ;               ;               ;     ;            ;                 ;               ;               ;     ;            ;                 ;           ;         ;          ;            ;           ;                 ; 2507070A3HS008
A3-HS      ; 07/01/2025 16:58:24; 20250701165824797;              1;        1;              ;              ;                                ;                                ;                                 ;              ;                        ;                        ;             ;        ;         ;        ;      ;        ; 16711680;                0   ;        1     ; L       ;            3; DefaultPaintType;               0; 07/01/2025 16:58:24;                                                      ;        ; 0     ;                                                                                                                   ;     ; BA            ; BA            ; 16777215;       2.699;            2.699; JO            ; JO            ;    39372;       5.278;            5.278; OP            ; OP            ;  3373284;      35.746;           35.746; JP            ; JP            ;    56575;       6.598;            6.598;               ;               ;     ;            ;                 ;               ;               ;     ;            ;                 ;               ;               ;     ;            ;                 ;           ;         ;          ;            ;           ;                 ; 2507070A3HS008
A3-HS      ; 07/01/2025 16:51:59; 20250701165159402;              1;        1;              ;              ;                                ;                                ;                                 ;              ;                        ;                        ;             ;        ;         ;        ;      ;        ; 16711680;                0   ;        1     ; L       ;            3; DefaultPaintType;               0; 07/01/2025 16:51:59;                                                      ;        ; 0     ;                                                                                                                   ;     ; BA            ; BA            ; 16777215;       9.026;            9.026; JO            ; JO            ;    39372;       7.616;            7.616; NO            ; NO            ;        0;      39.794;           39.794;               ;               ;         ;            ;                 ;               ;               ;     ;            ;                 ;               ;               ;     ;            ;                 ;               ;               ;     ;            ;                 ;           ;         ;          ;            ;           ;                 ; 2507070A3HS008
A3-HS      ; 07/01/2025 16:46:48; 20250701164648047;              1;        1;              ;              ;                                ;                                ;                                 ;              ;                        ;                        ;             ;        ;         ;        ;      ;        ; 16711680;                0   ;        1     ; L       ;            3; DefaultPaintType;               0; 07/01/2025 16:46:48;                                                      ;        ; 0     ;                                                                                                                   ;     ; JO            ; JO            ;    39372;       2.16 ;            2.16 ; NO            ; NO            ;        0;       2.376;            2.376;               ;               ;         ;            ;                 ;               ;               ;         ;            ;                 ;               ;               ;     ;            ;                 ;               ;               ;     ;            ;                 ;               ;               ;     ;            ;                 ;           ;         ;          ;            ;           ;                 ; 2507070A3HS008
A3-HS      ; 07/01/2025 16:36:27; 20250701163627090;              1;        1;              ;              ;                                ;                                ;                                 ;              ;                        ;                        ;             ;        ;         ;        ;      ;        ; 16711680;                0   ;        1     ; L       ;            3; DefaultPaintType;               0; 07/01/2025 16:36:27;                                                      ;        ; 0     ;                                                                                                                   ;     ; JO            ; JO            ;    39372;      20.138;           20.138; RH            ; RH            ;     9366;       2.957;            2.957; NO            ; NO            ;        0;       0.13 ;            0.13 ;               ;               ;         ;            ;                 ;               ;               ;     ;            ;                 ;               ;               ;     ;            ;                 ;               ;               ;     ;            ;                 ;           ;         ;          ;            ;           ;                 ; 2507070A3HS008
A3-HS      ; 07/01/2025 16:28:18; 20250701162818779;              1;        1;              ;              ;                                ;                                ;                                 ;              ;                        ;                        ;             ;        ;         ;        ;      ;        ; 16711680;                0   ;        1     ; L       ;            3; DefaultPaintType;               0; 07/01/2025 16:28:18;                                                      ;        ; 0     ;                                                                                                                   ;     ; JO            ; JO            ;    39372;       6.911;            6.911; RH            ; RH            ;     9366;       0.216;            0.216; NO            ; NO            ;        0;       0.648;            0.648;               ;               ;         ;            ;                 ;               ;               ;     ;            ;                 ;               ;               ;     ;            ;                 ;               ;               ;     ;            ;                 ;           ;         ;          ;            ;           ;                 ; 2507070A3HS008
A3-HS      ; 07/01/2025 16:20:43; 20250701162043343;              1;        1;              ;              ;                                ;                                ;                                 ;              ;                        ;                        ;             ;        ;         ;        ;      ;        ; 16711680;                0   ;        1     ; L       ;            3; DefaultPaintType;               0; 07/01/2025 16:20:43;                                                      ;        ; 0     ;                                                                                                                   ;     ; RP            ; RP            ;      255;       0.061;            0.061; MA            ; MA            ;  1513356;       0.095;            0.095;               ;               ;         ;            ;                 ;               ;               ;         ;            ;                 ;               ;               ;     ;            ;                 ;               ;               ;     ;            ;                 ;               ;               ;     ;            ;                 ;           ;         ;          ;            ;           ;                 ; 2507070A3HS008
A3-HS      ; 07/01/2025 16:14:31; 20250701161431816;              1;        1;              ;              ;                                ;                                ;                                 ;              ;                        ;                        ;             ;        ;         ;        ;      ;        ; 16711680;                0   ;        1     ; L       ;            3; DefaultPaintType;               0; 07/01/2025 16:14:31;                                                      ;        ; 0     ;                                                                                                                   ;     ; JO            ; JO            ;    39372;       0.756;            0.756; NO            ; NO            ;        0;       5.676;            5.676;               ;               ;         ;            ;                 ;               ;               ;         ;            ;                 ;               ;               ;     ;            ;                 ;               ;               ;     ;            ;                 ;               ;               ;     ;            ;                 ;           ;         ;          ;            ;           ;                 ; 2507070A3HS008
A3-HS      ; 07/01/2025 16:06:57; 20250701160657967;              1;        1;              ;              ;                                ;                                ;                                 ;              ;                        ;                        ;             ;        ;         ;        ;      ;        ; 16711680;                0   ;        1     ; L       ;            3; DefaultPaintType;               0; 07/01/2025 16:06:57;                                                      ;        ; 0     ;                                                                                                                   ;     ; BE            ; BE            ; 10485760;       0.095;            0.095; NO            ; NO            ;        0;       0.07 ;            0.07 ; VI            ; VI            ;  5189455;       0.37 ;            0.37 ;               ;               ;         ;            ;                 ;               ;               ;     ;            ;                 ;               ;               ;     ;            ;                 ;               ;               ;     ;            ;                 ;           ;         ;          ;            ;           ;                 ; 2507070A3HS008
A3-HS      ; 07/01/2025 15:58:46; 20250701155846769;              1;        1;              ;              ;                                ;                                ;                                 ;              ;                        ;                        ;             ;        ;         ;        ;      ;        ; 16711680;                0   ;        1     ; L       ;            3; DefaultPaintType;               0; 07/01/2025 15:58:46;                                                      ;        ; 0     ;                                                                                                                   ;     ; JO            ; JO            ;    39372;       1.576;            1.576; RH            ; RH            ;     9366;       0.328;            0.328; OP            ; OP            ;  3373284;       0.108;            0.108;               ;               ;         ;            ;                 ;               ;               ;     ;            ;                 ;               ;               ;     ;            ;                 ;               ;               ;     ;            ;                 ;           ;         ;          ;            ;           ;                 ; 2507070A3HS008
A3-HS      ; 07/01/2025 10:18:30; 20250701101830355;              1;        1;              ;              ;                                ;                                ;                                 ;              ;                        ;                        ;             ;        ;         ;        ;      ;        ; 16711680;                0   ;        1     ; L       ;            3; DefaultPaintType;               0; 07/01/2025 10:18:30;                                                      ;        ; 0     ;                                                                                                                   ;     ; RH            ; RH            ;     9366;       0.086;            0.086; OP            ; OP            ;  3373284;       3.41 ;            3.41 ; RP            ; RP            ;      255;       1.208;            1.208;               ;               ;         ;            ;                 ;               ;               ;     ;            ;                 ;               ;               ;     ;            ;                 ;               ;               ;     ;            ;                 ;           ;         ;          ;            ;           ;                 ; 2507070A3HS008
A3-HS      ; 07/01/2025 10:15:37; 20250701101537651;              1;        1;              ;              ;                                ;                                ;                                 ;              ;                        ;                        ;             ;        ;         ;        ;      ;        ; 16711680;                0   ;        1     ; L       ;            3; DefaultPaintType;               0; 07/01/2025 10:15:37;                                                      ;        ; 0     ;                                                                                                                   ;     ; JO            ; JO            ;    39372;       0.094;            0.094; NO            ; NO            ;        0;       0.362;            0.362; VR            ; VR            ;    26112;       0.016;            0.016;               ;               ;         ;            ;                 ;               ;               ;     ;            ;                 ;               ;               ;     ;            ;                 ;               ;               ;     ;            ;                 ;           ;         ;          ;            ;           ;                 ; 2507070A3HS008
A3-HS      ; 07/01/2025 10:12:11; 20250701101211571;              1;        1;              ;              ;                                ;                                ;                                 ;              ;                        ;                        ;             ;        ;         ;        ;      ;        ; 16711680;                0   ;        1     ; L       ;            3; DefaultPaintType;               0; 07/01/2025 10:12:11;                                                      ;        ; 0     ;                                                                                                                   ;     ; JO            ; JO            ;    39372;       1.273;            1.273; NO            ; NO            ;        0;       0.163;            0.163; JP            ; JP            ;    56575;       0.884;            0.884;               ;               ;         ;            ;                 ;               ;               ;     ;            ;                 ;               ;               ;     ;            ;                 ;               ;               ;     ;            ;                 ;           ;         ;          ;            ;           ;                 ; 2507070A3HS008
A3-HS      ; 07/01/2025 10:08:06; 20250701100806852;              1;        1;              ;              ;                                ;                                ;                                 ;              ;                        ;                        ;             ;        ;         ;        ;      ;        ; 16711680;                0   ;        1     ; L       ;            3; DefaultPaintType;               0; 07/01/2025 10:08:06;                                                      ;        ; 0     ;                                                                                                                   ;     ; JO            ; JO            ;    39372;       1.899;            1.899; NO            ; NO            ;        0;      11.85 ;           11.85 ;               ;               ;         ;            ;                 ;               ;               ;         ;            ;                 ;               ;               ;     ;            ;                 ;               ;               ;     ;            ;                 ;               ;               ;     ;            ;                 ;           ;         ;          ;            ;           ;                 ; 2507070A3HS008
A3-HS      ; 07/01/2025 10:04:22; 20250701100422727;              1;        1;              ;              ;                                ;                                ;                                 ;              ;                        ;                        ;             ;        ;         ;        ;      ;        ; 16711680;                0   ;        1     ; L       ;            3; DefaultPaintType;               0; 07/01/2025 10:04:22;                                                      ;        ; -1    ; Abort : Abort Job                                                                                                 ;     ; NO            ; NO            ;        0;       1.165;            0    ; VI            ; VI            ;  5189455;       0.771;            0    ; MA            ; MA            ;  1513356;       1.294;            0    ;               ;               ;         ;            ;                 ;               ;               ;     ;            ;                 ;               ;               ;     ;            ;                 ;               ;               ;     ;            ;                 ;           ;         ;          ;            ;           ;                 ; 2507070A3HS008
A3-HS      ; 07/01/2025 10:04:22; 20250701100422683;              1;        1;              ;              ;                                ;                                ;                                 ;              ;                        ;                        ;             ;        ;         ;        ;      ;        ; 16711680;                0   ;        1     ; L       ;            3; DefaultPaintType;               0; 07/01/2025 10:04:22;                                                      ;        ; 0     ;                                                                                                                   ;     ; NO            ; NO            ;        0;       1.165;            1.165; VI            ; VI            ;  5189455;       0.771;            0.771; MA            ; MA            ;  1513356;       1.294;            1.294;               ;               ;         ;            ;                 ;               ;               ;     ;            ;                 ;               ;               ;     ;            ;                 ;               ;               ;     ;            ;                 ;           ;         ;          ;            ;           ;                 ; 2507070A3HS008
A3-HS      ; 06/30/2025 17:51:48; 20250630175148190;              1;        1;              ;              ;                                ;                                ;                                 ;              ;                        ;                        ;             ;        ;         ;        ;      ;        ; 16711680;                0   ;        1     ; L       ;            3; DefaultPaintType;               0; 06/30/2025 17:51:48;                                                      ;        ; 0     ;                                                                                                                   ;     ; BA            ; BA            ; 16777215;      17.243;           17.243; RH            ; RH            ;     9366;       2.069;            2.069; OP            ; OP            ;  3373284;      11.904;           11.904; RP            ; RP            ;      255;      17.003;           17.003;               ;               ;     ;            ;                 ;               ;               ;     ;            ;                 ;               ;               ;     ;            ;                 ;           ;         ;          ;            ;           ;                 ; 2507070A3HS008
A3-HS      ; 06/30/2025 17:47:13; 20250630174713951;              1;        1;              ;              ;                                ;                                ;                                 ;              ;                        ;                        ;             ;        ;         ;        ;      ;        ; 16711680;                0   ;        1     ; L       ;            3; DefaultPaintType;               0; 06/30/2025 17:47:13;                                                      ;        ; 0     ;                                                                                                                   ;     ; BA            ; BA            ; 16777215;       5.816;            5.816; JO            ; JO            ;    39372;       8.454;            8.454; JP            ; JP            ;    56575;      26.381;           26.381; VR            ; VR            ;    26112;      16.968;           16.968;               ;               ;     ;            ;                 ;               ;               ;     ;            ;                 ;               ;               ;     ;            ;                 ;           ;         ;          ;            ;           ;                 ; 2507070A3HS008
A3-HS      ; 06/30/2025 17:42:09; 20250630174209823;              1;        1;              ;              ;                                ;                                ;                                 ;              ;                        ;                        ;             ;        ;         ;        ;      ;        ; 16711680;                0   ;        1     ; L       ;            3; DefaultPaintType;               0; 06/30/2025 17:42:09;                                                      ;        ; 0     ;                                                                                                                   ;     ; BE            ; BE            ; 10485760;      25.968;           25.968; BA            ; BA            ; 16777215;       8.066;            8.066; NO            ; NO            ;        0;       2.639;            2.639; VR            ; VR            ;    26112;      19.072;           19.072;               ;               ;     ;            ;                 ;               ;               ;     ;            ;                 ;               ;               ;     ;            ;                 ;           ;         ;          ;            ;           ;                 ; 2507070A3HS008
A3-HS      ; 06/30/2025 17:36:06; 20250630173606608;              1;        1;              ;              ;                                ;                                ;                                 ;              ;                        ;                        ;             ;        ;         ;        ;      ;        ; 16711680;                0   ;        1     ; L       ;            3; DefaultPaintType;               0; 06/30/2025 17:36:06;                                                      ;        ; 0     ;                                                                                                                   ;     ; BA            ; BA            ; 16777215;       9.565;            9.565; JO            ; JO            ;    39372;       9.956;            9.956; OP            ; OP            ;  3373284;       4.618;            4.618; JP            ; JP            ;    56575;      28.428;           28.428;               ;               ;     ;            ;                 ;               ;               ;     ;            ;                 ;               ;               ;     ;            ;                 ;           ;         ;          ;            ;           ;                 ; 2507070A3HS008
A3-HS      ; 06/30/2025 17:29:52; 20250630172952414;              1;        1;              ;              ;                                ;                                ;                                 ;              ;                        ;                        ;             ;        ;         ;        ;      ;        ; 16711680;                0   ;        1     ; L       ;            3; DefaultPaintType;               0; 06/30/2025 17:29:52;                                                      ;        ; 0     ;                                                                                                                   ;     ; BE            ; BE            ; 10485760;       1.139;            1.139; BA            ; BA            ; 16777215;       8.214;            8.214; NO            ; NO            ;        0;      39.874;           39.874; VI            ; VI            ;  5189455;       8.334;            8.334;               ;               ;     ;            ;                 ;               ;               ;     ;            ;                 ;               ;               ;     ;            ;                 ;           ;         ;          ;            ;           ;                 ; 2507070A3HS008
A3-HS      ; 06/28/2025 11:43:43; 20250628114343347;              1;        1;              ;              ;                                ;                                ;                                 ;              ;                        ;                        ;             ;        ;         ;        ;      ;        ; 16711680;                0   ;        1     ; L       ;            3; DefaultPaintType;               0; 06/28/2025 11:43:43;                                                      ;        ; 0     ;                                                                                                                   ;     ; RH            ; RH            ;     9366;       0.021;            0.021; OP            ; OP            ;  3373284;       0.852;            0.852; RP            ; RP            ;      255;       0.302;            0.302;               ;               ;         ;            ;                 ;               ;               ;     ;            ;                 ;               ;               ;     ;            ;                 ;               ;               ;     ;            ;                 ;           ;         ;          ;            ;           ;                 ; 2507070A3HS008
A3-HS      ; 06/28/2025 11:40:33; 20250628114033027;              1;        1;              ;              ;                                ;                                ;                                 ;              ;                        ;                        ;             ;        ;         ;        ;      ;        ; 16711680;                0   ;        1     ; L       ;            3; DefaultPaintType;               0; 06/28/2025 11:40:33;                                                      ;        ; 0     ;                                                                                                                   ;     ; JO            ; JO            ;    39372;       2.482;            2.482; NO            ; NO            ;        0;       0.108;            0.108; JP            ; JP            ;    56575;       5.822;            5.822;               ;               ;         ;            ;                 ;               ;               ;     ;            ;                 ;               ;               ;     ;            ;                 ;               ;               ;     ;            ;                 ;           ;         ;          ;            ;           ;                 ; 2507070A3HS008
A3-HS      ; 06/28/2025 11:36:34; 20250628113634964;              1;        1;              ;              ;                                ;                                ;                                 ;              ;                        ;                        ;             ;        ;         ;        ;      ;        ; 16711680;                0   ;        1     ; L       ;            3; DefaultPaintType;               0; 06/28/2025 11:36:34;                                                      ;        ; 0     ;                                                                                                                   ;     ; NO            ; NO            ;        0;       0.291;            0.291; VI            ; VI            ;  5189455;       0.192;            0.192; MA            ; MA            ;  1513356;       0.323;            0.323;               ;               ;         ;            ;                 ;               ;               ;     ;            ;                 ;               ;               ;     ;            ;                 ;               ;               ;     ;            ;                 ;           ;         ;          ;            ;           ;                 ; 2507070A3HS008
A3-HS      ; 06/28/2025 10:52:48; 20250628105248756;              1;        1;              ;              ;                                ;                                ;                                 ;              ;                        ;                        ;             ;        ;         ;        ;      ;        ; 16711680;                0   ;        1     ; L       ;            3; DefaultPaintType;               0; 06/28/2025 10:52:48;                                                      ;        ; 0     ;                                                                                                                   ;     ; RH            ; RH            ;     9366;       0.568;            0.568; NO            ; NO            ;        0;       0.108;            0.108; RP            ; RP            ;      255;       0.438;            0.438;               ;               ;         ;            ;                 ;               ;               ;     ;            ;                 ;               ;               ;     ;            ;                 ;               ;               ;     ;            ;                 ;           ;         ;          ;            ;           ;                 ; 2507070A3HS008
A3-HS      ; 06/28/2025 10:50:36; 20250628105036998;              1;        1;              ;              ;                                ;                                ;                                 ;              ;                        ;                        ;             ;        ;         ;        ;      ;        ; 16711680;                0   ;        1     ; L       ;            3; DefaultPaintType;               0; 06/28/2025 10:50:36;                                                      ;        ; 0     ;                                                                                                                   ;     ; JO            ; JO            ;    39372;       0.424;            0.424; NO            ; NO            ;        0;       0.054;            0.054; JP            ; JP            ;    56575;       0.294;            0.294;               ;               ;         ;            ;                 ;               ;               ;     ;            ;                 ;               ;               ;     ;            ;                 ;               ;               ;     ;            ;                 ;           ;         ;          ;            ;           ;                 ; 2507070A3HS008
A3-HS      ; 06/28/2025 10:01:19; 20250628100119326;              1;        1;              ;              ;                                ;                                ;                                 ;              ;                        ;                        ;             ;        ;         ;        ;      ;        ; 16711680;                0   ;        1     ; L       ;            3; DefaultPaintType;               0; 06/28/2025 10:01:19;                                                      ;        ; 0     ;                                                                                                                   ;     ; BE            ; BE            ; 10485760;       0.274;            0.274; VR            ; VR            ;    26112;       0.324;            0.324;               ;               ;         ;            ;                 ;               ;               ;         ;            ;                 ;               ;               ;     ;            ;                 ;               ;               ;     ;            ;                 ;               ;               ;     ;            ;                 ;           ;         ;          ;            ;           ;                 ; 2507070A3HS008
A3-HS      ; 06/28/2025 09:58:22; 20250628095822223;              1;        1;              ;              ;                                ;                                ;                                 ;              ;                        ;                        ;             ;        ;         ;        ;      ;        ; 16711680;                0   ;        1     ; L       ;            3; DefaultPaintType;               0; 06/28/2025 09:58:22;                                                      ;        ; 0     ;                                                                                                                   ;     ; JO            ; JO            ;    39372;       0.791;            0.791; NO            ; NO            ;        0;       4.937;            4.937;               ;               ;         ;            ;                 ;               ;               ;         ;            ;                 ;               ;               ;     ;            ;                 ;               ;               ;     ;            ;                 ;               ;               ;     ;            ;                 ;           ;         ;          ;            ;           ;                 ; 2507070A3HS008
A3-HS      ; 06/28/2025 09:01:39; 20250628090139705;              1;        1;              ;              ;                                ;                                ;                                 ;              ;                        ;                        ;             ;        ;         ;        ;      ;        ; 16711680;                0   ;        1     ; L       ;            3; DefaultPaintType;               0; 06/28/2025 09:01:39;                                                      ;        ; 0     ;                                                                                                                   ;     ; JO            ; JO            ;    39372;       0.352;            0.352; RH            ; RH            ;     9366;       0.018;            0.018; NO            ; NO            ;        0;       1.592;            1.592;               ;               ;         ;            ;                 ;               ;               ;     ;            ;                 ;               ;               ;     ;            ;                 ;               ;               ;     ;            ;                 ;           ;         ;          ;            ;           ;                 ; 2507070A3HS008
A3-HS      ; 06/28/2025 08:57:00; 20250628085700642;              1;        1;              ;              ;                                ;                                ;                                 ;              ;                        ;                        ;             ;        ;         ;        ;      ;        ; 16711680;                0   ;        1     ; L       ;            3; DefaultPaintType;               0; 06/28/2025 08:57:00;                                                      ;        ; 0     ;                                                                                                                   ;     ; JO            ; JO            ;    39372;       0.252;            0.252; NO            ; NO            ;        0;       0.144;            0.144; VR            ; VR            ;    26112;       0.099;            0.099;               ;               ;         ;            ;                 ;               ;               ;     ;            ;                 ;               ;               ;     ;            ;                 ;               ;               ;     ;            ;                 ;           ;         ;          ;            ;           ;                 ; 2507070A3HS008
A3-HS      ; 06/28/2025 08:40:34; 20250628084034260;              1;        1;              ;              ;                                ;                                ;                                 ;              ;                        ;                        ;             ;        ;         ;        ;      ;        ; 16711680;                0   ;        1     ; L       ;            3; DefaultPaintType;               0; 06/28/2025 08:40:34;                                                      ;        ; 0     ;                                                                                                                   ;     ; JO            ; JO            ;    39372;       0.14 ;            0.14 ; RH            ; RH            ;     9366;       0.064;            0.064; NO            ; NO            ;        0;       0.427;            0.427;               ;               ;         ;            ;                 ;               ;               ;     ;            ;                 ;               ;               ;     ;            ;                 ;               ;               ;     ;            ;                 ;           ;         ;          ;            ;           ;                 ; 2507070A3HS008
A3-HS      ; 06/28/2025 08:35:56; 20250628083556117;              1;        1;              ;              ;                                ;                                ;                                 ;              ;                        ;                        ;             ;        ;         ;        ;      ;        ; 16711680;                0   ;        1     ; L       ;            3; DefaultPaintType;               0; 06/28/2025 08:35:56;                                                      ;        ; 0     ;                                                                                                                   ;     ; JO            ; JO            ;    39372;       0.019;            0.019; NO            ; NO            ;        0;       0.075;            0.075; VR            ; VR            ;    26112;       0.003;            0.003;               ;               ;         ;            ;                 ;               ;               ;     ;            ;                 ;               ;               ;     ;            ;                 ;               ;               ;     ;            ;                 ;           ;         ;          ;            ;           ;                 ; 2507070A3HS008
A3-HS      ; 06/27/2025 15:16:34; 20250627151634799;              1;        1;              ;              ;                                ;                                ;                                 ;              ;                        ;                        ;             ;        ;         ;        ;      ;        ; 16711680;                0   ;        1     ; L       ;            3; DefaultPaintType;               0; 06/27/2025 15:16:34;                                                      ;        ; 0     ;                                                                                                                   ;     ; BE            ; BE            ; 10485760;       0.034;            0.034; NO            ; NO            ;        0;       0.127;            0.127; VI            ; VI            ;  5189455;       0.129;            0.129;               ;               ;         ;            ;                 ;               ;               ;     ;            ;                 ;               ;               ;     ;            ;                 ;               ;               ;     ;            ;                 ;           ;         ;          ;            ;           ;                 ; 2507070A3HS008
A3-HS      ; 06/27/2025 15:12:58; 20250627151258464;              1;        1;              ;              ;                                ;                                ;                                 ;              ;                        ;                        ;             ;        ;         ;        ;      ;        ; 16711680;                0   ;        1     ; L       ;            3; DefaultPaintType;               0; 06/27/2025 15:12:58;                                                      ;        ; 0     ;                                                                                                                   ;     ; JO            ; JO            ;    39372;       0.367;            0.367; RH            ; RH            ;     9366;       0.032;            0.032; NO            ; NO            ;        0;       0.761;            0.761;               ;               ;         ;            ;                 ;               ;               ;     ;            ;                 ;               ;               ;     ;            ;                 ;               ;               ;     ;            ;                 ;           ;         ;          ;            ;           ;                 ; 2507070A3HS008
A3-HS      ; 06/27/2025 15:08:56; 20250627150856880;              1;        1;              ;              ;                                ;                                ;                                 ;              ;                        ;                        ;             ;        ;         ;        ;      ;        ; 16711680;                0   ;        1     ; L       ;            3; DefaultPaintType;               0; 06/27/2025 15:08:56;                                                      ;        ; 0     ;                                                                                                                   ;     ; NO            ; NO            ;        0;       0.437;            0.437; RP            ; RP            ;      255;       0.01 ;            0.01 ; BP            ; BP            ; 16711807;       0.037;            0.037;               ;               ;         ;            ;                 ;               ;               ;     ;            ;                 ;               ;               ;     ;            ;                 ;               ;               ;     ;            ;                 ;           ;         ;          ;            ;           ;                 ; 2507070A3HS008
A3-HS      ; 06/27/2025 15:04:31; 20250627150431782;              1;        1;              ;              ;                                ;                                ;                                 ;              ;                        ;                        ;             ;        ;         ;        ;      ;        ; 16711680;                0   ;        1     ; L       ;            3; DefaultPaintType;               0; 06/27/2025 15:04:31;                                                      ;        ; 0     ;                                                                                                                   ;     ; JO            ; JO            ;    39372;       0.615;            0.615; RH            ; RH            ;     9366;       0.043;            0.043; NO            ; NO            ;        0;       0.102;            0.102;               ;               ;         ;            ;                 ;               ;               ;     ;            ;                 ;               ;               ;     ;            ;                 ;               ;               ;     ;            ;                 ;           ;         ;          ;            ;           ;                 ; 2507070A3HS008
A3-HS      ; 06/16/2025 18:13:18; 20250616181318023;              1;        1; C            ; C            ; Verginia PREMIUM Fosco         ; Verginia PREMIUM Fosco         ; CINZA NOBRE 30BB10/019          ; 30BB10/019   ; CORAL Dulux            ; CORAL Dulux            ;             ;        ;         ;        ;      ;        ;  5657683;              800   ;        0.8   ; L       ;            1; DefaultPaintType;               0; 05/10/2025 00:00:00;                                                      ;        ; 0     ;                                                                                                                   ;     ; BA            ; BA            ; 16777215;      19.243;           19.243; JO            ; JO            ;    39372;       3.564;            3.564; RH            ; RH            ;     9366;       1.645;            1.645; NO            ; NO            ;        0;      65.022;           65.022;               ;               ;     ;            ;                 ;               ;               ;     ;            ;                 ;               ;               ;     ;            ;                 ;           ;         ;          ;            ;           ;                 ; 2507070A3HS008
A3-HS      ; 06/16/2025 18:11:14; 20250616181114791;              1;        1; C            ; C            ; Verginia PREMIUM Fosco         ; Verginia PREMIUM Fosco         ; LIMAO CITRICO* 91YY40/628       ; 91YY40/628   ; CORAL Dulux            ; CORAL Dulux            ;             ;        ;         ;        ;      ;        ;  3060386;              800   ;        0.8   ; L       ;            1; DefaultPaintType;               0; 05/10/2025 00:00:00;                                                      ;        ; 0     ;                                                                                                                   ;     ; BA            ; BA            ; 16777215;       2.303;            2.303; JO            ; JO            ;    39372;       3.728;            3.728; VR            ; VR            ;    26112;       1.261;            1.261; PV            ; PV            ;    65535;      82.182;           82.182;               ;               ;     ;            ;                 ;               ;               ;     ;            ;                 ;               ;               ;     ;            ;                 ;           ;         ;          ;            ;           ;                 ; 2507070A3HS008
A3-HS      ; 06/16/2025 18:09:21; 20250616180921488;              1;        1; C            ; C            ; Verginia PREMIUM Fosco         ; Verginia PREMIUM Fosco         ; AGUA ARDENTE* 22YY59/694        ; 22YY59/694   ; CORAL Dulux            ; CORAL Dulux            ;             ;        ;         ;        ;      ;        ;  3915263;              800   ;        0.8   ; L       ;            1; DefaultPaintType;               0; 05/10/2025 00:00:00;                                                      ;        ; 0     ;                                                                                                                   ;     ; BA            ; BA            ; 16777215;      24.123;           24.123; JO            ; JO            ;    39372;       0.768;            0.768; JV            ; JV            ;    59135;      63.651;           63.651; OV            ; OV            ;    42495;       0.932;            0.932;               ;               ;     ;            ;                 ;               ;               ;     ;            ;                 ;               ;               ;     ;            ;                 ;           ;         ;          ;            ;           ;                 ; 2507070A3HS008
A3-HS      ; 06/16/2025 18:06:34; 20250616180634280;              1;        1; C            ; C            ; Verginia PREMIUM Fosco         ; Verginia PREMIUM Fosco         ; AGUA PROFUNDA-SUV               ; R648         ; SUVINIL                ; SUVINIL                ;             ;        ;         ;        ;      ;        ;  5398558;              800   ;        0.8   ; L       ;            1; DefaultPaintType;               0; 05/10/2025 00:00:00;                                                      ;        ; 0     ;                                                                                                                   ;     ; BA            ; BA            ; 16777215;       9.788;            9.788; JO            ; JO            ;    39372;       9.265;            9.265; NO            ; NO            ;        0;       8.676;            8.676; VR            ; VR            ;    26112;      61.159;           61.159;               ;               ;     ;            ;                 ;               ;               ;     ;            ;                 ;               ;               ;     ;            ;                 ;           ;         ;          ;            ;           ;                 ; 2507070A3HS008
A3-HS      ; 06/16/2025 18:03:42; 20250616180342217;              1;        1; C            ; C            ; Verginia PREMIUM Fosco         ; Verginia PREMIUM Fosco         ; SOMBRA AZUL-SUV                 ; R665         ; SUVINIL                ; SUVINIL                ;             ;        ;         ;        ;      ;        ;  9591325;              800   ;        0.8   ; L       ;            1; DefaultPaintType;               0; 05/10/2025 00:00:00;                                                      ;        ; 0     ;                                                                                                                   ;     ; BE            ; BE            ; 10485760;      58.764;           58.764; BA            ; BA            ; 16777215;      18.068;           18.068; VI            ; VI            ;  5189455;      13.498;           13.498;               ;               ;         ;            ;                 ;               ;               ;     ;            ;                 ;               ;               ;     ;            ;                 ;               ;               ;     ;            ;                 ;           ;         ;          ;            ;           ;                 ; 2507070A3HS008
A3-HS      ; 06/16/2025 18:02:12; 20250616180212537;              1;        1; C            ; C            ; Verginia PREMIUM Fosco         ; Verginia PREMIUM Fosco         ; CEREJA-SUV                      ; R242         ; SUVINIL                ; SUVINIL                ;             ;        ;         ;        ;      ;        ;  3747993;              800   ;        0.8   ; L       ;            1; DefaultPaintType;               0; 05/10/2025 00:00:00;                                                      ;        ; 0     ;                                                                                                                   ;     ; BA            ; BA            ; 16777215;       0.794;            0.794; MA            ; MA            ;  1513356;      43.429;           43.429; RV            ; RV            ;      255;      44.667;           44.667;               ;               ;         ;            ;                 ;               ;               ;     ;            ;                 ;               ;               ;     ;            ;                 ;               ;               ;     ;            ;                 ;           ;         ;          ;            ;           ;                 ; 2507070A3HS008
A3-HS      ; 06/16/2025 18:00:40; 20250616180040937;              1;        1; C            ; C            ; Verginia PREMIUM Fosco         ; Verginia PREMIUM Fosco         ; CARNAVAL-SUV                    ; R591         ; SUVINIL                ; SUVINIL                ;             ;        ;         ;        ;      ;        ;  2913269;              800   ;        0.8   ; L       ;            1; DefaultPaintType;               0; 05/10/2025 00:00:00;                                                      ;        ; 0     ;                                                                                                                   ;     ; OP            ; OP            ;  3373284;      88.355;           88.355; RV            ; RV            ;      255;       0.534;            0.534;               ;               ;         ;            ;                 ;               ;               ;         ;            ;                 ;               ;               ;     ;            ;                 ;               ;               ;     ;            ;                 ;               ;               ;     ;            ;                 ;           ;         ;          ;            ;           ;                 ; 2507070A3HS008
A3-HS      ; 06/16/2025 17:59:03; 20250616175903786;              1;        1; C            ; C            ; Verginia PREMIUM Fosco         ; Verginia PREMIUM Fosco         ; AMARELO BANDEIRA-SUV            ; R039         ; SUVINIL                ; SUVINIL                ;             ;        ;         ;        ;      ;        ;  1098743;              800   ;        0.8   ; L       ;            1; DefaultPaintType;               0; 05/10/2025 00:00:00;                                                      ;        ; 0     ;                                                                                                                   ;     ; BA            ; BA            ; 16777215;       5.647;            5.647; JO            ; JO            ;    39372;       0.384;            0.384; NO            ; NO            ;        0;       0.11 ;            0.11 ; JV            ; JV            ;    59135;      83.333;           83.333;               ;               ;     ;            ;                 ;               ;               ;     ;            ;                 ;               ;               ;     ;            ;                 ;           ;         ;          ;            ;           ;                 ; 2507070A3HS008
A3-HS      ; 06/16/2025 17:56:48; 20250616175648323;              1;        1; C            ; C            ; Verginia PREMIUM Fosco         ; Verginia PREMIUM Fosco         ; POIVRE JR 43-0304               ; JR 43-0304   ; VERGINIA Phenix        ; VERGINIA Phenix        ;             ;        ;         ;        ;      ;        ;  6251885;              800   ;        0.8   ; L       ;            1; DefaultPaintType;               0; 05/10/2025 00:00:00;                                                      ;        ; 0     ;                                                                                                                   ;     ; BA            ; BA            ; 16777215;      35.625;           35.625; JO            ; JO            ;    39372;      11.838;           11.838; RH            ; RH            ;     9366;       5.707;            5.707; NO            ; NO            ;        0;      35.719;           35.719;               ;               ;     ;            ;                 ;               ;               ;     ;            ;                 ;               ;               ;     ;            ;                 ;           ;         ;          ;            ;           ;                 ; 2507070A3HS008
A3-HS      ; 06/16/2025 17:55:09; 20250616175509613;              1;        1; C            ; C            ; Verginia PREMIUM Fosco         ; Verginia PREMIUM Fosco         ; PIERRE DE LAVE RJ 47-2725       ; RJ 47-2725   ; VERGINIA Phenix Facades; VERGINIA Phenix Facades;             ;        ;         ;        ;      ;        ;  4677282;              800   ;        0.8   ; L       ;            1; DefaultPaintType;               0; 05/10/2025 00:00:00;                                                      ;        ; 0     ;                                                                                                                   ;     ; BA            ; BA            ; 16777215;      17.818;           17.818; JO            ; JO            ;    39372;      48.794;           48.794; RH            ; RH            ;     9366;      22.204;           22.204; NO            ; NO            ;        0;       0.548;            0.548;               ;               ;     ;            ;                 ;               ;               ;     ;            ;                 ;               ;               ;     ;            ;                 ;           ;         ;          ;            ;           ;                 ; 2507070A3HS008
A3-HS      ; 06/16/2025 17:51:40; 20250616175140748;              1;        1; C            ; C            ; Verginia PREMIUM Fosco         ; Verginia PREMIUM Fosco         ; BONZAI VJ 33-1603               ; VJ 33-1603   ; VERGINIA Phenix        ; VERGINIA Phenix        ;             ;        ;         ;        ;      ;        ;  4871473;              800   ;        0.8   ; L       ;            1; DefaultPaintType;               0; 05/10/2025 00:00:00;                                                      ;        ; 0     ;                                                                                                                   ;     ; BA            ; BA            ; 16777215;       3.671;            3.671; JO            ; JO            ;    39372;      14.072;           14.072; NO            ; NO            ;        0;       9.038;            9.038; VR            ; VR            ;    26112;      62.108;           62.108;               ;               ;     ;            ;                 ;               ;               ;     ;            ;                 ;               ;               ;     ;            ;                 ;           ;         ;          ;            ;           ;                 ; 2507070A3HS008
A3-HS      ; 06/16/2025 17:48:52; 20250616174852957;              1;        1; C            ; C            ; Verginia PREMIUM Fosco         ; Verginia PREMIUM Fosco         ; BUFFALO JR 38-1112              ; JR 38-1112   ; VERGINIA Phenix        ; VERGINIA Phenix        ;             ;        ;         ;        ;      ;        ;  4609137;              800   ;        0.8   ; L       ;            1; DefaultPaintType;               0; 05/10/2025 00:00:00;                                                      ;        ; 0     ;                                                                                                                   ;     ; BA            ; BA            ; 16777215;      10.322;           10.322; JO            ; JO            ;    39372;      34.911;           34.911; RH            ; RH            ;     9366;      18.364;           18.364; NO            ; NO            ;        0;      25.291;           25.291;               ;               ;     ;            ;                 ;               ;               ;     ;            ;                 ;               ;               ;     ;            ;                 ;           ;         ;          ;            ;           ;                 ; 2507070A3HS008
A3-HS      ; 06/16/2025 17:46:19; 20250616174619854;              1;        1; C            ; C            ; Verginia PREMIUM Fosco         ; Verginia PREMIUM Fosco         ; ASPHALTE BV 36-0004             ; BV 36-0004   ; VERGINIA Phenix        ; VERGINIA Phenix        ;             ;        ;         ;        ;      ;        ;  5788752;              800   ;        0.8   ; L       ;            1; DefaultPaintType;               0; 05/10/2025 00:00:00;                                                      ;        ; 0     ;                                                                                                                   ;     ; BA            ; BA            ; 16777215;      23.83 ;           23.83 ; RH            ; RH            ;     9366;       0.119;            0.119; NO            ; NO            ;        0;      64.749;           64.749; MA            ; MA            ;  1513356;       0.19 ;            0.19 ;               ;               ;     ;            ;                 ;               ;               ;     ;            ;                 ;               ;               ;     ;            ;                 ;           ;         ;          ;            ;           ;                 ; 2507070A3HS008
A3-HS      ; 06/16/2025 17:44:23; 20250616174423957;              1;        1; C            ; C            ; Verginia PREMIUM Fosco         ; Verginia PREMIUM Fosco         ; SERPENTINE JV 46-1925           ; JV 46-1925   ; VERGINIA Phenix        ; VERGINIA Phenix        ;             ;        ;         ;        ;      ;        ;  4420954;              800   ;        0.8   ; L       ;            1; DefaultPaintType;               0; 05/10/2025 00:00:00;                                                      ;        ; 0     ;                                                                                                                   ;     ; NO            ; NO            ;        0;      10.157;           10.157; VR            ; VR            ;    26112;       4.408;            4.408; PV            ; PV            ;    65535;      74.988;           74.988;               ;               ;         ;            ;                 ;               ;               ;     ;            ;                 ;               ;               ;     ;            ;                 ;               ;               ;     ;            ;                 ;           ;         ;          ;            ;           ;                 ; 2507070A3HS008
A3-HS      ; 06/16/2025 17:42:00; 20250616174200758;              1;        1; C            ; C            ; Verginia PREMIUM Fosco         ; Verginia PREMIUM Fosco         ; BLEU DE FRANCE BR 44-0040       ; BR 44-0040   ; VERGINIA Phenix        ; VERGINIA Phenix        ;             ;        ;         ;        ;      ;        ; 11169062;              800   ;        0.8   ; L       ;            1; DefaultPaintType;               0; 05/10/2025 00:00:00;                                                      ;        ; 0     ;                                                                                                                   ;     ; BE            ; BE            ; 10485760;      32.716;           32.716; BA            ; BA            ; 16777215;      41.285;           41.285; NO            ; NO            ;        0;       0.109;            0.109; VI            ; VI            ;  5189455;      15.167;           15.167;               ;               ;     ;            ;                 ;               ;               ;     ;            ;                 ;               ;               ;     ;            ;                 ;           ;         ;          ;            ;           ;                 ; 2507070A3HS008
A3-HS      ; 06/16/2025 17:38:52; 20250616173852893;              1;        1; C            ; C            ; Verginia PREMIUM Fosco         ; Verginia PREMIUM Fosco         ; PULMONAIRE RB 38-3214           ; RB 38-3214   ; VERGINIA Phenix        ; VERGINIA Phenix        ;             ;        ;         ;        ;      ;        ;  7292544;              800   ;        0.8   ; L       ;            1; DefaultPaintType;               0; 05/10/2025 00:00:00;                                                      ;        ; 0     ;                                                                                                                   ;     ; BA            ; BA            ; 16777215;      21.41 ;           21.41 ; NO            ; NO            ;        0;       2.738;            2.738; VI            ; VI            ;  5189455;       4.38 ;            4.38 ; MA            ; MA            ;  1513356;      60.724;           60.724;               ;               ;     ;            ;                 ;               ;               ;     ;            ;                 ;               ;               ;     ;            ;                 ;           ;         ;          ;            ;           ;                 ; 2507070A3HS008
A3-HS      ; 06/16/2025 17:37:02; 20250616173702247;              1;        1; C            ; C            ; Verginia PREMIUM Fosco         ; Verginia PREMIUM Fosco         ; COQUELICOT RJ 46-5434           ; RJ 46-5434   ; VERGINIA Phenix        ; VERGINIA Phenix        ;             ;        ;         ;        ;      ;        ;  3685830;              800   ;        0.8   ; L       ;            1; DefaultPaintType;               0; 05/10/2025 00:00:00;                                                      ;        ; 0     ;                                                                                                                   ;     ; BA            ; BA            ; 16777215;       1.342;            1.342; OP            ; OP            ;  3373284;      21.618;           21.618; RV            ; RV            ;      255;      65.929;           65.929;               ;               ;         ;            ;                 ;               ;               ;     ;            ;                 ;               ;               ;     ;            ;                 ;               ;               ;     ;            ;                 ;           ;         ;          ;            ;           ;                 ; 2507070A3HS008
A3-HS      ; 06/16/2025 17:34:45; 20250616173445215;              1;        1; C            ; C            ; Verginia PREMIUM Fosco         ; Verginia PREMIUM Fosco         ; CURCUMA JR 59-4652              ; JR 59-4652   ; VERGINIA Phenix        ; VERGINIA Phenix        ;             ;        ;         ;        ;      ;        ;  3435240;              800   ;        0.8   ; L       ;            1; DefaultPaintType;               0; 05/10/2025 00:00:00;                                                      ;        ; 0     ;                                                                                                                   ;     ; BA            ; BA            ; 16777215;       3.943;            3.943; OP            ; OP            ;  3373284;      68.171;           68.171; OV            ; OV            ;    42495;      17.138;           17.138;               ;               ;         ;            ;                 ;               ;               ;     ;            ;                 ;               ;               ;     ;            ;                 ;               ;               ;     ;            ;                 ;           ;         ;          ;            ;           ;                 ; 2507070A3HS008
A3-HS      ; 06/16/2025 17:31:48; 20250616173148769;              1;        1; C            ; C            ; Verginia PREMIUM Fosco         ; Verginia PREMIUM Fosco         ; BOUTON D OR JR 86-0590          ; JR 86-0590   ; VERGINIA Phenix        ; VERGINIA Phenix        ;             ;        ;         ;        ;      ;        ;    53503;              800   ;        0.8   ; L       ;            1; DefaultPaintType;               0; 05/10/2025 00:00:00;                                                      ;        ; 0     ;                                                                                                                   ;     ; JV            ; JV            ;    59135;      89.251;           89.251;               ;               ;         ;            ;                 ;               ;               ;         ;            ;                 ;               ;               ;         ;            ;                 ;               ;               ;     ;            ;                 ;               ;               ;     ;            ;                 ;               ;               ;     ;            ;                 ;           ;         ;          ;            ;           ;                 ; 2507070A3HS008
A3-HS      ; 06/16/2025 17:25:51; 20250616172551490;              1;        1; B            ; B            ; Verginia PREMIUM Fosco         ; Verginia PREMIUM Fosco         ; FLOR DE PRIMAVERA 07RR30/337    ; 07RR30/337   ; CORAL Dulux            ; CORAL Dulux            ;             ;        ;         ;        ;      ;        ; 10845633;              800   ;        0.8   ; L       ;            1; DefaultPaintType;               0; 05/10/2025 00:00:00;                                                      ;        ; 0     ;                                                                                                                   ;     ; BA            ; BA            ; 16777215;      23.384;           23.384; NO            ; NO            ;        0;       0.15 ;            0.15 ; RP            ; RP            ;      255;       3.448;            3.448; BP            ; BP            ; 16711807;      44.969;           44.969;               ;               ;     ;            ;                 ;               ;               ;     ;            ;                 ;               ;               ;     ;            ;                 ;           ;         ;          ;            ;           ;                 ; 2507070A3HS008
A3-HS      ; 06/16/2025 17:22:20; 20250616172220194;              1;        1; B            ; B            ; Verginia PREMIUM Fosco         ; Verginia PREMIUM Fosco         ; MONTANHAS DA ESCOCIA 90GY33/408 ; 90GY33/408   ; CORAL Dulux            ; CORAL Dulux            ;             ;        ;         ;        ;      ;        ;  7645266;              800   ;        0.8   ; L       ;            1; DefaultPaintType;               0; 05/10/2025 00:00:00;                                                      ;        ; 0     ;                                                                                                                   ;     ; BA            ; BA            ; 16777215;       7.27 ;            7.27 ; JO            ; JO            ;    39372;      10.568;           10.568; JP            ; JP            ;    56575;      32.977;           32.977; VR            ; VR            ;    26112;      21.21 ;           21.21 ;               ;               ;     ;            ;                 ;               ;               ;     ;            ;                 ;               ;               ;     ;            ;                 ;           ;         ;          ;            ;           ;                 ; 2507070A3HS008
A3-HS      ; 06/16/2025 17:17:50; 20250616171750860;              1;        1; B            ; B            ; Verginia PREMIUM Fosco         ; Verginia PREMIUM Fosco         ; DOURADO QUENTE 35YY59/533       ; 35YY59/533   ; CORAL Dulux            ; CORAL Dulux            ;             ;        ;         ;        ;      ;        ;  6275059;              800   ;        0.8   ; L       ;            1; DefaultPaintType;               0; 05/10/2025 00:00:00;                                                      ;        ; 0     ;                                                                                                                   ;     ; JO            ; JO            ;    39372;      25.257;           25.257; NO            ; NO            ;        0;       0.075;            0.075; JP            ; JP            ;    56575;      51.039;           51.039;               ;               ;         ;            ;                 ;               ;               ;     ;            ;                 ;               ;               ;     ;            ;                 ;               ;               ;     ;            ;                 ;           ;         ;          ;            ;           ;                 ; 2507070A3HS008
A3-HS      ; 06/16/2025 17:13:37; 20250616171337907;              1;        1; B            ; B            ; Verginia PREMIUM Fosco         ; Verginia PREMIUM Fosco         ; SAIA RODADA 94RR28/490          ; 94RR28/490   ; CORAL Dulux            ; CORAL Dulux            ;             ;        ;         ;        ;      ;        ;  7367136;              800   ;        0.8   ; L       ;            1; DefaultPaintType;               0; 05/10/2025 00:00:00;                                                      ;        ; 0     ;                                                                                                                   ;     ; BA            ; BA            ; 16777215;       5.171;            5.171; RP            ; RP            ;      255;      63.855;           63.855; BP            ; BP            ; 16711807;      10.867;           10.867;               ;               ;         ;            ;                 ;               ;               ;     ;            ;                 ;               ;               ;     ;            ;                 ;               ;               ;     ;            ;                 ;           ;         ;          ;            ;           ;                 ; 2507070A3HS008
A3-HS      ; 06/16/2025 17:10:33; 20250616171033405;              1;        1; B            ; B            ; Verginia PREMIUM Fosco         ; Verginia PREMIUM Fosco         ; RUA DAS PEDRAS-SUV              ; Y090         ; SUVINIL                ; SUVINIL                ;             ;        ;         ;        ;      ;        ;  7502463;              800   ;        0.8   ; L       ;            1; DefaultPaintType;               0; 05/10/2025 00:00:00;                                                      ;        ; 0     ;                                                                                                                   ;     ; BA            ; BA            ; 16777215;       6.266;            6.266; JO            ; JO            ;    39372;      19.474;           19.474; RH            ; RH            ;     9366;       3.515;            3.515; NO            ; NO            ;        0;      45.747;           45.747;               ;               ;     ;            ;                 ;               ;               ;     ;            ;                 ;               ;               ;     ;            ;                 ;           ;         ;          ;            ;           ;                 ; 2507070A3HS008
A3-HS      ; 06/16/2025 17:07:08; 20250616170708230;              1;        1; B            ; B            ; Verginia PREMIUM Fosco         ; Verginia PREMIUM Fosco         ; TUNEL DO TEMPO-SUV              ; P152         ; SUVINIL                ; SUVINIL                ;             ;        ;         ;        ;      ;        ;  8352105;              800   ;        0.8   ; L       ;            1; DefaultPaintType;               0; 05/10/2025 00:00:00;                                                      ;        ; 0     ;                                                                                                                   ;     ; BE            ; BE            ; 10485760;       1.424;            1.424; BA            ; BA            ; 16777215;      10.268;           10.268; NO            ; NO            ;        0;      49.84 ;           49.84 ; VI            ; VI            ;  5189455;      10.418;           10.418;               ;               ;     ;            ;                 ;               ;               ;     ;            ;                 ;               ;               ;     ;            ;                 ;           ;         ;          ;            ;           ;                 ; 2507070A3HS008
A3-HS      ; 06/16/2025 17:02:53; 20250616170253231;              1;        1; B            ; B            ; Verginia PREMIUM Fosco         ; Verginia PREMIUM Fosco         ; DECK-SUV                        ; N100         ; SUVINIL                ; SUVINIL                ;             ;        ;         ;        ;      ;        ;  6916255;              800   ;        0.8   ; L       ;            1; DefaultPaintType;               0; 05/10/2025 00:00:00;                                                      ;        ; 0     ;                                                                                                                   ;     ; JO            ; JO            ;    39372;      56.366;           56.366; RH            ; RH            ;     9366;       3.138;            3.138; NO            ; NO            ;        0;      16.151;           16.151;               ;               ;         ;            ;                 ;               ;               ;     ;            ;                 ;               ;               ;     ;            ;                 ;               ;               ;     ;            ;                 ;           ;         ;          ;            ;           ;                 ; 2507070A3HS008
A3-HS      ; 06/16/2025 16:59:36; 20250616165936280;              1;        1; B            ; B            ; Verginia PREMIUM Fosco         ; Verginia PREMIUM Fosco         ; AZUL ROYAL-SUV                  ; E339         ; SUVINIL                ; SUVINIL                ;             ;        ;         ;        ;      ;        ; 12817690;              800   ;        0.8   ; L       ;            1; DefaultPaintType;               0; 05/10/2025 00:00:00;                                                      ;        ; 0     ;                                                                                                                   ;     ; BE            ; BE            ; 10485760;      36.699;           36.699; BA            ; BA            ; 16777215;      31.167;           31.167; NO            ; NO            ;        0;       2.517;            2.517; VI            ; VI            ;  5189455;       2.638;            2.638;               ;               ;     ;            ;                 ;               ;               ;     ;            ;                 ;               ;               ;     ;            ;                 ;           ;         ;          ;            ;           ;                 ; 2507070A3HS008
A3-HS      ; 06/16/2025 16:56:14; 20250616165614744;              1;        1; B            ; B            ; Verginia PREMIUM Fosco         ; Verginia PREMIUM Fosco         ; CRAVO ROSA-SUV                  ; D113         ; SUVINIL                ; SUVINIL                ;             ;        ;         ;        ;      ;        ;  7633115;              800   ;        0.8   ; L       ;            1; DefaultPaintType;               0; 05/10/2025 00:00:00;                                                      ;        ; 0     ;                                                                                                                   ;     ; BA            ; BA            ; 16777215;      22.184;           22.184; RH            ; RH            ;     9366;       3.523;            3.523; OP            ; OP            ;  3373284;       9.219;            9.219; RP            ; RP            ;      255;      37.099;           37.099;               ;               ;     ;            ;                 ;               ;               ;     ;            ;                 ;               ;               ;     ;            ;                 ;           ;         ;          ;            ;           ;                 ; 2507070A3HS008
A3-HS      ; 06/16/2025 16:49:02; 20250616164902317;              1;        1; B            ; B            ; Verginia PREMIUM Fosco         ; Verginia PREMIUM Fosco         ; RAINETTE VJ 71-4331             ; VJ 71-4331   ; VERGINIA Phenix        ; VERGINIA Phenix        ;             ;        ;         ;        ;      ;        ;  7520357;              800   ;        0.8   ; L       ;            1; DefaultPaintType;               0; 05/10/2025 00:00:00;                                                      ;        ; 0     ;                                                                                                                   ;     ; JP            ; JP            ;    56575;      67.022;           67.022; VR            ; VR            ;    26112;      13.719;           13.719;               ;               ;         ;            ;                 ;               ;               ;         ;            ;                 ;               ;               ;     ;            ;                 ;               ;               ;     ;            ;                 ;               ;               ;     ;            ;                 ;           ;         ;          ;            ;           ;                 ; 2507070A3HS008
A3-HS      ; 06/16/2025 16:44:54; 20250616164454436;              1;        1; B            ; B            ; Verginia PREMIUM Fosco         ; Verginia PREMIUM Fosco         ; TUILE DU NORD RJ 50-1510        ; RJ 50-1510   ; VERGINIA Phenix Facades; VERGINIA Phenix Facades;             ;        ;         ;        ;      ;        ;  6647188;              800   ;        0.8   ; L       ;            1; DefaultPaintType;               0; 05/10/2025 00:00:00;                                                      ;        ; 0     ;                                                                                                                   ;     ; BA            ; BA            ; 16777215;      28.855;           28.855; JO            ; JO            ;    39372;       4.497;            4.497; RH            ; RH            ;     9366;      22.11 ;           22.11 ; NO            ; NO            ;        0;      16.863;           16.863;               ;               ;     ;            ;                 ;               ;               ;     ;            ;                 ;               ;               ;     ;            ;                 ;           ;         ;          ;            ;           ;                 ; 2507070A3HS008
A3-HS      ; 06/16/2025 16:42:23; 20250616164223755;              1;        1; B            ; B            ; Verginia PREMIUM Fosco         ; Verginia PREMIUM Fosco         ; SAINT VALENTIN RB 61-4104       ; RB 61-4104   ; VERGINIA Phenix        ; VERGINIA Phenix        ;             ;        ;         ;        ;      ;        ; 10188500;              800   ;        0.8   ; L       ;            1; DefaultPaintType;               0; 05/10/2025 00:00:00;                                                      ;        ; 0     ;                                                                                                                   ;     ; BA            ; BA            ; 16777215;      33.661;           33.661; RP            ; RP            ;      255;      13.757;           13.757; MA            ; MA            ;  1513356;      24.252;           24.252;               ;               ;         ;            ;                 ;               ;               ;     ;            ;                 ;               ;               ;     ;            ;                 ;               ;               ;     ;            ;                 ;           ;         ;          ;            ;           ;                 ; 2507070A3HS008
A3-HS      ; 06/16/2025 16:39:24; 20250616163924196;              1;        1; B            ; B            ; Verginia PREMIUM Fosco         ; Verginia PREMIUM Fosco         ; PAILLE DE FER BV 49-0406        ; BV 49-0406   ; VERGINIA Phenix        ; VERGINIA Phenix        ;             ;        ;         ;        ;      ;        ;  8156519;              800   ;        0.8   ; L       ;            1; DefaultPaintType;               0; 05/10/2025 00:00:00;                                                      ;        ; 0     ;                                                                                                                   ;     ; BE            ; BE            ; 10485760;       5.81 ;            5.81 ; BA            ; BA            ; 16777215;      38.084;           38.084; NO            ; NO            ;        0;      63.723;           63.723;               ;               ;         ;            ;                 ;               ;               ;     ;            ;                 ;               ;               ;     ;            ;                 ;               ;               ;     ;            ;                 ;           ;         ;          ;            ;           ;                 ; 2507070A3HS008
A3-HS      ; 06/16/2025 16:37:06; 20250616163706956;              1;        1; B            ; B            ; Verginia PREMIUM Fosco         ; Verginia PREMIUM Fosco         ; MIMOSA JV 87-0361               ; JV 87-0361   ; VERGINIA Phenix        ; VERGINIA Phenix        ;             ;        ;         ;        ;      ;        ;  6544120;              800   ;        0.8   ; L       ;            1; DefaultPaintType;               0; 05/10/2025 00:00:00;                                                      ;        ; 0     ;                                                                                                                   ;     ; JO            ; JO            ;    39372;       3.187;            3.187; JP            ; JP            ;    56575;      75.268;           75.268;               ;               ;         ;            ;                 ;               ;               ;         ;            ;                 ;               ;               ;     ;            ;                 ;               ;               ;     ;            ;                 ;               ;               ;     ;            ;                 ;           ;         ;          ;            ;           ;                 ; 2507070A3HS008
A3-HS      ; 06/16/2025 16:34:40; 20250616163440349;              1;        1; B            ; B            ; Verginia PREMIUM Fosco         ; Verginia PREMIUM Fosco         ; RAINETTE VJ 71-4331             ; VJ 71-4331   ; VERGINIA Phenix        ; VERGINIA Phenix        ;             ;        ;         ;        ;      ;        ;  7520357;              800   ;        0.8   ; L       ;            1; DefaultPaintType;               0; 05/10/2025 00:00:00;                                                      ;        ; 0     ;                                                                                                                   ;     ; JP            ; JP            ;    56575;      67.022;           67.022; VR            ; VR            ;    26112;      13.719;           13.719;               ;               ;         ;            ;                 ;               ;               ;         ;            ;                 ;               ;               ;     ;            ;                 ;               ;               ;     ;            ;                 ;               ;               ;     ;            ;                 ;           ;         ;          ;            ;           ;                 ; 2507070A3HS008
A3-HS      ; 06/16/2025 16:31:10; 20250616163110127;              1;        1; B            ; B            ; Verginia PREMIUM Fosco         ; Verginia PREMIUM Fosco         ; BAHAMAS VB 54-3117              ; VB 54-3117   ; VERGINIA Phenix        ; VERGINIA Phenix        ;             ;        ;         ;        ;      ;        ; 10392064;              800   ;        0.8   ; L       ;            1; DefaultPaintType;               0; 05/10/2025 00:00:00;                                                      ;        ; 0     ;                                                                                                                   ;     ; BE            ; BE            ; 10485760;      32.461;           32.461; BA            ; BA            ; 16777215;      10.083;           10.083; NO            ; NO            ;        0;       3.299;            3.299; VR            ; VR            ;    26112;      23.841;           23.841;               ;               ;     ;            ;                 ;               ;               ;     ;            ;                 ;               ;               ;     ;            ;                 ;           ;         ;          ;            ;           ;                 ; 2507070A3HS008
A3-HS      ; 06/16/2025 16:27:28; 20250616162728647;              1;        1; B            ; B            ; Verginia PREMIUM Fosco         ; Verginia PREMIUM Fosco         ; OR ROSE RJ 67-3520              ; RJ 67-3520   ; VERGINIA Phenix        ; VERGINIA Phenix        ;             ;        ;         ;        ;      ;        ;  8292582;              800   ;        0.8   ; L       ;            1; DefaultPaintType;               0; 05/10/2025 00:00:00;                                                      ;        ; 0     ;                                                                                                                   ;     ; BA            ; BA            ; 16777215;      21.554;           21.554; RH            ; RH            ;     9366;       2.587;            2.587; OP            ; OP            ;  3373284;      14.881;           14.881; RP            ; RP            ;      255;      21.254;           21.254;               ;               ;     ;            ;                 ;               ;               ;     ;            ;                 ;               ;               ;     ;            ;                 ;           ;         ;          ;            ;           ;                 ; 2507070A3HS008
A3-HS      ; 06/16/2025 16:23:02; 20250616162302840;              1;        1; B            ; B            ; Verginia PREMIUM Fosco         ; Verginia PREMIUM Fosco         ; CARAMEL BLOND JR 82-0848        ; JR 82-0848   ; VERGINIA Phenix        ; VERGINIA Phenix        ;             ;        ;         ;        ;      ;        ;  7390452;              800   ;        0.8   ; L       ;            1; DefaultPaintType;               0; 05/10/2025 00:00:00;                                                      ;        ; 0     ;                                                                                                                   ;     ; BA            ; BA            ; 16777215;      11.957;           11.957; JO            ; JO            ;    39372;      12.445;           12.445; OP            ; OP            ;  3373284;       5.773;            5.773; JP            ; JP            ;    56575;      35.535;           35.535;               ;               ;     ;            ;                 ;               ;               ;     ;            ;                 ;               ;               ;     ;            ;                 ;           ;         ;          ;            ;           ;                 ; 2507070A3HS008
A3-HS      ; 06/16/2025 16:18:57; 20250616161857975;              1;        1; B            ; B            ; Verginia PREMIUM Fosco         ; Verginia PREMIUM Fosco         ; NOISETTE JR 75-2139             ; JR 75-2139   ; VERGINIA Phenix        ; VERGINIA Phenix        ;             ;        ;         ;        ;      ;        ;  7449072;              800   ;        0.8   ; L       ;            1; DefaultPaintType;               0; 05/10/2025 00:00:00;                                                      ;        ; 0     ;                                                                                                                   ;     ; BA            ; BA            ; 16777215;      10.946;           10.946; JO            ; JO            ;    39372;      19.417;           19.417; RH            ; RH            ;     9366;       0.525;            0.525; OP            ; OP            ;  3373284;      31.262;           31.262;               ;               ;     ;            ;                 ;               ;               ;     ;            ;                 ;               ;               ;     ;            ;                 ;           ;         ;          ;            ;           ;                 ; 2507070A3HS008
A3-HS      ; 06/16/2025 16:13:57; 20250616161357730;              1;        1; A            ; A            ; Verginia PREMIUM Fosco         ; Verginia PREMIUM Fosco         ; CINZA GEADA 30GG52/011          ; 30GG52/011   ; CORAL Dulux            ; CORAL Dulux            ;             ;        ;         ;        ;      ;        ; 12303801;              800   ;        0.8   ; L       ;            1; DefaultPaintType;               0; 05/10/2025 00:00:00;                                                      ;        ; 0     ;                                                                                                                   ;     ; JO            ; JO            ;    39372;       1.368;            1.368; RH            ; RH            ;     9366;       0.072;            0.072; NO            ; NO            ;        0;       6.371;            6.371;               ;               ;         ;            ;                 ;               ;               ;     ;            ;                 ;               ;               ;     ;            ;                 ;               ;               ;     ;            ;                 ;           ;         ;          ;            ;           ;                 ; 2507070A3HS008
A3-HS      ; 06/16/2025 16:11:07; 20250616161107491;              1;        1; A            ; A            ; Verginia PREMIUM Fosco         ; Verginia PREMIUM Fosco         ; CALCARIO 00YY63/024             ; 00YY63/024   ; CORAL Dulux            ; CORAL Dulux            ;             ;        ;         ;        ;      ;        ; 13225941;              800   ;        0.8   ; L       ;            1; DefaultPaintType;               0; 05/10/2025 00:00:00;                                                      ;        ; 0     ;                                                                                                                   ;     ; JO            ; JO            ;    39372;       0.562;            0.562; RH            ; RH            ;     9366;       0.259;            0.259; NO            ; NO            ;        0;       1.713;            1.713;               ;               ;         ;            ;                 ;               ;               ;     ;            ;                 ;               ;               ;     ;            ;                 ;               ;               ;     ;            ;                 ;           ;         ;          ;            ;           ;                 ; 2507070A3HS008
A3-HS      ; 06/16/2025 16:08:40; 20250616160840964;              1;        1; A            ; A            ; Verginia PREMIUM Fosco         ; Verginia PREMIUM Fosco         ; VERDE GALES 90GY73/059          ; 90GY73/059   ; CORAL Dulux            ; CORAL Dulux            ;             ;        ;         ;        ;      ;        ; 13819601;              800   ;        0.8   ; L       ;            1; DefaultPaintType;               0; 05/10/2025 00:00:00;                                                      ;        ; 0     ;                                                                                                                   ;     ; JO            ; JO            ;    39372;       1.008;            1.008; NO            ; NO            ;        0;       0.576;            0.576; VR            ; VR            ;    26112;       0.396;            0.396;               ;               ;         ;            ;                 ;               ;               ;     ;            ;                 ;               ;               ;     ;            ;                 ;               ;               ;     ;            ;                 ;           ;         ;          ;            ;           ;                 ; 2507070A3HS008
A3-HS      ; 06/16/2025 15:41:27; 20250616154127218;              1;        1; A            ; A            ; Verginia PREMIUM Fosco         ; Verginia PREMIUM Fosco         ; DIA DE INVERNO 50GG83/011       ; 50GG83/011   ; CORAL Dulux            ; CORAL Dulux            ;             ;        ;         ;        ;      ;        ; 15067623;              800   ;        0.8   ; L       ;            1; DefaultPaintType;               0; 05/10/2025 00:00:00;                                                      ;        ; 0     ;                                                                                                                   ;     ; JO            ; JO            ;    39372;       0.079;            0.079; NO            ; NO            ;        0;       0.302;            0.302; VR            ; VR            ;    26112;       0.014;            0.014;               ;               ;         ;            ;                 ;               ;               ;     ;            ;                 ;               ;               ;     ;            ;                 ;               ;               ;     ;            ;                 ;           ;         ;          ;            ;           ;                 ; 2507070A3HS008
A3-HS      ; 06/16/2025 15:38:59; 20250616153859458;              1;        1; A            ; A            ; Verginia PREMIUM Fosco         ; Verginia PREMIUM Fosco         ; FIO METALIZADO-SUV              ; B152         ; SUVINIL                ; SUVINIL                ;             ;        ;         ;        ;      ;        ; 13684169;              800   ;        0.8   ; L       ;            1; DefaultPaintType;               0; 05/10/2025 00:00:00;                                                      ;        ; 0     ;                                                                                                                   ;     ; NO            ; NO            ;        0;       2.916;            2.916; RP            ; RP            ;      255;       0.072;            0.072; BP            ; BP            ; 16711807;       0.252;            0.252;               ;               ;         ;            ;                 ;               ;               ;     ;            ;                 ;               ;               ;     ;            ;                 ;               ;               ;     ;            ;                 ;           ;         ;          ;            ;           ;                 ; 2507070A3HS008
A3-HS      ; 06/16/2025 15:37:04; 20250616153704988;              1;        1; A            ; A            ; Verginia PREMIUM Fosco         ; Verginia PREMIUM Fosco         ; PASTA DE AMENDOIM-SUV           ; B172         ; SUVINIL                ; SUVINIL                ;             ;        ;         ;        ;      ;        ; 12308707;              800   ;        0.8   ; L       ;            1; DefaultPaintType;               0; 05/10/2025 00:00:00;                                                      ;        ; 0     ;                                                                                                                   ;     ; JO            ; JO            ;    39372;       4.104;            4.104; RH            ; RH            ;     9366;       0.288;            0.288; NO            ; NO            ;        0;       0.684;            0.684;               ;               ;         ;            ;                 ;               ;               ;     ;            ;                 ;               ;               ;     ;            ;                 ;               ;               ;     ;            ;                 ;           ;         ;          ;            ;           ;                 ; 2507070A3HS008
A3-HS      ; 06/16/2025 15:34:20; 20250616153420260;              1;        1; A            ; A            ; Verginia PREMIUM Fosco         ; Verginia PREMIUM Fosco         ; NUVEM ENCANTADA-SUV             ; A666         ; SUVINIL                ; SUVINIL                ;             ;        ;         ;        ;      ;        ; 14602439;              800   ;        0.8   ; L       ;            1; DefaultPaintType;               0; 05/10/2025 00:00:00;                                                      ;        ; 0     ;                                                                                                                   ;     ; BE            ; BE            ; 10485760;       0.227;            0.227; NO            ; NO            ;        0;       0.847;            0.847; VI            ; VI            ;  5189455;       0.86 ;            0.86 ;               ;               ;         ;            ;                 ;               ;               ;     ;            ;                 ;               ;               ;     ;            ;                 ;               ;               ;     ;            ;                 ;           ;         ;          ;            ;           ;                 ; 2507070A3HS008
A3-HS      ; 06/16/2025 15:31:16; 20250616153116188;              1;        1; A            ; A            ; Verginia PREMIUM Fosco         ; Verginia PREMIUM Fosco         ; PRATA-SUV                       ; C161         ; SUVINIL                ; SUVINIL                ;             ;        ;         ;        ;      ;        ; 12107455;              800   ;        0.8   ; L       ;            1; DefaultPaintType;               0; 05/10/2025 00:00:00;                                                      ;        ; 0     ;                                                                                                                   ;     ; JO            ; JO            ;    39372;       2.448;            2.448; RH            ; RH            ;     9366;       0.216;            0.216; NO            ; NO            ;        0;       5.075;            5.075;               ;               ;         ;            ;                 ;               ;               ;     ;            ;                 ;               ;               ;     ;            ;                 ;               ;               ;     ;            ;                 ;           ;         ;          ;            ;           ;                 ; 2507070A3HS008
A3-HS      ; 06/16/2025 15:27:06; 20250616152706893;              1;        1; A            ; A            ; Verginia PREMIUM Fosco         ; Verginia PREMIUM Fosco         ; CHINCHILLA VB 72-0101           ; VB 72-0101   ; VERGINIA Phenix        ; VERGINIA Phenix        ;             ;        ;         ;        ;      ;        ; 11645356;              800   ;        0.8   ; L       ;            1; DefaultPaintType;               0; 05/10/2025 00:00:00;                                                      ;        ; 0     ;                                                                                                                   ;     ; JO            ; JO            ;    39372;       1.583;            1.583; NO            ; NO            ;        0;       9.875;            9.875;               ;               ;         ;            ;                 ;               ;               ;         ;            ;                 ;               ;               ;     ;            ;                 ;               ;               ;     ;            ;                 ;               ;               ;     ;            ;                 ;           ;         ;          ;            ;           ;                 ; 2507070A3HS008
A3-HS      ; 06/16/2025 15:24:26; 20250616152426837;              1;        1; A            ; A            ; Verginia PREMIUM Fosco         ; Verginia PREMIUM Fosco         ; JADE VJ 86-2306                 ; VJ 86-2306   ; VERGINIA Phenix        ; VERGINIA Phenix        ;             ;        ;         ;        ;      ;        ; 13296556;              800   ;        0.8   ; L       ;            1; DefaultPaintType;               0; 05/10/2025 00:00:00;                                                      ;        ; 0     ;                                                                                                                   ;     ; JO            ; JO            ;    39372;       0.108;            0.108; JP            ; JP            ;    56575;       2.252;            2.252; VR            ; VR            ;    26112;       2.286;            2.286;               ;               ;         ;            ;                 ;               ;               ;     ;            ;                 ;               ;               ;     ;            ;                 ;               ;               ;     ;            ;                 ;           ;         ;          ;            ;           ;                 ; 2507070A3HS008
A3-HS      ; 06/16/2025 15:22:27; 20250616152227382;              1;        1; A            ; A            ; Verginia PREMIUM Fosco         ; Verginia PREMIUM Fosco         ; SPRAY VB 88-1406                ; VB 88-1406   ; VERGINIA Phenix        ; VERGINIA Phenix        ;             ;        ;         ;        ;      ;        ; 15197624;              800   ;        0.8   ; L       ;            1; DefaultPaintType;               0; 05/10/2025 00:00:00;                                                      ;        ; 0     ;                                                                                                                   ;     ; BE            ; BE            ; 10485760;       0.548;            0.548; VR            ; VR            ;    26112;       0.649;            0.649;               ;               ;         ;            ;                 ;               ;               ;         ;            ;                 ;               ;               ;     ;            ;                 ;               ;               ;     ;            ;                 ;               ;               ;     ;            ;                 ;           ;         ;          ;            ;           ;                 ; 2507070A3HS008
A3-HS      ; 06/16/2025 15:20:03; 20250616152003103;              1;        1; A            ; A            ; Verginia PREMIUM Fosco         ; Verginia PREMIUM Fosco         ; BLEU CIEL BV 82-0816            ; BV 82-0816   ; VERGINIA Phenix        ; VERGINIA Phenix        ;             ;        ;         ;        ;      ;        ; 15192489;              800   ;        0.8   ; L       ;            1; DefaultPaintType;               0; 05/10/2025 00:00:00;                                                      ;        ; 0     ;                                                                                                                   ;     ; BE            ; BE            ; 10485760;       1.476;            1.476; NO            ; NO            ;        0;       0.108;            0.108; VI            ; VI            ;  5189455;       0.576;            0.576;               ;               ;         ;            ;                 ;               ;               ;     ;            ;                 ;               ;               ;     ;            ;                 ;               ;               ;     ;            ;                 ;           ;         ;          ;            ;           ;                 ; 2507070A3HS008
A3-HS      ; 06/16/2025 15:17:06; 20250616151706943;              1;        1; A            ; A            ; Verginia PREMIUM Fosco         ; Verginia PREMIUM Fosco         ; DIGITALE BR 81-0709             ; BR 81-0709   ; VERGINIA Phenix        ; VERGINIA Phenix        ;             ;        ;         ;        ;      ;        ; 14206415;              800   ;        0.8   ; L       ;            1; DefaultPaintType;               0; 05/10/2025 00:00:00;                                                      ;        ; 0     ;                                                                                                                   ;     ; NO            ; NO            ;        0;       0.971;            0.971; VI            ; VI            ;  5189455;       0.643;            0.643; MA            ; MA            ;  1513356;       1.079;            1.079;               ;               ;         ;            ;                 ;               ;               ;     ;            ;                 ;               ;               ;     ;            ;                 ;               ;               ;     ;            ;                 ;           ;         ;          ;            ;           ;                 ; 2507070A3HS008
A3-HS      ; 06/16/2025 15:14:23; 20250616151423977;              1;        1; A            ; A            ; Verginia PREMIUM Fosco         ; Verginia PREMIUM Fosco         ; LANDAU RJ 82-1306               ; RJ 82-1306   ; VERGINIA Phenix        ; VERGINIA Phenix        ;             ;        ;         ;        ;      ;        ; 12501479;              800   ;        0.8   ; L       ;            1; DefaultPaintType;               0; 05/10/2025 00:00:00;                                                      ;        ; 0     ;                                                                                                                   ;     ; RH            ; RH            ;     9366;       1.421;            1.421; NO            ; NO            ;        0;       0.27 ;            0.27 ; RP            ; RP            ;      255;       1.097;            1.097;               ;               ;         ;            ;                 ;               ;               ;     ;            ;                 ;               ;               ;     ;            ;                 ;               ;               ;     ;            ;                 ;           ;         ;          ;            ;           ;                 ; 2507070A3HS008
A3-HS      ; 06/16/2025 15:11:36; 20250616151136689;              1;        1; A            ; A            ; Verginia PREMIUM Fosco         ; Verginia PREMIUM Fosco         ; TAMARIS RJ 86-1412              ; RJ 86-1412   ; VERGINIA Phenix        ; VERGINIA Phenix        ;             ;        ;         ;        ;      ;        ; 12701690;              800   ;        0.8   ; L       ;            1; DefaultPaintType;               0; 05/10/2025 00:00:00;                                                      ;        ; 0     ;                                                                                                                   ;     ; RH            ; RH            ;     9366;       0.072;            0.072; OP            ; OP            ;  3373284;       2.842;            2.842; RP            ; RP            ;      255;       1.007;            1.007;               ;               ;         ;            ;                 ;               ;               ;     ;            ;                 ;               ;               ;     ;            ;                 ;               ;               ;     ;            ;                 ;           ;         ;          ;            ;           ;                 ; 2507070A3HS008
A3-HS      ; 06/16/2025 15:08:57; 20250616150857337;              1;        1; A            ; A            ; Verginia PREMIUM Fosco         ; Verginia PREMIUM Fosco         ; CHENE CLAIR JR 87-1024          ; JR 87-1024   ; VERGINIA Phenix        ; VERGINIA Phenix        ;             ;        ;         ;        ;      ;        ; 11326205;              800   ;        0.8   ; L       ;            1; DefaultPaintType;               0; 05/10/2025 00:00:00;                                                      ;        ; 0     ;                                                                                                                   ;     ; JO            ; JO            ;    39372;       3.148;            3.148; OP            ; OP            ;  3373284;       6.529;            6.529; JP            ; JP            ;    56575;       0.899;            0.899;               ;               ;         ;            ;                 ;               ;               ;     ;            ;                 ;               ;               ;     ;            ;                 ;               ;               ;     ;            ;                 ;           ;         ;          ;            ;           ;                 ; 2507070A3HS008
A3-HS      ; 06/16/2025 15:04:29; 20250616150429634;              1;        1; A            ; A            ; Verginia PREMIUM Fosco         ; Verginia PREMIUM Fosco         ; MERINGUE JV 92-0112             ; JV 92-0112   ; VERGINIA Phenix        ; VERGINIA Phenix        ;             ;        ;         ;        ;      ;        ; 13691378;              800   ;        0.8   ; L       ;            1; DefaultPaintType;               0; 05/10/2025 00:00:00;                                                      ;        ; 0     ;                                                                                                                   ;     ; JO            ; JO            ;    39372;       1.061;            1.061; NO            ; NO            ;        0;       0.136;            0.136; JP            ; JP            ;    56575;       0.737;            0.737;               ;               ;         ;            ;                 ;               ;               ;     ;            ;                 ;               ;               ;     ;            ;                 ;               ;               ;     ;            ;                 ;           ;         ;          ;            ;           ;                 ; 2507070A3HS008
A3-HS      ; 06/16/2025 15:00:31; 20250616150031559;              1;        1; A            ; A            ; Verginia PREMIUM Fosco         ; Verginia PREMIUM Fosco         ; FOIN JR 85-0035                 ; JR 85-0035   ; VERGINIA Phenix        ; VERGINIA Phenix        ;             ;        ;         ;        ;      ;        ;  9491437;              800   ;        0.8   ; L       ;            1; DefaultPaintType;               0; 05/10/2025 00:00:00;                                                      ;        ; 0     ;                                                                                                                   ;     ; JO            ; JO            ;    39372;       8.274;            8.274; NO            ; NO            ;        0;       0.36 ;            0.36 ; JP            ; JP            ;    56575;      19.408;           19.408;               ;               ;         ;            ;                 ;               ;               ;     ;            ;                 ;               ;               ;     ;            ;                 ;               ;               ;     ;            ;                 ;           ;         ;          ;            ;           ;                 ; 2507070A3HS008
A3-HS      ; 06/13/2025 16:19:30; 20250613161930085;              1;        1;              ;              ;                                ;                                ;                                 ;              ;                        ;                        ;             ;        ;         ;        ;      ;        ; 16711680;                0   ;        1     ; L       ;            3; DefaultPaintType;               0; 06/13/2025 16:19:30;                                                      ;        ; 0     ;                                                                                                                   ;     ; BE            ; BE            ; 10485760;       6    ;            6    ; BA            ; BA            ; 16777215;       3    ;            3    ;               ;               ;         ;            ;                 ;               ;               ;         ;            ;                 ;               ;               ;     ;            ;                 ;               ;               ;     ;            ;                 ;               ;               ;     ;            ;                 ;           ;         ;          ;            ;           ;                 ; 2507070A3HS008
A3-HS      ; 06/13/2025 15:12:58; 20250613151258573;              1;        1;              ;              ;                                ;                                ;                                 ;              ;                        ;                        ;             ;        ;         ;        ;      ;        ; 16711680;                0   ;        1     ; L       ;            3; DefaultPaintType;               0; 06/13/2025 15:12:58;                                                      ;        ; 0     ;                                                                                                                   ;     ; BE            ; BE            ; 10485760;       6    ;            6    ; BA            ; BA            ; 16777215;       3    ;            3    ;               ;               ;         ;            ;                 ;               ;               ;         ;            ;                 ;               ;               ;     ;            ;                 ;               ;               ;     ;            ;                 ;               ;               ;     ;            ;                 ;           ;         ;          ;            ;           ;                 ; 2507070A3HS008
A3-HS      ; 06/13/2025 15:02:02; 20250613150202544;              1;        1;              ;              ;                                ;                                ;                                 ;              ;                        ;                        ;             ;        ;         ;        ;      ;        ; 16711680;                0   ;        1     ; L       ;            3; DefaultPaintType;               0; 06/13/2025 15:02:02;                                                      ;        ; 0     ;                                                                                                                   ;     ; BE            ; BE            ; 10485760;       6    ;            6    ; BA            ; BA            ; 16777215;       3    ;            3    ;               ;               ;         ;            ;                 ;               ;               ;         ;            ;                 ;               ;               ;     ;            ;                 ;               ;               ;     ;            ;                 ;               ;               ;     ;            ;                 ;           ;         ;          ;            ;           ;                 ; 2507070A3HS008
A3-HS      ; 06/13/2025 15:00:42; 20250613150042240;              1;        1;              ;              ;                                ;                                ;                                 ;              ;                        ;                        ;             ;        ;         ;        ;      ;        ; 16711680;                0   ;        1     ; L       ;            3; DefaultPaintType;               0; 06/13/2025 15:00:42;                                                      ;        ; 0     ;                                                                                                                   ;     ; BE            ; BE            ; 10485760;       6    ;            6    ; BA            ; BA            ; 16777215;       3    ;            3    ;               ;               ;         ;            ;                 ;               ;               ;         ;            ;                 ;               ;               ;     ;            ;                 ;               ;               ;     ;            ;                 ;               ;               ;     ;            ;                 ;           ;         ;          ;            ;           ;                 ; 2507070A3HS008
A3-HS      ; 06/13/2025 14:56:30; 20250613145630285;              1;        1;              ;              ;                                ;                                ;                                 ;              ;                        ;                        ;             ;        ;         ;        ;      ;        ; 16711680;                0   ;        1     ; L       ;            3; DefaultPaintType;               0; 06/13/2025 14:56:30;                                                      ;        ; 0     ;                                                                                                                   ;     ; BE            ; BE            ; 10485760;       5    ;            5    ;               ;               ;         ;            ;                 ;               ;               ;         ;            ;                 ;               ;               ;         ;            ;                 ;               ;               ;     ;            ;                 ;               ;               ;     ;            ;                 ;               ;               ;     ;            ;                 ;           ;         ;          ;            ;           ;                 ; 2507070A3HS008
A3-HS      ; 06/13/2025 14:51:34; 20250613145134655;              1;        1; AP           ; AP           ; LATEXOR Fosco                  ; LATEXOR Fosco                  ; TINTA BASE AP                   ; TINTA BASE AP;                        ;                        ; VERGINIA    ;        ; CURITIBA;        ;      ;        ;        0;                0.15;        0.15  ; ML      ;            2; DefaultPaintType;               0; 05/08/2025 08:48:47; FORMULA PARA CONTROLE DE QUALIDADE DE BASES AP TINTAS;        ; 0     ;                                                                                                                   ;     ; BE            ; BE            ; 10485760;       0.005;            0.005;               ;               ;         ;            ;                 ;               ;               ;         ;            ;                 ;               ;               ;         ;            ;                 ;               ;               ;     ;            ;                 ;               ;               ;     ;            ;                 ;               ;               ;     ;            ;                 ;           ;         ;          ;            ;           ;                 ; 2507070A3HS008
A3-HS      ; 06/13/2025 14:49:28; 20250613144928262;              1;        1; AP           ; AP           ; LATEXOR Fosco                  ; LATEXOR Fosco                  ; TINTA BASE AP                   ; TINTA BASE AP;                        ;                        ; VERGINIA    ;        ; CURITIBA;        ;      ;        ;        0;                0.15;        0.15  ; ML      ;            2; DefaultPaintType;               0; 05/08/2025 08:48:47; FORMULA PARA CONTROLE DE QUALIDADE DE BASES AP TINTAS;        ; 0     ;                                                                                                                   ;     ; BE            ; BE            ; 10485760;       0.005;            0.005;               ;               ;         ;            ;                 ;               ;               ;         ;            ;                 ;               ;               ;         ;            ;                 ;               ;               ;     ;            ;                 ;               ;               ;     ;            ;                 ;               ;               ;     ;            ;                 ;           ;         ;          ;            ;           ;                 ; 2507070A3HS008
A3-HS      ; 06/11/2025 14:10:05; 20250611141005989;              1;        1; A            ; A            ; Verginia PREMIUM Fosco         ; Verginia PREMIUM Fosco         ; E 3-2                           ; E 3-2        ; VERGINIA Decoration    ; VERGINIA Decoration    ;             ;        ;         ;        ;      ;        ; 10926079;              800   ;        0.8   ; L       ;            1; DefaultPaintType;               0; 05/10/2025 00:00:00;                                                      ;        ; 0     ;                                                                                                                   ;     ; OP            ; OP            ;  3373284;       9.611;            9.611; RP            ; RP            ;      255;       4.931;            4.931;               ;               ;         ;            ;                 ;               ;               ;         ;            ;                 ;               ;               ;     ;            ;                 ;               ;               ;     ;            ;                 ;               ;               ;     ;            ;                 ;           ;         ;          ;            ;           ;                 ; 2507070A3HS008
A3-HS      ; 06/09/2025 11:20:19; 20250609112019083;              1;        1; A            ; A            ; Verginia PREMIUM Fosco         ; Verginia PREMIUM Fosco         ; ELEFANTE-SUV                    ; D161 N1066   ; SUVINIL                ; SUVINIL                ;             ;        ;         ;        ;      ;        ;  9542047;              800   ;        0.8   ; L       ;            1; DefaultPaintType;               0; 05/10/2025 00:00:00;                                                      ;        ; 0     ;                                                                                                                   ;     ; JO            ; JO            ;    39372;       7.487;            7.487; RH            ; RH            ;     9366;       0.216;            0.216; NO            ; NO            ;        0;      17.134;           17.134;               ;               ;         ;            ;                 ;               ;               ;     ;            ;                 ;               ;               ;     ;            ;                 ;               ;               ;     ;            ;                 ;           ;         ;          ;            ;           ;                 ; 2507070A3HS008
A3-HS      ; 05/09/2025 15:31:53; 20250509153153805;              1;        1; IM           ; IM           ; LATEXOR Fosco                  ; LATEXOR Fosco                  ; TINTA BASE BM                   ; TINTA BASE BM;                        ;                        ; VERGINIA    ;        ; CURITIBA;        ;      ;        ;        0;              150   ;        0.15  ; L       ;            2; DefaultPaintType;               0; 05/08/2025 08:52:23; FORMULA PARA CONTROLE DE BASES BM TINTAS             ;        ; 0     ;                                                                                                                   ;     ; BE            ; BE            ; 10485760;       6    ;            6    ; BA            ; BA            ; 16777215;       3    ;            3    ;               ;               ;         ;            ;                 ;               ;               ;         ;            ;                 ;               ;               ;     ;            ;                 ;               ;               ;     ;            ;                 ;               ;               ;     ;            ;                 ;           ;         ;          ;            ;           ;                 ; 2507070A3HS008
A3-HS      ; 05/09/2025 13:38:56; 20250509133856263;              1;        1; IM           ; IM           ; LATEXOR Fosco                  ; LATEXOR Fosco                  ; TINTA BASE BM                   ; TINTA BASE BM;                        ;                        ; VERGINIA    ;        ; CURITIBA;        ;      ;        ;        0;              150   ;        0.15  ; L       ;            2; DefaultPaintType;               0; 05/08/2025 08:52:23; FORMULA PARA CONTROLE DE BASES BM TINTAS             ;        ; 0     ;                                                                                                                   ;     ; BE            ; BE            ; 10485760;       6    ;            6    ; BA            ; BA            ; 16777215;       3    ;            3    ;               ;               ;         ;            ;                 ;               ;               ;         ;            ;                 ;               ;               ;     ;            ;                 ;               ;               ;     ;            ;                 ;               ;               ;     ;            ;                 ;           ;         ;          ;            ;           ;                 ; 2507070A3HS008
A3-HS      ; 05/09/2025 09:48:08; 20250509094808528;              1;        1; IM           ; IM           ; LATEXOR Fosco                  ; LATEXOR Fosco                  ; TINTA BASE BM                   ; TINTA BASE BM;                        ;                        ; VERGINIA    ;        ; CURITIBA;        ;      ;        ;        0;              150   ;        0.15  ; L       ;            2; DefaultPaintType;               0; 05/08/2025 08:52:23; FORMULA PARA CONTROLE DE BASES BM TINTAS             ;        ; 0     ;                                                                                                                   ;     ; BE            ; BE            ; 10485760;       6    ;            6    ; BA            ; BA            ; 16777215;       3    ;            3    ;               ;               ;         ;            ;                 ;               ;               ;         ;            ;                 ;               ;               ;     ;            ;                 ;               ;               ;     ;            ;                 ;               ;               ;     ;            ;                 ;           ;         ;          ;            ;           ;                 ; 2507070A3HS008
A3-HS      ; 05/09/2025 08:57:25; 20250509085725041;              1;        1;              ;              ;                                ;                                ;                                 ;              ;                        ;                        ;             ;        ;         ;        ;      ;        ; 16711680;                0   ;        1     ; L       ;            3; DefaultPaintType;               0; 05/09/2025 08:57:25;                                                      ;        ; 0     ;                                                                                                                   ;     ; BE            ; BE            ; 10485760;       5    ;            5    ; BA            ; BA            ; 16777215;       2.5  ;            2.5  ;               ;               ;         ;            ;                 ;               ;               ;         ;            ;                 ;               ;               ;     ;            ;                 ;               ;               ;     ;            ;                 ;               ;               ;     ;            ;                 ;           ;         ;          ;            ;           ;                 ; 2507070A3HS008
A3-HS      ; 05/09/2025 08:54:04; 20250509085404914;              1;        1;              ;              ;                                ;                                ;                                 ;              ;                        ;                        ;             ;        ;         ;        ;      ;        ; 16711680;                0   ;        1     ; L       ;            3; DefaultPaintType;               0; 05/09/2025 08:54:04;                                                      ;        ; -1    ; Abort : Abort Job                                                                                                 ;     ; BE            ; BE            ; 10485760;       7.5  ;            0    ; BA            ; BA            ; 16777215;       3.75 ;            0    ;               ;               ;         ;            ;                 ;               ;               ;         ;            ;                 ;               ;               ;     ;            ;                 ;               ;               ;     ;            ;                 ;               ;               ;     ;            ;                 ;           ;         ;          ;            ;           ;                 ; 2507070A3HS008
A3-HS      ; 05/09/2025 08:22:37; 20250509082237894;              1;        1;              ;              ;                                ;                                ;                                 ;              ;                        ;                        ;             ;        ;         ;        ;      ;        ; 16711680;                0   ;        1     ; L       ;            3; DefaultPaintType;               0; 05/09/2025 08:22:37;                                                      ;        ; 0     ;                                                                                                                   ;     ; BE            ; BE            ; 10485760;       9    ;            9    ; BA            ; BA            ; 16777215;       4.5  ;            4.5  ;               ;               ;         ;            ;                 ;               ;               ;         ;            ;                 ;               ;               ;     ;            ;                 ;               ;               ;     ;            ;                 ;               ;               ;     ;            ;                 ;           ;         ;          ;            ;           ;                 ; 2507070A3HS008
A3-HS      ; 05/09/2025 08:21:14; 20250509082114880;              1;        1;              ;              ;                                ;                                ;                                 ;              ;                        ;                        ;             ;        ;         ;        ;      ;        ; 16711680;                0   ;        1     ; L       ;            3; DefaultPaintType;               0; 05/09/2025 08:21:14;                                                      ;        ; -1    ; E18 : Base-paint canister has been moved away Please don't move base-paint canister before dispensing is finished.;     ; BE            ; BE            ; 10485760;       7.8  ;            7.8  ; BA            ; BA            ; 16777215;       3.9  ;            3.9  ;               ;               ;         ;            ;                 ;               ;               ;         ;            ;                 ;               ;               ;     ;            ;                 ;               ;               ;     ;            ;                 ;               ;               ;     ;            ;                 ;           ;         ;          ;            ;           ;                 ; 2507070A3HS008
A3-HS      ; 05/08/2025 19:05:34; 20250508190534619;              1;        1;              ;              ;                                ;                                ;                                 ;              ;                        ;                        ;             ;        ;         ;        ;      ;        ; 16711680;                0   ;        1     ; L       ;            3; DefaultPaintType;               0; 05/08/2025 19:05:34;                                                      ;        ; 0     ;                                                                                                                   ;     ; BE            ; BE            ; 10485760;       6.72 ;            6.72 ; BA            ; BA            ; 16777215;       3.36 ;            3.36 ;               ;               ;         ;            ;                 ;               ;               ;         ;            ;                 ;               ;               ;     ;            ;                 ;               ;               ;     ;            ;                 ;               ;               ;     ;            ;                 ;           ;         ;          ;            ;           ;                 ; 2507070A3HS008
A3-HS      ; 05/08/2025 18:53:23; 20250508185323509;              1;        1; IM           ; IM           ; LATEXOR Fosco                  ; LATEXOR Fosco                  ; TINTA BASE BM                   ; TINTA BASE BM;                        ;                        ; VERGINIA    ;        ; CURITIBA;        ;      ;        ;        0;              150   ;        0.15  ; L       ;            2; DefaultPaintType;               0; 05/08/2025 08:52:23; FORMULA PARA CONTROLE DE BASES BM TINTAS             ;        ; -1    ; E18 : Base-paint canister has been moved away Please don't move base-paint canister before dispensing is finished.;     ; BE            ; BE            ; 10485760;       6    ;            6    ; BA            ; BA            ; 16777215;       3    ;            3    ;               ;               ;         ;            ;                 ;               ;               ;         ;            ;                 ;               ;               ;     ;            ;                 ;               ;               ;     ;            ;                 ;               ;               ;     ;            ;                 ;           ;         ;          ;            ;           ;                 ; 2507070A3HS008
A3-HS      ; 05/08/2025 17:25:45; 20250508172545212;              1;        1;              ;              ;                                ;                                ;                                 ;              ;                        ;                        ;             ;        ;         ;        ;      ;        ; 16711680;                0   ;        1     ; L       ;            3; DefaultPaintType;               0; 05/08/2025 17:25:45;                                                      ;        ; -1    ; E18 : Base-paint canister has been moved away Please don't move base-paint canister before dispensing is finished.;     ; BE            ; BE            ; 10485760;       8.16 ;            8.16 ; BA            ; BA            ; 16777215;       4.08 ;            4.08 ;               ;               ;         ;            ;                 ;               ;               ;         ;            ;                 ;               ;               ;     ;            ;                 ;               ;               ;     ;            ;                 ;               ;               ;     ;            ;                 ;           ;         ;          ;            ;           ;                 ; 2507070A3HS008
A3-HS      ; 05/08/2025 17:04:36; 20250508170436648;              1;        1;              ;              ;                                ;                                ;                                 ;              ;                        ;                        ;             ;        ;         ;        ;      ;        ; 16711680;                0   ;        1     ; L       ;            3; DefaultPaintType;               0; 05/08/2025 17:04:36;                                                      ;        ; 0     ;                                                                                                                   ;     ; BE            ; BE            ; 10485760;       6    ;            6    ; BA            ; BA            ; 16777215;       3    ;            3    ;               ;               ;         ;            ;                 ;               ;               ;         ;            ;                 ;               ;               ;     ;            ;                 ;               ;               ;     ;            ;                 ;               ;               ;     ;            ;                 ;           ;         ;          ;            ;           ;                 ; 2507070A3HS008
A3-HS      ; 05/08/2025 16:28:29; 20250508162829335;              1;        1;              ;              ;                                ;                                ;                                 ;              ;                        ;                        ;             ;        ;         ;        ;      ;        ; 16711680;                0   ;        1     ; L       ;            3; DefaultPaintType;               0; 05/08/2025 16:28:29;                                                      ;        ; -1    ; E18 : Base-paint canister has been moved away Please don't move base-paint canister before dispensing is finished.;     ; BE            ; BE            ; 10485760;       5.7  ;            5.7  ; BA            ; BA            ; 16777215;       2.85 ;            2.85 ;               ;               ;         ;            ;                 ;               ;               ;         ;            ;                 ;               ;               ;     ;            ;                 ;               ;               ;     ;            ;                 ;               ;               ;     ;            ;                 ;           ;         ;          ;            ;           ;                 ; 2507070A3HS008
A3-HS      ; 05/08/2025 16:26:18; 20250508162618668;              1;        1;              ;              ;                                ;                                ;                                 ;              ;                        ;                        ;             ;        ;         ;        ;      ;        ; 16711680;                0   ;        1     ; L       ;            3; DefaultPaintType;               0; 05/08/2025 16:26:18;                                                      ;        ; -1    ; E18 : Base-paint canister has been moved away Please don't move base-paint canister before dispensing is finished.;     ; BE            ; BE            ; 10485760;       2.6  ;            0    ;               ;               ;         ;            ;                 ;               ;               ;         ;            ;                 ;               ;               ;         ;            ;                 ;               ;               ;     ;            ;                 ;               ;               ;     ;            ;                 ;               ;               ;     ;            ;                 ;           ;         ;          ;            ;           ;                 ; 2507070A3HS008
A3-HS      ; 05/08/2025 16:26:02; 20250508162602367;              1;        1;              ;              ;                                ;                                ;                                 ;              ;                        ;                        ;             ;        ;         ;        ;      ;        ; 16711680;                0   ;        1     ; L       ;            3; DefaultPaintType;               0; 05/08/2025 16:26:02;                                                      ;        ; -1    ; E18 : Base-paint canister has been moved away Please don't move base-paint canister before dispensing is finished.;     ; BE            ; BE            ; 10485760;       2.6  ;            0    ;               ;               ;         ;            ;                 ;               ;               ;         ;            ;                 ;               ;               ;         ;            ;                 ;               ;               ;     ;            ;                 ;               ;               ;     ;            ;                 ;               ;               ;     ;            ;                 ;           ;         ;          ;            ;           ;                 ; 2507070A3HS008
A3-HS      ; 05/08/2025 16:24:50; 20250508162450879;              1;        1;              ;              ;                                ;                                ;                                 ;              ;                        ;                        ;             ;        ;         ;        ;      ;        ; 16711680;                0   ;        1     ; L       ;            3; DefaultPaintType;               0; 05/08/2025 16:24:50;                                                      ;        ; -1    ; E18 : Base-paint canister has been moved away Please don't move base-paint canister before dispensing is finished.;     ; BE            ; BE            ; 10485760;       2.6  ;            0    ;               ;               ;         ;            ;                 ;               ;               ;         ;            ;                 ;               ;               ;         ;            ;                 ;               ;               ;     ;            ;                 ;               ;               ;     ;            ;                 ;               ;               ;     ;            ;                 ;           ;         ;          ;            ;           ;                 ; 2507070A3HS008
A3-HS      ; 05/08/2025 15:53:46; 20250508155346279;              1;        1;              ;              ;                                ;                                ;                                 ;              ;                        ;                        ;             ;        ;         ;        ;      ;        ; 16711680;                0   ;        1     ; L       ;            3; DefaultPaintType;               0; 05/08/2025 15:53:46;                                                      ;        ; 0     ;                                                                                                                   ;     ; BE            ; BE            ; 10485760;       2.6  ;            2.6  ;               ;               ;         ;            ;                 ;               ;               ;         ;            ;                 ;               ;               ;         ;            ;                 ;               ;               ;     ;            ;                 ;               ;               ;     ;            ;                 ;               ;               ;     ;            ;                 ;           ;         ;          ;            ;           ;                 ; 2507070A3HS008
A3-HS      ; 05/08/2025 15:47:40; 20250508154740591;              1;        1;              ;              ;                                ;                                ;                                 ;              ;                        ;                        ;             ;        ;         ;        ;      ;        ; 16711680;                0   ;        1     ; L       ;            3; DefaultPaintType;               0; 05/08/2025 15:47:40;                                                      ;        ; 0     ;                                                                                                                   ;     ; BE            ; BE            ; 10485760;       2.58 ;            2.58 ;               ;               ;         ;            ;                 ;               ;               ;         ;            ;                 ;               ;               ;         ;            ;                 ;               ;               ;     ;            ;                 ;               ;               ;     ;            ;                 ;               ;               ;     ;            ;                 ;           ;         ;          ;            ;           ;                 ; 2507070A3HS008
A3-HS      ; 05/08/2025 15:40:23; 20250508154023654;              1;        1;              ;              ;                                ;                                ;                                 ;              ;                        ;                        ;             ;        ;         ;        ;      ;        ; 16711680;                0   ;        1     ; L       ;            3; DefaultPaintType;               0; 05/08/2025 15:40:23;                                                      ;        ; 0     ;                                                                                                                   ;     ; BE            ; BE            ; 10485760;       8.6  ;            8.6  ; BA            ; BA            ; 16777215;       4.3  ;            4.3  ;               ;               ;         ;            ;                 ;               ;               ;         ;            ;                 ;               ;               ;     ;            ;                 ;               ;               ;     ;            ;                 ;               ;               ;     ;            ;                 ;           ;         ;          ;            ;           ;                 ; 2507070A3HS008
A3-HS      ; 05/08/2025 15:36:54; 20250508153654984;              1;        1;              ;              ;                                ;                                ;                                 ;              ;                        ;                        ;             ;        ;         ;        ;      ;        ; 16711680;                0   ;        1     ; L       ;            3; DefaultPaintType;               0; 05/08/2025 15:36:54;                                                      ;        ; 0     ;                                                                                                                   ;     ; BE            ; BE            ; 10485760;       3.45 ;            3.45 ;               ;               ;         ;            ;                 ;               ;               ;         ;            ;                 ;               ;               ;         ;            ;                 ;               ;               ;     ;            ;                 ;               ;               ;     ;            ;                 ;               ;               ;     ;            ;                 ;           ;         ;          ;            ;           ;                 ; 2507070A3HS008
A3-HS      ; 05/08/2025 15:07:10; 20250508150710902;              1;        1;              ;              ;                                ;                                ;                                 ;              ;                        ;                        ;             ;        ;         ;        ;      ;        ; 16711680;                0   ;        1     ; L       ;            3; DefaultPaintType;               0; 05/08/2025 15:07:10;                                                      ;        ; 0     ;                                                                                                                   ;     ; BE            ; BE            ; 10485760;       2.8  ;            2.8  ;               ;               ;         ;            ;                 ;               ;               ;         ;            ;                 ;               ;               ;         ;            ;                 ;               ;               ;     ;            ;                 ;               ;               ;     ;            ;                 ;               ;               ;     ;            ;                 ;           ;         ;          ;            ;           ;                 ; 2507070A3HS008
A3-HS      ; 05/08/2025 15:06:00; 20250508150600174;              1;        1;              ;              ;                                ;                                ;                                 ;              ;                        ;                        ;             ;        ;         ;        ;      ;        ; 16711680;                0   ;        1     ; L       ;            3; DefaultPaintType;               0; 05/08/2025 15:06:00;                                                      ;        ; 0     ;                                                                                                                   ;     ; BE            ; BE            ; 10485760;       7.5  ;            7.5  ; BA            ; BA            ; 16777215;       3.75 ;            3.75 ;               ;               ;         ;            ;                 ;               ;               ;         ;            ;                 ;               ;               ;     ;            ;                 ;               ;               ;     ;            ;                 ;               ;               ;     ;            ;                 ;           ;         ;          ;            ;           ;                 ; 2507070A3HS008
A3-HS      ; 05/08/2025 15:04:14; 20250508150414054;              1;        1;              ;              ;                                ;                                ;                                 ;              ;                        ;                        ;             ;        ;         ;        ;      ;        ; 16711680;                0   ;        1     ; L       ;            3; DefaultPaintType;               0; 05/08/2025 15:04:14;                                                      ;        ; -1    ; E18 : Base-paint canister has been moved away Please don't move base-paint canister before dispensing is finished.;     ; BE            ; BE            ; 10485760;       6.12 ;            6.12 ; BA            ; BA            ; 16777215;       3.06 ;            3.06 ;               ;               ;         ;            ;                 ;               ;               ;         ;            ;                 ;               ;               ;     ;            ;                 ;               ;               ;     ;            ;                 ;               ;               ;     ;            ;                 ;           ;         ;          ;            ;           ;                 ; 2507070A3HS008
A3-HS      ; 05/08/2025 15:02:21; 20250508150221405;              1;        1;              ;              ;                                ;                                ;                                 ;              ;                        ;                        ;             ;        ;         ;        ;      ;        ; 16711680;                0   ;        1     ; L       ;            3; DefaultPaintType;               0; 05/08/2025 15:02:21;                                                      ;        ; 0     ;                                                                                                                   ;     ; BE            ; BE            ; 10485760;       2.85 ;            2.85 ;               ;               ;         ;            ;                 ;               ;               ;         ;            ;                 ;               ;               ;         ;            ;                 ;               ;               ;     ;            ;                 ;               ;               ;     ;            ;                 ;               ;               ;     ;            ;                 ;           ;         ;          ;            ;           ;                 ; 2507070A3HS008
A3-HS      ; 05/08/2025 14:55:04; 20250508145504575;              1;        1; IM           ; IM           ; LATEXOR Fosco                  ; LATEXOR Fosco                  ; TINTA BASE BM                   ; TINTA BASE BM;                        ;                        ; VERGINIA    ;        ; CURITIBA;        ;      ;        ;        0;              150   ;        0.15  ; L       ;            2; DefaultPaintType;               0; 05/08/2025 08:52:23; FORMULA PARA CONTROLE DE BASES BM TINTAS             ;        ; 0     ;                                                                                                                   ;     ; BE            ; BE            ; 10485760;       6    ;            6    ; BA            ; BA            ; 16777215;       3    ;            3    ;               ;               ;         ;            ;                 ;               ;               ;         ;            ;                 ;               ;               ;     ;            ;                 ;               ;               ;     ;            ;                 ;               ;               ;     ;            ;                 ;           ;         ;          ;            ;           ;                 ; 2507070A3HS008
A3-HS      ; 05/08/2025 14:45:27; 20250508144527608;              1;        1;              ;              ;                                ;                                ;                                 ;              ;                        ;                        ;             ;        ;         ;        ;      ;        ; 16711680;                0   ;        1     ; L       ;            3; DefaultPaintType;               0; 05/08/2025 14:45:27;                                                      ;        ; 0     ;                                                                                                                   ;     ; BE            ; BE            ; 10485760;       3.77 ;            3.77 ;               ;               ;         ;            ;                 ;               ;               ;         ;            ;                 ;               ;               ;         ;            ;                 ;               ;               ;     ;            ;                 ;               ;               ;     ;            ;                 ;               ;               ;     ;            ;                 ;           ;         ;          ;            ;           ;                 ; 2507070A3HS008
A3-HS      ; 05/08/2025 14:43:13; 20250508144313225;              1;        1;              ;              ;                                ;                                ;                                 ;              ;                        ;                        ;             ;        ;         ;        ;      ;        ; 16711680;                0   ;        1     ; L       ;            3; DefaultPaintType;               0; 05/08/2025 14:43:13;                                                      ;        ; -1    ; Abort : Abort Job                                                                                                 ;     ; BE            ; BE            ; 10485760;       7.19 ;            0    ; BA            ; BA            ; 16777215;       3.6  ;            0    ;               ;               ;         ;            ;                 ;               ;               ;         ;            ;                 ;               ;               ;     ;            ;                 ;               ;               ;     ;            ;                 ;               ;               ;     ;            ;                 ;           ;         ;          ;            ;           ;                 ; 2507070A3HS008
A3-HS      ; 05/08/2025 14:35:56; 20250508143556330;              1;        1;              ;              ;                                ;                                ;                                 ;              ;                        ;                        ;             ;        ;         ;        ;      ;        ; 16711680;                0   ;        1     ; L       ;            3; DefaultPaintType;               0; 05/08/2025 14:35:56;                                                      ;        ; 0     ;                                                                                                                   ;     ; BE            ; BE            ; 10485760;       2.7  ;            2.7  ;               ;               ;         ;            ;                 ;               ;               ;         ;            ;                 ;               ;               ;         ;            ;                 ;               ;               ;     ;            ;                 ;               ;               ;     ;            ;                 ;               ;               ;     ;            ;                 ;           ;         ;          ;            ;           ;                 ; 2507070A3HS008
A3-HS      ; 05/08/2025 14:35:34; 20250508143534587;              1;        1;              ;              ;                                ;                                ;                                 ;              ;                        ;                        ;             ;        ;         ;        ;      ;        ; 16711680;                0   ;        1     ; L       ;            3; DefaultPaintType;               0; 05/08/2025 14:35:34;                                                      ;        ; -1    ; E18 : Base-paint canister has been moved away Please don't move base-paint canister before dispensing is finished.;     ; BE            ; BE            ; 10485760;       2.7  ;            0    ;               ;               ;         ;            ;                 ;               ;               ;         ;            ;                 ;               ;               ;         ;            ;                 ;               ;               ;     ;            ;                 ;               ;               ;     ;            ;                 ;               ;               ;     ;            ;                 ;           ;         ;          ;            ;           ;                 ; 2507070A3HS008
A3-HS      ; 05/08/2025 14:23:46; 20250508142346924;              1;        1;              ;              ;                                ;                                ;                                 ;              ;                        ;                        ;             ;        ;         ;        ;      ;        ; 16711680;                0   ;        1     ; L       ;            3; DefaultPaintType;               0; 05/08/2025 14:23:46;                                                      ;        ; 0     ;                                                                                                                   ;     ; BE            ; BE            ; 10485760;       7.19 ;            7.19 ; BA            ; BA            ; 16777215;       3.6  ;            3.6  ;               ;               ;         ;            ;                 ;               ;               ;         ;            ;                 ;               ;               ;     ;            ;                 ;               ;               ;     ;            ;                 ;               ;               ;     ;            ;                 ;           ;         ;          ;            ;           ;                 ; 2507070A3HS008
A3-HS      ; 05/08/2025 14:23:35; 20250508142335485;              1;        1;              ;              ;                                ;                                ;                                 ;              ;                        ;                        ;             ;        ;         ;        ;      ;        ; 16711680;                0   ;        1     ; L       ;            3; DefaultPaintType;               0; 05/08/2025 14:23:35;                                                      ;        ; -1    ; E18 : Base-paint canister has been moved away Please don't move base-paint canister before dispensing is finished.;     ; BE            ; BE            ; 10485760;       7.19 ;            0    ; BA            ; BA            ; 16777215;       3.6  ;            0    ;               ;               ;         ;            ;                 ;               ;               ;         ;            ;                 ;               ;               ;     ;            ;                 ;               ;               ;     ;            ;                 ;               ;               ;     ;            ;                 ;           ;         ;          ;            ;           ;                 ; 2507070A3HS008
A3-HS      ; 05/08/2025 13:49:45; 20250508134945283;              1;        1;              ;              ;                                ;                                ;                                 ;              ;                        ;                        ;             ;        ;         ;        ;      ;        ; 16711680;                0   ;        1     ; L       ;            3; DefaultPaintType;               0; 05/08/2025 13:49:45;                                                      ;        ; 0     ;                                                                                                                   ;     ; BE            ; BE            ; 10485760;       6.12 ;            6.12 ; BA            ; BA            ; 16777215;       3.06 ;            3.06 ;               ;               ;         ;            ;                 ;               ;               ;         ;            ;                 ;               ;               ;     ;            ;                 ;               ;               ;     ;            ;                 ;               ;               ;     ;            ;                 ;           ;         ;          ;            ;           ;                 ; 2507070A3HS008
A3-HS      ; 05/08/2025 13:48:38; 20250508134838196;              1;        1;              ;              ;                                ;                                ;                                 ;              ;                        ;                        ;             ;        ;         ;        ;      ;        ; 16711680;                0   ;        1     ; L       ;            3; DefaultPaintType;               0; 05/08/2025 13:48:38;                                                      ;        ; 0     ;                                                                                                                   ;     ; BE            ; BE            ; 10485760;       2.93 ;            2.93 ;               ;               ;         ;            ;                 ;               ;               ;         ;            ;                 ;               ;               ;         ;            ;                 ;               ;               ;     ;            ;                 ;               ;               ;     ;            ;                 ;               ;               ;     ;            ;                 ;           ;         ;          ;            ;           ;                 ; 2507070A3HS008
A3-HS      ; 05/08/2025 13:47:37; 20250508134737300;              1;        1;              ;              ;                                ;                                ;                                 ;              ;                        ;                        ;             ;        ;         ;        ;      ;        ; 16711680;                0   ;        1     ; L       ;            3; DefaultPaintType;               0; 05/08/2025 13:47:37;                                                      ;        ; 0     ;                                                                                                                   ;     ; BE            ; BE            ; 10485760;       3.07 ;            3.07 ;               ;               ;         ;            ;                 ;               ;               ;         ;            ;                 ;               ;               ;         ;            ;                 ;               ;               ;     ;            ;                 ;               ;               ;     ;            ;                 ;               ;               ;     ;            ;                 ;           ;         ;          ;            ;           ;                 ; 2507070A3HS008
A3-HS      ; 05/08/2025 13:46:26; 20250508134626123;              1;        1;              ;              ;                                ;                                ;                                 ;              ;                        ;                        ;             ;        ;         ;        ;      ;        ; 16711680;                0   ;        1     ; L       ;            3; DefaultPaintType;               0; 05/08/2025 13:46:26;                                                      ;        ; 0     ;                                                                                                                   ;     ; BE            ; BE            ; 10485760;       3.55 ;            3.55 ;               ;               ;         ;            ;                 ;               ;               ;         ;            ;                 ;               ;               ;         ;            ;                 ;               ;               ;     ;            ;                 ;               ;               ;     ;            ;                 ;               ;               ;     ;            ;                 ;           ;         ;          ;            ;           ;                 ; 2507070A3HS008
A3-HS      ; 05/08/2025 11:57:13; 20250508115713664;              1;        1;              ;              ;                                ;                                ;                                 ;              ;                        ;                        ;             ;        ;         ;        ;      ;        ; 16711680;                0   ;        1     ; L       ;            3; DefaultPaintType;               0; 05/08/2025 11:57:13;                                                      ;        ; 0     ;                                                                                                                   ;     ; BE            ; BE            ; 10485760;       6.75 ;            6.75 ; BA            ; BA            ; 16777215;       3.38 ;            3.38 ;               ;               ;         ;            ;                 ;               ;               ;         ;            ;                 ;               ;               ;     ;            ;                 ;               ;               ;     ;            ;                 ;               ;               ;     ;            ;                 ;           ;         ;          ;            ;           ;                 ; 2507070A3HS008
A3-HS      ; 05/08/2025 11:55:47; 20250508115547167;              1;        1;              ;              ;                                ;                                ;                                 ;              ;                        ;                        ;             ;        ;         ;        ;      ;        ; 16711680;                0   ;        1     ; L       ;            3; DefaultPaintType;               0; 05/08/2025 11:55:47;                                                      ;        ; 0     ;                                                                                                                   ;     ; BE            ; BE            ; 10485760;       3.67 ;            3.67 ;               ;               ;         ;            ;                 ;               ;               ;         ;            ;                 ;               ;               ;         ;            ;                 ;               ;               ;     ;            ;                 ;               ;               ;     ;            ;                 ;               ;               ;     ;            ;                 ;           ;         ;          ;            ;           ;                 ; 2507070A3HS008
A3-HS      ; 05/08/2025 11:18:58; 20250508111858622;              1;        1;              ;              ;                                ;                                ;                                 ;              ;                        ;                        ;             ;        ;         ;        ;      ;        ; 16711680;                0   ;        1     ; L       ;            3; DefaultPaintType;               0; 05/08/2025 11:18:58;                                                      ;        ; 0     ;                                                                                                                   ;     ; BE            ; BE            ; 10485760;       8.66 ;            8.66 ; BA            ; BA            ; 16777215;       4.33 ;            4.33 ;               ;               ;         ;            ;                 ;               ;               ;         ;            ;                 ;               ;               ;     ;            ;                 ;               ;               ;     ;            ;                 ;               ;               ;     ;            ;                 ;           ;         ;          ;            ;           ;                 ; 2507070A3HS008
A3-HS      ; 05/08/2025 11:17:08; 20250508111708824;              1;        1;              ;              ;                                ;                                ;                                 ;              ;                        ;                        ;             ;        ;         ;        ;      ;        ; 16711680;                0   ;        1     ; L       ;            3; DefaultPaintType;               0; 05/08/2025 11:17:08;                                                      ;        ; 0     ;                                                                                                                   ;     ; BE            ; BE            ; 10485760;       3.17 ;            3.17 ;               ;               ;         ;            ;                 ;               ;               ;         ;            ;                 ;               ;               ;         ;            ;                 ;               ;               ;     ;            ;                 ;               ;               ;     ;            ;                 ;               ;               ;     ;            ;                 ;           ;         ;          ;            ;           ;                 ; 2507070A3HS008
A3-HS      ; 05/08/2025 10:34:56; 20250508103456493;              1;        1; IM           ; IM           ; LATEXOR Fosco                  ; LATEXOR Fosco                  ; TINTA BASE BM                   ; TINTA BASE BM;                        ;                        ; VERGINIA    ;        ; CURITIBA;        ;      ;        ;        0;              150   ;        0.15  ; L       ;            2; DefaultPaintType;               0; 05/08/2025 08:52:23; FORMULA PARA CONTROLE DE BASES BM TINTAS             ;        ; 0     ;                                                                                                                   ;     ; BE            ; BE            ; 10485760;       6    ;            6    ; BA            ; BA            ; 16777215;       3    ;            3    ;               ;               ;         ;            ;                 ;               ;               ;         ;            ;                 ;               ;               ;     ;            ;                 ;               ;               ;     ;            ;                 ;               ;               ;     ;            ;                 ;           ;         ;          ;            ;           ;                 ; 2507070A3HS008
A3-HS      ; 05/08/2025 10:33:36; 20250508103336728;              1;        1; AP           ; AP           ; LATEXOR Fosco                  ; LATEXOR Fosco                  ; TINTA BASE AP                   ; TINTA BASE AP;                        ;                        ; VERGINIA    ;        ; CURITIBA;        ;      ;        ;        0;              150   ;        0.15  ; L       ;            2; DefaultPaintType;               0; 05/08/2025 08:48:47; FORMULA PARA CONTROLE DE QUALIDADE DE BASES AP TINTAS;        ; 0     ;                                                                                                                   ;     ; BE            ; BE            ; 10485760;       5    ;            5    ;               ;               ;         ;            ;                 ;               ;               ;         ;            ;                 ;               ;               ;         ;            ;                 ;               ;               ;     ;            ;                 ;               ;               ;     ;            ;                 ;               ;               ;     ;            ;                 ;           ;         ;          ;            ;           ;                 ; 2507070A3HS008
A3-HS      ; 05/08/2025 10:31:33; 20250508103133374;              1;        1; IM           ; IM           ; LATEXOR Fosco                  ; LATEXOR Fosco                  ; TINTA BASE BM                   ; TINTA BASE BM;                        ;                        ; VERGINIA    ;        ; CURITIBA;        ;      ;        ;        0;              150   ;        0.15  ; L       ;            2; DefaultPaintType;               0; 05/08/2025 08:52:23; FORMULA PARA CONTROLE DE BASES BM TINTAS             ;        ; 0     ;                                                                                                                   ;     ; BE            ; BE            ; 10485760;       6    ;            6    ; BA            ; BA            ; 16777215;       3    ;            3    ;               ;               ;         ;            ;                 ;               ;               ;         ;            ;                 ;               ;               ;     ;            ;                 ;               ;               ;     ;            ;                 ;               ;               ;     ;            ;                 ;           ;         ;          ;            ;           ;                 ; 2507070A3HS008
A3-HS      ; 05/08/2025 10:30:32; 20250508103032791;              1;        1; AP           ; AP           ; LATEXOR Fosco                  ; LATEXOR Fosco                  ; TINTA BASE AP                   ; TINTA BASE AP;                        ;                        ; VERGINIA    ;        ; CURITIBA;        ;      ;        ;        0;              150   ;        0.15  ; L       ;            2; DefaultPaintType;               0; 05/08/2025 08:48:47; FORMULA PARA CONTROLE DE QUALIDADE DE BASES AP TINTAS;        ; 0     ;                                                                                                                   ;     ; BE            ; BE            ; 10485760;       5    ;            5    ;               ;               ;         ;            ;                 ;               ;               ;         ;            ;                 ;               ;               ;         ;            ;                 ;               ;               ;     ;            ;                 ;               ;               ;     ;            ;                 ;               ;               ;     ;            ;                 ;           ;         ;          ;            ;           ;                 ; 2507070A3HS008
A3-HS      ; 05/08/2025 10:29:37; 20250508102937246;              1;        1; AP           ; AP           ; LATEXOR Fosco                  ; LATEXOR Fosco                  ; TINTA BASE AP                   ; TINTA BASE AP;                        ;                        ; VERGINIA    ;        ; CURITIBA;        ;      ;        ;        0;              150   ;        0.15  ; L       ;            2; DefaultPaintType;               0; 05/08/2025 08:48:47; FORMULA PARA CONTROLE DE QUALIDADE DE BASES AP TINTAS;        ; 0     ;                                                                                                                   ;     ; BE            ; BE            ; 10485760;       5    ;            5    ;               ;               ;         ;            ;                 ;               ;               ;         ;            ;                 ;               ;               ;         ;            ;                 ;               ;               ;     ;            ;                 ;               ;               ;     ;            ;                 ;               ;               ;     ;            ;                 ;           ;         ;          ;            ;           ;                 ; 2507070A3HS008
A3-HS      ; 05/08/2025 10:28:32; 20250508102832382;              1;        1; AP           ; AP           ; LATEXOR Fosco                  ; LATEXOR Fosco                  ; TINTA BASE AP                   ; TINTA BASE AP;                        ;                        ; VERGINIA    ;        ; CURITIBA;        ;      ;        ;        0;              150   ;        0.15  ; L       ;            2; DefaultPaintType;               0; 05/08/2025 08:48:47; FORMULA PARA CONTROLE DE QUALIDADE DE BASES AP TINTAS;        ; 0     ;                                                                                                                   ;     ; BE            ; BE            ; 10485760;       5    ;            5    ;               ;               ;         ;            ;                 ;               ;               ;         ;            ;                 ;               ;               ;         ;            ;                 ;               ;               ;     ;            ;                 ;               ;               ;     ;            ;                 ;               ;               ;     ;            ;                 ;           ;         ;          ;            ;           ;                 ; 2507070A3HS008
A3-HS      ; 05/08/2025 10:26:56; 20250508102656255;              1;        1; IM           ; IM           ; LATEXOR Fosco                  ; LATEXOR Fosco                  ; TINTA BASE BM                   ; TINTA BASE BM;                        ;                        ; VERGINIA    ;        ; CURITIBA;        ;      ;        ;        0;              150   ;        0.15  ; L       ;            2; DefaultPaintType;               0; 05/08/2025 08:52:23; FORMULA PARA CONTROLE DE BASES BM TINTAS             ;        ; 0     ;                                                                                                                   ;     ; BE            ; BE            ; 10485760;       6    ;            6    ; BA            ; BA            ; 16777215;       3    ;            3    ;               ;               ;         ;            ;                 ;               ;               ;         ;            ;                 ;               ;               ;     ;            ;                 ;               ;               ;     ;            ;                 ;               ;               ;     ;            ;                 ;           ;         ;          ;            ;           ;                 ; 2507070A3HS008
A3-HS      ; 05/08/2025 10:25:56; 20250508102556855;              1;        1; AP           ; AP           ; LATEXOR Fosco                  ; LATEXOR Fosco                  ; TINTA BASE AP                   ; TINTA BASE AP;                        ;                        ; VERGINIA    ;        ; CURITIBA;        ;      ;        ;        0;              150   ;        0.15  ; L       ;            2; DefaultPaintType;               0; 05/08/2025 08:48:47; FORMULA PARA CONTROLE DE QUALIDADE DE BASES AP TINTAS;        ; -1    ; E18 : Base-paint canister has been moved away Please don't move base-paint canister before dispensing is finished.;     ; BE            ; BE            ; 10485760;       5    ;            5    ;               ;               ;         ;            ;                 ;               ;               ;         ;            ;                 ;               ;               ;         ;            ;                 ;               ;               ;     ;            ;                 ;               ;               ;     ;            ;                 ;               ;               ;     ;            ;                 ;           ;         ;          ;            ;           ;                 ; 2507070A3HS008
A3-HS      ; 05/08/2025 10:15:44; 20250508101544952;              1;        1; IM           ; IM           ; LATEXOR Fosco                  ; LATEXOR Fosco                  ; TINTA BASE BM                   ; TINTA BASE BM;                        ;                        ; VERGINIA    ;        ; CURITIBA;        ;      ;        ;        0;              150   ;        0.15  ; L       ;            2; DefaultPaintType;               0; 05/08/2025 08:52:23; FORMULA PARA CONTROLE DE BASES BM TINTAS             ;        ; 0     ;                                                                                                                   ;     ; BE            ; BE            ; 10485760;       6    ;            6    ; BA            ; BA            ; 16777215;       3    ;            3    ;               ;               ;         ;            ;                 ;               ;               ;         ;            ;                 ;               ;               ;     ;            ;                 ;               ;               ;     ;            ;                 ;               ;               ;     ;            ;                 ;           ;         ;          ;            ;           ;                 ; 2507070A3HS008
A3-HS      ; 05/08/2025 10:09:48; 20250508100948154;              1;        1; AP           ; AP           ; LATEXOR Fosco                  ; LATEXOR Fosco                  ; TINTA BASE AP                   ; TINTA BASE AP;                        ;                        ; VERGINIA    ;        ; CURITIBA;        ;      ;        ;        0;              150   ;        0.15  ; L       ;            2; DefaultPaintType;               0; 05/08/2025 08:48:47; FORMULA PARA CONTROLE DE QUALIDADE DE BASES AP TINTAS;        ; -1    ; E18 : Base-paint canister has been moved away Please don't move base-paint canister before dispensing is finished.;     ; BE            ; BE            ; 10485760;       5    ;            5    ;               ;               ;         ;            ;                 ;               ;               ;         ;            ;                 ;               ;               ;         ;            ;                 ;               ;               ;     ;            ;                 ;               ;               ;     ;            ;                 ;               ;               ;     ;            ;                 ;           ;         ;          ;            ;           ;                 ; 2507070A3HS008
A3-HS      ; 05/08/2025 10:09:22; 20250508100922326;              1;        1; AP           ; AP           ; LATEXOR Fosco                  ; LATEXOR Fosco                  ; TINTA BASE AP                   ; TINTA BASE AP;                        ;                        ; VERGINIA    ;        ; CURITIBA;        ;      ;        ;        0;              150   ;        0.15  ; L       ;            2; DefaultPaintType;               0; 05/08/2025 08:48:47; FORMULA PARA CONTROLE DE QUALIDADE DE BASES AP TINTAS;        ; -1    ; E18 : Base-paint canister has been moved away Please don't move base-paint canister before dispensing is finished.;     ; BE            ; BE            ; 10485760;       5    ;            0    ;               ;               ;         ;            ;                 ;               ;               ;         ;            ;                 ;               ;               ;         ;            ;                 ;               ;               ;     ;            ;                 ;               ;               ;     ;            ;                 ;               ;               ;     ;            ;                 ;           ;         ;          ;            ;           ;                 ; 2507070A3HS008